,Unnamed: 0,Player,Weekly GrossBase Salary(IN EUR),Annual GrossBase Salary(IN EUR),"Adj. GrossBase Salary(2021, IN EUR)",Pos.,Age,Country,Team,League,Season
0,0,Kévin Bérigaud,"€ 13,269","€ 690,000","€ 713,945",F,28,France,Angers,Ligue 1,2016-2017
1,1,Famara Diédhiou,"€ 10,096","€ 525,000","€ 543,219",F,23,Senegal,Angers,Ligue 1,2016-2017
2,2,Thomas Mangani,"€ 10,096","€ 525,000","€ 543,219",M,29,France,Angers,Ligue 1,2016-2017
3,3,Karl Toko Ekambi,"€ 10,096","€ 525,000","€ 543,219",F,23,Cameroon,Angers,Ligue 1,2016-2017
4,4,Jamel Saihi,"€ 9,904","€ 515,000","€ 532,872",M,29,Tunisia,Angers,Ligue 1,2016-2017
5,5,Romain Thomas,"€ 8,692","€ 452,000","€ 467,686",D,28,France,Angers,Ligue 1,2016-2017
6,6,Pablo Martinez,"€ 8,615","€ 448,000","€ 463,547",D,27,France,Angers,Ligue 1,2016-2017
7,7,Yoann Andreu,"€ 7,577","€ 394,000","€ 407,673",D,27,France,Angers,Ligue 1,2016-2017
8,8,Alexandre Letellier,"€ 7,577","€ 394,000","€ 407,673",K,25,France,Angers,Ligue 1,2016-2017
9,9,Gilles Sunu,"€ 7,577","€ 394,000","€ 407,673",F,25,Togo,Angers,Ligue 1,2016-2017
10,10,Ismaël Traoré,"€ 7,577","€ 394,000","€ 407,673",D,29,Cote d'Ivoire,Angers,Ligue 1,2016-2017
11,11,Pierrick Capelle,"€ 7,577","€ 394,000","€ 407,673",M,29,France,Angers,Ligue 1,2016-2017
12,12,Vincent Manceau,"€ 7,577","€ 394,000","€ 407,673",D,26,France,Angers,Ligue 1,2016-2017
13,13,Flavien Tait,"€ 7,519","€ 391,000","€ 404,569",F,23,France,Angers,Ligue 1,2016-2017
14,14,Nicolas Pépé,"€ 7,481","€ 389,000","€ 402,499",F,21,Cote d'Ivoire,Angers,Ligue 1,2016-2017
15,15,Abdoulaye Bamba,"€ 7,462","€ 388,000","€ 401,465",D,26,Cote d'Ivoire,Angers,Ligue 1,2016-2017
16,16,Denis Petric,"€ 7,423","€ 386,000","€ 399,395",K,28,Serbia,Angers,Ligue 1,2016-2017
17,17,Mathieu Michel,"€ 7,346","€ 382,000","€ 395,256",K,24,France,Angers,Ligue 1,2016-2017
18,18,Mateo Pavlovic,"€ 7,250","€ 377,000","€ 390,083",D,26,Croatia,Angers,Ligue 1,2016-2017
19,19,Grégory Bourillon,"€ 6,462","€ 336,000","€ 347,660",D,32,France,Angers,Ligue 1,2016-2017
20,20,Mathias Serin,"€ 6,058","€ 315,000","€ 325,931",M,24,France,Angers,Ligue 1,2016-2017
21,21,Issa Cissokho,"€ 6,019","€ 313,000","€ 323,862",D,31,Senegal,Angers,Ligue 1,2016-2017
22,22,Dickson Nwakaeme,"€ 5,635","€ 293,000","€ 303,168",F,30,Nigeria,Angers,Ligue 1,2016-2017
23,23,Jonathan Bamba,"€ 3,962","€ 206,000","€ 213,149",F,20,France,Angers,Ligue 1,2016-2017
24,24,Ronan Touzet,"€ 1,231","€ 64,000","€ 66,221",D,18,France,Angers,Ligue 1,2016-2017
25,25,Gabriel Mutombo,€ 0,€ 0,€ 0,D,20,France,Angers,Ligue 1,2016-2017
26,26,Goran Karanovic,€ 0,€ 0,€ 0,F,28,Switzerland,Angers,Ligue 1,2016-2017
27,27,Kalifa Traoré,€ 0,€ 0,€ 0,D,25,Mali,Angers,Ligue 1,2016-2017
28,28,Cheikh N'Doye,€ 0,€ 0,€ 0,M,30,Senegal,Angers,Ligue 1,2016-2017
29,29,Billy Ketkeophomphone,€ 0,€ 0,€ 0,M,26,France,Angers,Ligue 1,2016-2017
30,30,Mehdi Tahrat,€ 0,€ 0,€ 0,D,26,Algeria,Angers,Ligue 1,2016-2017
31,31,Baptiste Santamaría,€ 0,€ 0,€ 0,M,21,France,Angers,Ligue 1,2016-2017
32,32,Yoane Wissa,€ 0,€ 0,€ 0,M,19,France,Angers,Ligue 1,2016-2017
33,33,Anthony Mandrea,€ 0,€ 0,€ 0,K,19,France,Angers,Ligue 1,2016-2017
34,34,Férébory Doré,€ 0,€ 0,€ 0,F,27,Congo,Angers,Ligue 1,2016-2017
35,35,Aïssa Laïdouni,€ 0,€ 0,€ 0,M,19,France,Angers,Ligue 1,2016-2017
0,0,Abdelhamid El Kaoutari,"€ 17,750","€ 923,000","€ 955,031",D,26,Morocco,Bastia,Ligue 1,2016-2017
1,1,Pierre Bengtsson,"€ 15,231","€ 792,000","€ 819,485",D,28,Sweden,Bastia,Ligue 1,2016-2017
2,2,Sébastien Squillaci,"€ 15,231","€ 792,000","€ 819,485",D,35,France,Bastia,Ligue 1,2016-2017
3,3,Allan Saint-Maximin,"€ 13,269","€ 690,000","€ 713,945",F,19,France,Bastia,Ligue 1,2016-2017
4,4,Prince Oniangué,"€ 11,115","€ 578,000","€ 598,058",M,27,Congo,Bastia,Ligue 1,2016-2017
5,5,Lenny Nangis,"€ 10,904","€ 567,000","€ 586,676",F,22,Guadeloupe,Bastia,Ligue 1,2016-2017
6,6,Lindsay Rose,"€ 10,442","€ 543,000","€ 561,844",D,24,Mauritius,Bastia,Ligue 1,2016-2017
7,7,Florian Marange,"€ 10,096","€ 525,000","€ 543,219",D,30,France,Bastia,Ligue 1,2016-2017
8,8,Mathieu Peybernes,"€ 9,904","€ 515,000","€ 532,872",D,25,France,Bastia,Ligue 1,2016-2017
9,9,Yannick Cahuzac,"€ 9,788","€ 509,000","€ 526,664",M,31,France,Bastia,Ligue 1,2016-2017
10,10,Florian Raspentino,"€ 9,750","€ 507,000","€ 524,594",F,27,France,Bastia,Ligue 1,2016-2017
11,11,Farid Boulaya,"€ 8,769","€ 456,000","€ 471,824",F,23,Algeria,Bastia,Ligue 1,2016-2017
12,12,Sadio Diallo,"€ 8,692","€ 452,000","€ 467,686",M,25,Guinea,Bastia,Ligue 1,2016-2017
13,13,Axel Ngando,"€ 8,519","€ 443,000","€ 458,373",M,22,France,Bastia,Ligue 1,2016-2017
14,14,Mehdi Mostefa,"€ 8,019","€ 417,000","€ 431,471",M,32,Algeria,Bastia,Ligue 1,2016-2017
15,15,Enzo Crivelli,"€ 7,692","€ 400,000","€ 413,881",F,21,France,Bastia,Ligue 1,2016-2017
16,16,Gilles Cioni,"€ 7,635","€ 397,000","€ 410,777",D,32,France,Bastia,Ligue 1,2016-2017
17,17,Gaël Danic,"€ 7,615","€ 396,000","€ 409,742",F,34,France,Bastia,Ligue 1,2016-2017
18,18,Jean-Louis Leca,"€ 6,654","€ 346,000","€ 358,007",K,30,France,Bastia,Ligue 1,2016-2017
19,19,Nicolas Saint-Ruf,"€ 6,250","€ 325,000","€ 336,278",D,23,France,Bastia,Ligue 1,2016-2017
20,20,Alexander Djiku,"€ 5,750","€ 299,000","€ 309,376",D,21,France,Bastia,Ligue 1,2016-2017
21,21,Abdoulaye Keita,"€ 4,769","€ 248,000","€ 256,606",M,22,Mali,Bastia,Ligue 1,2016-2017
22,22,Lassana Coulibaly,"€ 4,750","€ 247,000","€ 255,572",M,20,Mali,Bastia,Ligue 1,2016-2017
23,23,Alexis Thébaux,"€ 4,519","€ 235,000","€ 243,155",K,31,France,Bastia,Ligue 1,2016-2017
24,24,Thomas Vincensini,"€ 3,462","€ 180,000","€ 186,247",K,22,France,Bastia,Ligue 1,2016-2017
25,25,Geoffrey Acheampong,"€ 3,327","€ 173,000","€ 179,004",M,19,Ghana,Bastia,Ligue 1,2016-2017
26,26,Julien Benhaim,"€ 1,692","€ 88,000","€ 91,054",D,19,France,Bastia,Ligue 1,2016-2017
27,27,Lucas Triki,"€ 1,192","€ 62,000","€ 64,152",D,18,Morocco,Bastia,Ligue 1,2016-2017
28,28,Fodé Camara,"€ 1,096","€ 57,000","€ 58,978",D,18,Guinea,Bastia,Ligue 1,2016-2017
29,29,Sami Ben Amar,€ 288,"€ 15,000","€ 15,521",F,18,Morocco,Bastia,Ligue 1,2016-2017
30,30,Hugo Magnetti,€ 96,"€ 5,000","€ 5,174",M,18,France,Bastia,Ligue 1,2016-2017
31,31,Julien Romain,€ 0,€ 0,€ 0,F,20,France,Bastia,Ligue 1,2016-2017
32,32,Lyes Houri,€ 0,€ 0,€ 0,M,20,France,Bastia,Ligue 1,2016-2017
33,33,Jerson Cabral,€ 0,€ 0,€ 0,F,25,Cape Verde,Bastia,Ligue 1,2016-2017
34,34,Thievy Bifouma,€ 0,€ 0,€ 0,F,24,Congo,Bastia,Ligue 1,2016-2017
35,35,Ismaël Diallo,€ 0,€ 0,€ 0,D,19,Cote d'Ivoire,Bastia,Ligue 1,2016-2017
36,36,Paul Charruau,€ 0,€ 0,€ 0,K,22,France,Bastia,Ligue 1,2016-2017
0,0,Jérémy Ménez,"€ 54,385","€ 2,828,000","€ 2,926,139",F,29,France,Bordeaux,Ligue 1,2016-2017
1,1,Jérémy Toulalan,"€ 38,058","€ 1,979,000","€ 2,047,677",M,32,France,Bordeaux,Ligue 1,2016-2017
2,2,Grégory Sertic,"€ 33,154","€ 1,724,000","€ 1,783,828",M,26,France,Bordeaux,Ligue 1,2016-2017
3,3,Jaroslav Plasil,"€ 32,615","€ 1,696,000","€ 1,754,856",M,34,Czech Republic,Bordeaux,Ligue 1,2016-2017
4,4,Cédric Carrasso,"€ 30,462","€ 1,584,000","€ 1,638,969",K,34,France,Bordeaux,Ligue 1,2016-2017
5,5,Nicolas Pallois,"€ 23,923","€ 1,244,000","€ 1,287,170",D,28,France,Bordeaux,Ligue 1,2016-2017
6,6,Nicolas Maurice-Belay,"€ 22,096","€ 1,149,000","€ 1,188,873",F,31,France,Bordeaux,Ligue 1,2016-2017
7,7,Diego Contento,"€ 22,019","€ 1,145,000","€ 1,184,735",D,26,Germany,Bordeaux,Ligue 1,2016-2017
8,8,Youssouf Sabaly,"€ 19,827","€ 1,031,000","€ 1,066,779",D,23,Senegal,Bordeaux,Ligue 1,2016-2017
9,9,Malcom,"€ 17,673","€ 919,000","€ 950,892",F,19,Brazil,Bordeaux,Ligue 1,2016-2017
10,10,Adam Ounas,"€ 12,115","€ 630,000","€ 651,863",F,19,Algeria,Bordeaux,Ligue 1,2016-2017
11,11,Younousse Sankharé,"€ 12,096","€ 629,000","€ 650,828",M,26,Senegal,Bordeaux,Ligue 1,2016-2017
12,12,Igor Lewczuk,"€ 11,615","€ 604,000","€ 624,960",D,31,Poland,Bordeaux,Ligue 1,2016-2017
13,13,Mauro Arambarri,"€ 8,981","€ 467,000","€ 483,206",M,20,Uruguay,Bordeaux,Ligue 1,2016-2017
14,14,Milan Gajic,"€ 8,942","€ 465,000","€ 481,137",D,20,Serbia,Bordeaux,Ligue 1,2016-2017
15,15,François Kamano,"€ 8,885","€ 462,000","€ 478,033",F,20,Guinea,Bordeaux,Ligue 1,2016-2017
16,16,Jérôme Prior,"€ 8,269","€ 430,000","€ 444,922",K,20,France,Bordeaux,Ligue 1,2016-2017
17,17,Enzo Crivelli,"€ 7,692","€ 400,000","€ 413,881",F,21,France,Bordeaux,Ligue 1,2016-2017
18,18,Maxime Poundjé,"€ 7,692","€ 400,000","€ 413,881",D,23,France,Bordeaux,Ligue 1,2016-2017
19,19,Vukasin Jovanovic,"€ 6,692","€ 348,000","€ 360,077",D,20,Serbia,Bordeaux,Ligue 1,2016-2017
20,20,Théo Pellenard,"€ 6,269","€ 326,000","€ 337,313",D,22,France,Bordeaux,Ligue 1,2016-2017
21,21,Frédéric Guilbert,"€ 4,212","€ 219,000","€ 226,600",D,21,France,Bordeaux,Ligue 1,2016-2017
22,22,Paul Bernardoni,"€ 3,404","€ 177,000","€ 183,142",K,19,France,Bordeaux,Ligue 1,2016-2017
23,23,Daniel Mancini,"€ 3,404","€ 177,000","€ 183,142",M,19,Argentina,Bordeaux,Ligue 1,2016-2017
24,24,Jorris Romil,"€ 3,385","€ 176,000","€ 182,108",F,21,Guadeloupe,Bordeaux,Ligue 1,2016-2017
25,25,Abdou Traoré,"€ 3,308","€ 172,000","€ 177,969",M,28,Mali,Bordeaux,Ligue 1,2016-2017
26,26,Thomas Touré,"€ 1,269","€ 66,000","€ 68,290",F,22,Cote d'Ivoire,Bordeaux,Ligue 1,2016-2017
27,27,Gaëtan Laborde,"€ 1,096","€ 57,000","€ 58,978",F,22,France,Bordeaux,Ligue 1,2016-2017
28,28,Zaydou Youssouf,€ 923,"€ 48,000","€ 49,666",F,16,France,Bordeaux,Ligue 1,2016-2017
29,29,Isaac Kiese Thelin,€ 0,€ 0,€ 0,F,24,Sweden,Bordeaux,Ligue 1,2016-2017
30,30,Valentín Vada,€ 0,€ 0,€ 0,M,20,Argentina,Bordeaux,Ligue 1,2016-2017
31,31,Kévin Soni,€ 0,€ 0,€ 0,F,18,Cameroon,Bordeaux,Ligue 1,2016-2017
32,32,Younés Kaabouni,€ 0,€ 0,€ 0,M,21,France,Bordeaux,Ligue 1,2016-2017
33,33,Diego Rolán,€ 0,€ 0,€ 0,F,23,Uruguay,Bordeaux,Ligue 1,2016-2017
34,34,Cédric Yambéré,€ 0,€ 0,€ 0,D,25,Central African Republic,Bordeaux,Ligue 1,2016-2017
35,35,Pablo,€ 0,€ 0,€ 0,D,25,Brazil,Bordeaux,Ligue 1,2016-2017
0,0,Julien Féret,"€ 17,404","€ 905,000","€ 936,406",M,33,France,Caen,Ligue 1,2016-2017
1,1,Ivan Santini,"€ 15,231","€ 792,000","€ 819,485",F,27,Croatia,Caen,Ligue 1,2016-2017
2,2,Ronny Rodelin,"€ 15,231","€ 792,000","€ 819,485",F,26,France,Caen,Ligue 1,2016-2017
3,3,Jonathan Delaplace,"€ 13,192","€ 686,000","€ 709,806",M,30,France,Caen,Ligue 1,2016-2017
4,4,Damien Da Silva,"€ 12,115","€ 630,000","€ 651,863",D,28,France,Caen,Ligue 1,2016-2017
5,5,Vincent Bessat,"€ 10,885","€ 566,000","€ 585,642",D,30,France,Caen,Ligue 1,2016-2017
6,6,Rémy Vercoutre,"€ 10,885","€ 566,000","€ 585,642",K,36,France,Caen,Ligue 1,2016-2017
7,7,Romain Genevois,"€ 9,904","€ 515,000","€ 532,872",D,28,Haiti,Caen,Ligue 1,2016-2017
8,8,Steed Malbranque,"€ 9,904","€ 515,000","€ 532,872",M,36,France,Caen,Ligue 1,2016-2017
9,9,Nicolas Seube,"€ 8,808","€ 458,000","€ 473,894",M,36,France,Caen,Ligue 1,2016-2017
10,10,Ismaël Diomandé,"€ 8,808","€ 458,000","€ 473,894",M,23,Cote d'Ivoire,Caen,Ligue 1,2016-2017
11,11,Matthieu Dreyer,"€ 8,808","€ 458,000","€ 473,894",K,27,France,Caen,Ligue 1,2016-2017
12,12,Mouhamadou Dabo,"€ 8,692","€ 452,000","€ 467,686",D,29,France,Caen,Ligue 1,2016-2017
13,13,Emmanuel Imorou,"€ 8,692","€ 452,000","€ 467,686",D,27,Benin,Caen,Ligue 1,2016-2017
14,14,Jordan Adéoti,"€ 8,692","€ 452,000","€ 467,686",M,27,Benin,Caen,Ligue 1,2016-2017
15,15,Alaeddine Yahia,"€ 8,692","€ 452,000","€ 467,686",D,34,Tunisia,Caen,Ligue 1,2016-2017
16,16,Hervé Bazile,"€ 8,692","€ 452,000","€ 467,686",F,26,Haiti,Caen,Ligue 1,2016-2017
17,17,Jeff Louis,"€ 7,654","€ 398,000","€ 411,812",M,23,Haiti,Caen,Ligue 1,2016-2017
18,18,Syam Ben Youssef,"€ 6,596","€ 343,000","€ 354,903",D,27,Tunisia,Caen,Ligue 1,2016-2017
19,19,Chaker Alhadhur,"€ 4,404","€ 229,000","€ 236,947",D,24,Comoros,Caen,Ligue 1,2016-2017
20,20,Paul Reulet,"€ 4,404","€ 229,000","€ 236,947",K,22,France,Caen,Ligue 1,2016-2017
21,21,Frédéric Guilbert,"€ 4,212","€ 219,000","€ 226,600",D,21,France,Caen,Ligue 1,2016-2017
22,22,Pape Sané,"€ 3,827","€ 199,000","€ 205,906",F,24,Senegal,Caen,Ligue 1,2016-2017
23,23,Jean-Victor Makengo,"€ 1,750","€ 91,000","€ 94,158",M,18,France,Caen,Ligue 1,2016-2017
24,24,Yann Karamoh,"€ 1,750","€ 91,000","€ 94,158",F,17,France,Caen,Ligue 1,2016-2017
25,25,Jordan Leborgne,"€ 1,538","€ 80,000","€ 82,776",M,20,France,Caen,Ligue 1,2016-2017
26,26,Jordan Tell,€ 442,"€ 23,000","€ 23,798",F,19,France,Caen,Ligue 1,2016-2017
27,27,Durel Avounou,€ 442,"€ 23,000","€ 23,798",M,18,Congo,Caen,Ligue 1,2016-2017
28,28,Louis Deschateaux,€ 442,"€ 23,000","€ 23,798",K,19,France,Caen,Ligue 1,2016-2017
29,29,Valentin Voisin,€ 385,"€ 20,000","€ 20,694",M,20,France,Caen,Ligue 1,2016-2017
30,30,Christopher Operi,€ 192,"€ 10,000","€ 10,347",D,19,France,Caen,Ligue 1,2016-2017
31,31,Christian Kouakou,€ 0,€ 0,€ 0,F,25,Cote d'Ivoire,Caen,Ligue 1,2016-2017
32,32,Jordan N'Kololo,€ 0,€ 0,€ 0,F,23,Democratic Republic of Congo,Caen,Ligue 1,2016-2017
33,33,Adama Mbengue,€ 0,€ 0,€ 0,D,22,Senegal,Caen,Ligue 1,2016-2017
34,34,Florian Le Joncour,€ 0,€ 0,€ 0,D,21,France,Caen,Ligue 1,2016-2017
35,35,Exaucé Ngassaki,€ 0,€ 0,€ 0,F,19,Congo,Caen,Ligue 1,2016-2017
0,0,Marvin Martin,"€ 39,731","€ 2,066,000","€ 2,137,696",M,28,France,Dijon,Ligue 1,2016-2017
1,1,Mehdi Abeid,"€ 10,096","€ 525,000","€ 543,219",M,23,Algeria,Dijon,Ligue 1,2016-2017
2,2,Florent Balmont,"€ 9,788","€ 509,000","€ 526,664",M,36,France,Dijon,Ligue 1,2016-2017
3,3,Fouad Chafik,"€ 8,346","€ 434,000","€ 449,061",D,29,Morocco,Dijon,Ligue 1,2016-2017
4,4,Cédric Varrault,"€ 7,577","€ 394,000","€ 407,673",D,36,France,Dijon,Ligue 1,2016-2017
5,5,Yohann Rivière,"€ 6,808","€ 354,000","€ 366,285",F,31,France,Dijon,Ligue 1,2016-2017
6,6,Frédéric Sammaritano,"€ 6,308","€ 328,000","€ 339,383",M,30,France,Dijon,Ligue 1,2016-2017
7,7,Baptiste Reynet,"€ 6,308","€ 328,000","€ 339,383",K,25,France,Dijon,Ligue 1,2016-2017
8,8,Yunis Abdelhamid,"€ 6,308","€ 328,000","€ 339,383",D,28,Morocco,Dijon,Ligue 1,2016-2017
9,9,Vincent Rüfli,"€ 6,308","€ 328,000","€ 339,383",D,28,Switzerland,Dijon,Ligue 1,2016-2017
10,10,Loïs Diony,"€ 5,981","€ 311,000","€ 321,793",F,23,France,Dijon,Ligue 1,2016-2017
11,11,Dylan Bahamboula,"€ 5,827","€ 303,000","€ 313,515",M,21,Congo,Dijon,Ligue 1,2016-2017
12,12,Jordan Lotiès,"€ 5,442","€ 283,000","€ 292,821",D,31,France,Dijon,Ligue 1,2016-2017
13,13,Jérémie Bela,"€ 5,096","€ 265,000","€ 274,196",F,23,Angola,Dijon,Ligue 1,2016-2017
14,14,Ádám Lang,"€ 5,038","€ 262,000","€ 271,092",D,23,Hungary,Dijon,Ligue 1,2016-2017
15,15,Benjamin Leroy,"€ 5,038","€ 262,000","€ 271,092",K,27,France,Dijon,Ligue 1,2016-2017
16,16,Romain Amalfitano,"€ 4,846","€ 252,000","€ 260,745",M,26,France,Dijon,Ligue 1,2016-2017
17,17,Jordan Marié,"€ 4,827","€ 251,000","€ 259,710",M,24,France,Dijon,Ligue 1,2016-2017
18,18,Anthony Belmonte,"€ 4,058","€ 211,000","€ 218,322",M,20,France,Dijon,Ligue 1,2016-2017
19,19,Oussama Haddadi,"€ 3,308","€ 172,000","€ 177,969",D,24,Tunisia,Dijon,Ligue 1,2016-2017
20,20,Bobby Allain,"€ 2,077","€ 108,000","€ 111,748",K,24,France,Dijon,Ligue 1,2016-2017
21,21,Guillaume Sarrabayrouse,"€ 1,596","€ 83,000","€ 85,880",M,19,France,Dijon,Ligue 1,2016-2017
22,22,Valentin Rosier,"€ 1,173","€ 61,000","€ 63,117",D,19,France,Dijon,Ligue 1,2016-2017
23,23,Pierre Lees Melou,€ 0,€ 0,€ 0,M,23,France,Dijon,Ligue 1,2016-2017
24,24,Quentin Bernard,€ 0,€ 0,€ 0,D,26,France,Dijon,Ligue 1,2016-2017
25,25,Arnold Bouka Moutou,€ 0,€ 0,€ 0,D,27,Congo,Dijon,Ligue 1,2016-2017
26,26,Chang-hun Kwon,€ 0,€ 0,€ 0,F,22,South Korea,Dijon,Ligue 1,2016-2017
27,27,Johan Gastien,€ 0,€ 0,€ 0,M,28,France,Dijon,Ligue 1,2016-2017
28,28,Julio Tavarès,€ 0,€ 0,€ 0,F,27,Cape Verde,Dijon,Ligue 1,2016-2017
29,29,Erwan Maury,€ 0,€ 0,€ 0,M,20,France,Dijon,Ligue 1,2016-2017
30,30,Mamadou Thiam,€ 0,€ 0,€ 0,F,21,Senegal,Dijon,Ligue 1,2016-2017
31,31,Enzo Basilio,€ 0,€ 0,€ 0,K,21,France,Dijon,Ligue 1,2016-2017
32,32,Jessy Benet,€ 0,€ 0,€ 0,M,21,France,Dijon,Ligue 1,2016-2017
0,0,Jimmy Briand,"€ 17,404","€ 905,000","€ 936,406",F,30,France,Guingamp,Ligue 1,2016-2017
1,1,Mathieu Bodmer,"€ 17,404","€ 905,000","€ 936,406",M,33,France,Guingamp,Ligue 1,2016-2017
2,2,Jérémy Sorbon,"€ 11,365","€ 591,000","€ 611,509",D,32,France,Guingamp,Ligue 1,2016-2017
3,3,Yannis Salibur,"€ 11,365","€ 591,000","€ 611,509",F,25,France,Guingamp,Ligue 1,2016-2017
4,4,Lucas Deaux,"€ 9,788","€ 509,000","€ 526,664",M,27,France,Guingamp,Ligue 1,2016-2017
5,5,Sloan Privat,"€ 9,788","€ 509,000","€ 526,664",F,26,French Guiana,Guingamp,Ligue 1,2016-2017
6,6,Nill De Pauw,"€ 8,692","€ 452,000","€ 467,686",F,26,Belgium,Guingamp,Ligue 1,2016-2017
7,7,Reynald Lemaître,"€ 8,481","€ 441,000","€ 456,304",D,33,France,Guingamp,Ligue 1,2016-2017
8,8,Dorian Lévêque,"€ 8,442","€ 439,000","€ 454,235",D,26,France,Guingamp,Ligue 1,2016-2017
9,9,Jonathan Martins Pereira,"€ 8,346","€ 434,000","€ 449,061",D,30,France,Guingamp,Ligue 1,2016-2017
10,10,Romain Salin,"€ 7,885","€ 410,000","€ 424,228",K,31,France,Guingamp,Ligue 1,2016-2017
11,11,Thibault Giresse,"€ 7,577","€ 394,000","€ 407,673",M,35,France,Guingamp,Ligue 1,2016-2017
12,12,Karl-Johan Johnsson,"€ 7,577","€ 394,000","€ 407,673",K,26,Sweden,Guingamp,Ligue 1,2016-2017
13,13,Alexandre Mendy,"€ 7,231","€ 376,000","€ 389,048",F,22,France,Guingamp,Ligue 1,2016-2017
14,14,Johny Placide,"€ 6,885","€ 358,000","€ 370,424",K,28,Haiti,Guingamp,Ligue 1,2016-2017
15,15,Christophe Kerbrat,"€ 6,519","€ 339,000","€ 350,764",D,29,France,Guingamp,Ligue 1,2016-2017
16,16,Marcus Coco,"€ 6,308","€ 328,000","€ 339,383",F,20,France,Guingamp,Ligue 1,2016-2017
17,17,Jordan Ikoko,"€ 6,308","€ 328,000","€ 339,383",D,22,Democratic Republic of Congo,Guingamp,Ligue 1,2016-2017
18,18,Ludovic Blas,"€ 6,308","€ 328,000","€ 339,383",M,18,France,Guingamp,Ligue 1,2016-2017
19,19,Marçal,"€ 4,788","€ 249,000","€ 257,641",D,27,Brazil,Guingamp,Ligue 1,2016-2017
20,20,Jonathan Correia,"€ 2,154","€ 112,000","€ 115,887",M,22,Monaco,Guingamp,Ligue 1,2016-2017
21,21,Jérémy Livolant,"€ 2,115","€ 110,000","€ 113,817",M,18,France,Guingamp,Ligue 1,2016-2017
22,22,Sullivan Martinet,"€ 2,019","€ 105,000","€ 108,644",F,20,France,Guingamp,Ligue 1,2016-2017
23,23,Théo Guivarch,"€ 1,308","€ 68,000","€ 70,360",K,20,France,Guingamp,Ligue 1,2016-2017
24,24,Alexis Mane,€ 0,€ 0,€ 0,D,19,France,Guingamp,Ligue 1,2016-2017
25,25,Yvan Inzoudine,€ 0,€ 0,€ 0,D,19,France,Guingamp,Ligue 1,2016-2017
26,26,Karim Achahbar,€ 0,€ 0,€ 0,F,20,Morocco,Guingamp,Ligue 1,2016-2017
27,27,Franck Héry,€ 0,€ 0,€ 0,D,23,France,Guingamp,Ligue 1,2016-2017
28,28,Mattéo Ahlinvi,€ 0,€ 0,€ 0,M,16,France,Guingamp,Ligue 1,2016-2017
29,29,Mustapha Diallo,€ 0,€ 0,€ 0,M,30,Senegal,Guingamp,Ligue 1,2016-2017
30,30,Nicolas Benezet,€ 0,€ 0,€ 0,F,25,France,Guingamp,Ligue 1,2016-2017
31,31,Fousseni Diabaté,€ 0,€ 0,€ 0,F,20,Mali,Guingamp,Ligue 1,2016-2017
32,32,Étienne Didot,€ 0,€ 0,€ 0,M,32,France,Guingamp,Ligue 1,2016-2017
33,33,Benjamin Angoua,€ 0,€ 0,€ 0,D,29,Cote d'Ivoire,Guingamp,Ligue 1,2016-2017
34,34,Baissama Sankoh,€ 0,€ 0,€ 0,M,24,Guinea,Guingamp,Ligue 1,2016-2017
0,0,Ricardo Kishna,"€ 40,904","€ 2,127,000","€ 2,200,813",F,21,Netherlands,Lille,Ligue 1,2016-2017
1,1,Marvin Martin,"€ 39,731","€ 2,066,000","€ 2,137,696",M,28,France,Lille,Ligue 1,2016-2017
2,2,Éder,"€ 37,885","€ 1,970,000","€ 2,038,364",F,28,Portugal,Lille,Ligue 1,2016-2017
3,3,Marko Basa,"€ 34,808","€ 1,810,000","€ 1,872,812",D,33,Montenegro,Lille,Ligue 1,2016-2017
4,4,Rio Mavuba,"€ 34,808","€ 1,810,000","€ 1,872,812",M,32,France,Lille,Ligue 1,2016-2017
5,5,Vincent Enyeama,"€ 32,615","€ 1,696,000","€ 1,754,856",K,33,Nigeria,Lille,Ligue 1,2016-2017
6,6,Sébastien Corchia,"€ 26,327","€ 1,369,000","€ 1,416,508",D,25,France,Lille,Ligue 1,2016-2017
7,7,Julian Palmieri,"€ 22,731","€ 1,182,000","€ 1,223,019",D,29,France,Lille,Ligue 1,2016-2017
8,8,Eric Bauthéac,"€ 22,731","€ 1,182,000","€ 1,223,019",F,28,France,Lille,Ligue 1,2016-2017
9,9,Anwar El Ghazi,"€ 22,019","€ 1,145,000","€ 1,184,735",F,21,Netherlands,Lille,Ligue 1,2016-2017
10,10,Rony Lopes,"€ 22,019","€ 1,145,000","€ 1,184,735",F,20,Portugal,Lille,Ligue 1,2016-2017
11,11,Franck Béria,"€ 21,750","€ 1,131,000","€ 1,170,249",D,33,France,Lille,Ligue 1,2016-2017
12,12,Mounir Obbadi,"€ 16,154","€ 840,000","€ 869,150",M,33,Morocco,Lille,Ligue 1,2016-2017
13,13,Morgan Amalfitano,"€ 15,231","€ 792,000","€ 819,485",F,31,France,Lille,Ligue 1,2016-2017
14,14,Ibrahim Amadou,"€ 14,038","€ 730,000","€ 755,333",M,23,France,Lille,Ligue 1,2016-2017
15,15,Younousse Sankharé,"€ 12,096","€ 629,000","€ 650,828",M,26,Senegal,Lille,Ligue 1,2016-2017
16,16,Adama Soumaoro,"€ 11,596","€ 603,000","€ 623,926",D,24,France,Lille,Ligue 1,2016-2017
17,17,Lenny Nangis,"€ 10,904","€ 567,000","€ 586,676",F,22,Guadeloupe,Lille,Ligue 1,2016-2017
18,18,Nicolas de Préville,"€ 10,673","€ 555,000","€ 574,260",F,25,France,Lille,Ligue 1,2016-2017
19,19,Yassine Benzia,"€ 10,442","€ 543,000","€ 561,844",M,21,Algeria,Lille,Ligue 1,2016-2017
20,20,Naïm Sliti,"€ 10,115","€ 526,000","€ 544,254",F,23,Tunisia,Lille,Ligue 1,2016-2017
21,21,Farès Bahlouli,"€ 8,462","€ 440,000","€ 455,269",M,21,France,Lille,Ligue 1,2016-2017
22,22,Martin Terrier,"€ 6,519","€ 339,000","€ 350,764",F,19,France,Lille,Ligue 1,2016-2017
23,23,Mike Maignan,"€ 4,731","€ 246,000","€ 254,537",K,20,France,Lille,Ligue 1,2016-2017
24,24,Youssouf Koné,"€ 4,673","€ 243,000","€ 251,433",D,20,Mali,Lille,Ligue 1,2016-2017
25,25,Hamza Mendyl,"€ 3,846","€ 200,000","€ 206,941",D,18,Morocco,Lille,Ligue 1,2016-2017
26,26,Emmanuel Debordeaux,"€ 2,558","€ 133,000","€ 137,615",M,23,France,Lille,Ligue 1,2016-2017
27,27,Yves Bissouma,"€ 2,346","€ 122,000","€ 126,234",M,19,Mali,Lille,Ligue 1,2016-2017
28,28,Ryad Habbas,"€ 1,788","€ 93,000","€ 96,227",F,18,France,Lille,Ligue 1,2016-2017
29,29,Jean Butez,"€ 1,692","€ 88,000","€ 91,054",K,21,France,Lille,Ligue 1,2016-2017
30,30,Valentin Vanbaleghem,"€ 1,673","€ 87,000","€ 90,019",M,19,France,Lille,Ligue 1,2016-2017
31,31,Olivier Lesueur,"€ 1,346","€ 70,000","€ 72,429",D,18,France,Lille,Ligue 1,2016-2017
32,32,Xeka,€ 673,"€ 35,000","€ 36,215",M,21,Portugal,Lille,Ligue 1,2016-2017
33,33,Benjamin Pavard,€ 0,€ 0,€ 0,D,20,France,Lille,Ligue 1,2016-2017
34,34,Soualiho Meïté,€ 0,€ 0,€ 0,M,22,France,Lille,Ligue 1,2016-2017
35,35,Stoppila Sunzu,€ 0,€ 0,€ 0,D,27,Zambia,Lille,Ligue 1,2016-2017
36,36,Valère Pollet,€ 0,€ 0,€ 0,M,19,France,Lille,Ligue 1,2016-2017
37,37,Baptiste Guillaume,€ 0,€ 0,€ 0,F,21,Belgium,Lille,Ligue 1,2016-2017
38,38,Júnior Alonso,€ 0,€ 0,€ 0,D,23,Paraguay,Lille,Ligue 1,2016-2017
39,39,Alexis Araujo,€ 0,€ 0,€ 0,M,19,Portugal,Lille,Ligue 1,2016-2017
40,40,Lebo Mothiba,€ 0,€ 0,€ 0,F,20,South Africa,Lille,Ligue 1,2016-2017
41,41,Junior Tallo,€ 0,€ 0,€ 0,F,23,Cote d'Ivoire,Lille,Ligue 1,2016-2017
42,42,Renato Civelli,€ 0,€ 0,€ 0,D,32,Argentina,Lille,Ligue 1,2016-2017
43,43,Gabriel Magalhães,€ 0,€ 0,€ 0,D,18,Brazil,Lille,Ligue 1,2016-2017
44,44,Carlens Arcus,€ 0,€ 0,€ 0,D,20,Haiti,Lille,Ligue 1,2016-2017
45,45,Ryan Mendes,€ 0,€ 0,€ 0,F,26,Cape Verde,Lille,Ligue 1,2016-2017
0,0,Majeed Waris,"€ 15,231","€ 792,000","€ 819,485",F,24,Ghana,Lorient,Ligue 1,2016-2017
1,1,Benjamin Moukandjo,"€ 14,135","€ 735,000","€ 760,507",F,27,Cameroon,Lorient,Ligue 1,2016-2017
2,2,Michaël Ciani,"€ 12,615","€ 656,000","€ 678,765",D,32,France,Lorient,Ligue 1,2016-2017
3,3,Cafú,"€ 12,250","€ 637,000","€ 659,106",M,23,Portugal,Lorient,Ligue 1,2016-2017
4,4,Jimmy Cabot,"€ 11,154","€ 580,000","€ 600,128",M,22,France,Lorient,Ligue 1,2016-2017
5,5,Sylvain Marveaux,"€ 10,885","€ 566,000","€ 585,642",M,30,Martinique,Lorient,Ligue 1,2016-2017
6,6,Arnold Mvuemba,"€ 10,885","€ 566,000","€ 585,642",M,31,Democratic Republic of Congo,Lorient,Ligue 1,2016-2017
7,7,Lindsay Rose,"€ 10,442","€ 543,000","€ 561,844",D,24,Mauritius,Lorient,Ligue 1,2016-2017
8,8,Benjamin Jeannot,"€ 10,096","€ 525,000","€ 543,219",F,24,France,Lorient,Ligue 1,2016-2017
9,9,François Bellugou,"€ 10,096","€ 525,000","€ 543,219",D,29,France,Lorient,Ligue 1,2016-2017
10,10,Wesley Lautoa,"€ 10,096","€ 525,000","€ 543,219",D,28,France,Lorient,Ligue 1,2016-2017
11,11,Walid Mesloub,"€ 10,096","€ 525,000","€ 543,219",M,30,Algeria,Lorient,Ligue 1,2016-2017
12,12,Benjamin Lecomte,"€ 10,096","€ 525,000","€ 543,219",K,25,France,Lorient,Ligue 1,2016-2017
13,13,Zargo Touré,"€ 9,904","€ 515,000","€ 532,872",D,26,Senegal,Lorient,Ligue 1,2016-2017
14,14,Mathieu Peybernes,"€ 9,904","€ 515,000","€ 532,872",D,25,France,Lorient,Ligue 1,2016-2017
15,15,Romain Philippoteaux,"€ 9,038","€ 470,000","€ 486,310",M,28,France,Lorient,Ligue 1,2016-2017
16,16,Jérémie Aliadière,"€ 8,692","€ 452,000","€ 467,686",F,33,France,Lorient,Ligue 1,2016-2017
17,17,Maxime Barthelmé,"€ 8,692","€ 452,000","€ 467,686",M,27,France,Lorient,Ligue 1,2016-2017
18,18,Vincent Le Goff,"€ 8,404","€ 437,000","€ 452,165",D,26,France,Lorient,Ligue 1,2016-2017
19,19,Steven Moreira,"€ 7,981","€ 415,000","€ 429,402",D,21,France,Lorient,Ligue 1,2016-2017
20,20,Pape Paye,"€ 7,596","€ 395,000","€ 408,708",D,26,France,Lorient,Ligue 1,2016-2017
21,21,Paul Delecroix,"€ 7,269","€ 378,000","€ 391,118",K,27,France,Lorient,Ligue 1,2016-2017
22,22,Erwin Koffi,"€ 4,827","€ 251,000","€ 259,710",D,21,France,Lorient,Ligue 1,2016-2017
23,23,Pierre-Yves Hamel,"€ 3,327","€ 173,000","€ 179,004",F,22,France,Lorient,Ligue 1,2016-2017
24,24,Issam Ben Khemis,"€ 3,077","€ 160,000","€ 165,552",M,20,Tunisia,Lorient,Ligue 1,2016-2017
25,25,Mohamed Mara,"€ 3,038","€ 158,000","€ 163,483",F,19,Guinea,Lorient,Ligue 1,2016-2017
26,26,Bradley Mazikou,"€ 2,462","€ 128,000","€ 132,442",D,20,Congo,Lorient,Ligue 1,2016-2017
27,27,Alexis Claude-Maurice,"€ 1,923","€ 100,000","€ 103,470",M,18,France,Lorient,Ligue 1,2016-2017
28,28,Anthony Lamonge,"€ 1,904","€ 99,000","€ 102,436",K,20,France,Lorient,Ligue 1,2016-2017
29,29,Alexandre Lavenant,"€ 1,885","€ 98,000","€ 101,401",M,21,France,Lorient,Ligue 1,2016-2017
30,30,Ibrahima Conté,"€ 1,750","€ 91,000","€ 94,158",D,20,Guinea,Lorient,Ligue 1,2016-2017
31,31,Moryké Fofana,€ 0,€ 0,€ 0,F,24,Cote d'Ivoire,Lorient,Ligue 1,2016-2017
32,32,Mattéo Guendouzi,€ 0,€ 0,€ 0,M,17,France,Lorient,Ligue 1,2016-2017
33,33,Marvin Gakpa,€ 0,€ 0,€ 0,M,22,France,Lorient,Ligue 1,2016-2017
34,34,Valentin Lavigne,€ 0,€ 0,€ 0,F,22,France,Lorient,Ligue 1,2016-2017
35,35,Faïz Selemani,€ 0,€ 0,€ 0,F,22,Comoros,Lorient,Ligue 1,2016-2017
36,36,Didier Ndong,€ 0,€ 0,€ 0,M,22,Gabon,Lorient,Ligue 1,2016-2017
37,37,Denis Bouanga,€ 0,€ 0,€ 0,F,21,Gabon,Lorient,Ligue 1,2016-2017
38,38,Yohann Wachter,€ 0,€ 0,€ 0,D,24,Gabon,Lorient,Ligue 1,2016-2017
39,39,Pierre Lavenant,€ 0,€ 0,€ 0,M,20,France,Lorient,Ligue 1,2016-2017
40,40,Alhassan Wakaso,€ 0,€ 0,€ 0,M,24,Ghana,Lorient,Ligue 1,2016-2017
0,0,Memphis Depay,"€ 83,327","€ 4,333,000","€ 4,483,367",F,22,Netherlands,Lyon,Ligue 1,2016-2017
1,1,Mathieu Valbuena,"€ 77,038","€ 4,006,000","€ 4,145,019",F,31,France,Lyon,Ligue 1,2016-2017
2,2,Alexandre Lacazette,"€ 77,038","€ 4,006,000","€ 4,145,019",F,25,France,Lyon,Ligue 1,2016-2017
3,3,Nabil Fekir,"€ 66,038","€ 3,434,000","€ 3,553,169",M,22,France,Lyon,Ligue 1,2016-2017
4,4,Maxime Gonalons,"€ 55,019","€ 2,861,000","€ 2,960,285",M,27,France,Lyon,Ligue 1,2016-2017
5,5,Rafael,"€ 50,615","€ 2,632,000","€ 2,723,338",D,25,Brazil,Lyon,Ligue 1,2016-2017
6,6,Mapou Yanga-Mbiwa,"€ 48,423","€ 2,518,000","€ 2,605,382",D,27,France,Lyon,Ligue 1,2016-2017
7,7,Anthony Lopes,"€ 39,615","€ 2,060,000","€ 2,131,488",K,25,Portugal,Lyon,Ligue 1,2016-2017
8,8,Corentin Tolisso,"€ 37,423","€ 1,946,000","€ 2,013,532",M,21,France,Lyon,Ligue 1,2016-2017
9,9,Jordan Ferri,"€ 30,808","€ 1,602,000","€ 1,657,594",M,24,France,Lyon,Ligue 1,2016-2017
10,10,Jérémy Morel,"€ 26,404","€ 1,373,000","€ 1,420,647",D,32,Madagascar,Lyon,Ligue 1,2016-2017
11,11,Sergi Darder,"€ 24,212","€ 1,259,000","€ 1,302,691",M,22,Spain,Lyon,Ligue 1,2016-2017
12,12,Christophe Jallet,"€ 24,212","€ 1,259,000","€ 1,302,691",D,32,France,Lyon,Ligue 1,2016-2017
13,13,Maciej Rybus,"€ 14,827","€ 771,000","€ 797,756",D,26,Poland,Lyon,Ligue 1,2016-2017
14,14,Rachid Ghezzal,"€ 14,731","€ 766,000","€ 792,582",F,24,Algeria,Lyon,Ligue 1,2016-2017
15,15,Maxwel Cornet,"€ 14,615","€ 760,000","€ 786,374",F,19,Cote d'Ivoire,Lyon,Ligue 1,2016-2017
16,16,Emanuel Mammana,"€ 11,462","€ 596,000","€ 616,683",D,20,Argentina,Lyon,Ligue 1,2016-2017
17,17,Aldo Kalulu,"€ 7,558","€ 393,000","€ 406,638",F,20,France,Lyon,Ligue 1,2016-2017
18,18,Lucas Tousart,"€ 7,538","€ 392,000","€ 405,603",M,19,France,Lyon,Ligue 1,2016-2017
19,19,Mathieu Gorgelin,"€ 6,769","€ 352,000","€ 364,215",K,25,France,Lyon,Ligue 1,2016-2017
20,20,Mouctar Diakhaby,"€ 5,788","€ 301,000","€ 311,446",D,19,France,Lyon,Ligue 1,2016-2017
21,21,Jean-Philippe Mateta,"€ 3,981","€ 207,000","€ 214,183",F,19,France,Lyon,Ligue 1,2016-2017
22,22,Houssem Aouar,"€ 3,058","€ 159,000","€ 164,518",M,18,France,Lyon,Ligue 1,2016-2017
23,23,Jordy Gaspar,"€ 2,904","€ 151,000","€ 156,240",D,19,France,Lyon,Ligue 1,2016-2017
24,24,Myziane Maolida,"€ 2,269","€ 118,000","€ 122,095",F,17,France,Lyon,Ligue 1,2016-2017
25,25,Timothé Cognat,"€ 1,846","€ 96,000","€ 99,331",M,18,France,Lyon,Ligue 1,2016-2017
26,26,Lucas Mocio,"€ 1,308","€ 68,000","€ 70,360",K,22,France,Lyon,Ligue 1,2016-2017
27,27,Alan Dzabana,€ 788,"€ 41,000","€ 42,423",F,19,France,Lyon,Ligue 1,2016-2017
28,28,Olivier Kemen,€ 0,€ 0,€ 0,M,19,France,Lyon,Ligue 1,2016-2017
29,29,Louis Nganioni,€ 0,€ 0,€ 0,D,21,France,Lyon,Ligue 1,2016-2017
30,30,Gaëtan Perrin,€ 0,€ 0,€ 0,M,20,France,Lyon,Ligue 1,2016-2017
31,31,Romain Del Castillo,€ 0,€ 0,€ 0,F,20,France,Lyon,Ligue 1,2016-2017
32,32,Clément Grenier,€ 0,€ 0,€ 0,M,25,France,Lyon,Ligue 1,2016-2017
33,33,Nicolas N'Koulou,€ 0,€ 0,€ 0,D,26,Cameroon,Lyon,Ligue 1,2016-2017
0,0,Dimitri Payet,"€ 108,750","€ 5,655,000","€ 5,851,244",F,29,France,Marseille,Ligue 1,2016-2017
1,1,Bafétimbi Gomis,"€ 61,115","€ 3,178,000","€ 3,288,285",F,30,France,Marseille,Ligue 1,2016-2017
2,2,Florian Thauvin,"€ 52,192","€ 2,714,000","€ 2,808,183",F,23,France,Marseille,Ligue 1,2016-2017
3,3,Patrice Evra,"€ 46,038","€ 2,394,000","€ 2,477,078",D,35,France,Marseille,Ligue 1,2016-2017
4,4,Rémy Cabella,"€ 40,250","€ 2,093,000","€ 2,165,633",M,26,France,Marseille,Ligue 1,2016-2017
5,5,Morgan Sanson,"€ 37,808","€ 1,966,000","€ 2,034,226",M,21,France,Marseille,Ligue 1,2016-2017
6,6,Karim Rekik,"€ 35,885","€ 1,866,000","€ 1,930,755",D,21,Netherlands,Marseille,Ligue 1,2016-2017
7,7,Rolando,"€ 35,885","€ 1,866,000","€ 1,930,755",D,30,Portugal,Marseille,Ligue 1,2016-2017
8,8,Rod Fanni,"€ 34,808","€ 1,810,000","€ 1,872,812",D,34,France,Marseille,Ligue 1,2016-2017
9,9,Grégory Sertic,"€ 33,154","€ 1,724,000","€ 1,783,828",M,26,France,Marseille,Ligue 1,2016-2017
10,10,William Vainqueur,"€ 25,827","€ 1,343,000","€ 1,389,606",M,27,France,Marseille,Ligue 1,2016-2017
11,11,Henri Bedimo,"€ 22,019","€ 1,145,000","€ 1,184,735",D,32,Cameroon,Marseille,Ligue 1,2016-2017
12,12,Hiroki Sakai,"€ 21,538","€ 1,120,000","€ 1,158,867",D,26,Japan,Marseille,Ligue 1,2016-2017
13,13,Tomas Hubocan,"€ 21,538","€ 1,120,000","€ 1,158,867",D,30,Slovakia,Marseille,Ligue 1,2016-2017
14,14,Dória,"€ 15,192","€ 790,000","€ 817,415",D,21,Brazil,Marseille,Ligue 1,2016-2017
15,15,Bouna Sarr,"€ 13,212","€ 687,000","€ 710,841",D,24,France,Marseille,Ligue 1,2016-2017
16,16,Abou Diaby,"€ 8,808","€ 458,000","€ 473,894",M,30,France,Marseille,Ligue 1,2016-2017
17,17,Yohann Pelé,"€ 8,808","€ 458,000","€ 473,894",K,33,France,Marseille,Ligue 1,2016-2017
18,18,Zinédine Machach,"€ 7,692","€ 400,000","€ 413,881",M,20,France,Marseille,Ligue 1,2016-2017
19,19,Brice Samba,"€ 6,692","€ 348,000","€ 360,077",K,22,France,Marseille,Ligue 1,2016-2017
20,20,Aaron Leya Iseka,"€ 6,231","€ 324,000","€ 335,244",F,18,Belgium,Marseille,Ligue 1,2016-2017
21,21,Bill Tuiloma,"€ 5,750","€ 299,000","€ 309,376",D,21,New Zealand,Marseille,Ligue 1,2016-2017
22,22,Antoine Rabillard,"€ 2,250","€ 117,000","€ 121,060",F,20,France,Marseille,Ligue 1,2016-2017
23,23,Florian Escales,"€ 1,269","€ 66,000","€ 68,290",K,20,France,Marseille,Ligue 1,2016-2017
24,24,Boubacar Kamara,€ 904,"€ 47,000","€ 48,631",D,16,France,Marseille,Ligue 1,2016-2017
25,25,Clinton N'Jie,€ 0,€ 0,€ 0,F,22,Cameroon,Marseille,Ligue 1,2016-2017
26,26,Julien Da Costa,€ 0,€ 0,€ 0,D,20,France,Marseille,Ligue 1,2016-2017
27,27,Romain Alessandrini,€ 0,€ 0,€ 0,F,27,France,Marseille,Ligue 1,2016-2017
28,28,Saîf-Eddine Khaoui,€ 0,€ 0,€ 0,M,21,Tunisia,Marseille,Ligue 1,2016-2017
29,29,Gaël Andonian,€ 0,€ 0,€ 0,D,21,Armenia,Marseille,Ligue 1,2016-2017
30,30,Maxime López,€ 0,€ 0,€ 0,M,18,France,Marseille,Ligue 1,2016-2017
31,31,André Zambo Anguissa,€ 0,€ 0,€ 0,M,20,Cameroon,Marseille,Ligue 1,2016-2017
32,32,Lassana Diarra,€ 0,€ 0,€ 0,M,31,France,Marseille,Ligue 1,2016-2017
0,0,Cheick Diabaté,"€ 16,250","€ 845,000","€ 874,324",F,28,Mali,Metz,Ligue 1,2016-2017
1,1,Fallou Diagne,"€ 14,346","€ 746,000","€ 771,888",D,26,Senegal,Metz,Ligue 1,2016-2017
2,2,Milan Bisevac,"€ 13,038","€ 678,000","€ 701,528",D,32,Serbia,Metz,Ligue 1,2016-2017
3,3,Renaud Cohade,"€ 10,885","€ 566,000","€ 585,642",M,31,France,Metz,Ligue 1,2016-2017
4,4,Georges Mandjeck,"€ 10,096","€ 525,000","€ 543,219",M,27,Cameroon,Metz,Ligue 1,2016-2017
5,5,Yann Jouffre,"€ 8,692","€ 452,000","€ 467,686",M,31,France,Metz,Ligue 1,2016-2017
6,6,Simon Falette,"€ 8,692","€ 452,000","€ 467,686",D,24,Guinea,Metz,Ligue 1,2016-2017
7,7,Cheick Doukouré,"€ 8,692","€ 452,000","€ 467,686",M,23,Cote d'Ivoire,Metz,Ligue 1,2016-2017
8,8,Benoît Assou-Ekotto,"€ 8,692","€ 452,000","€ 467,686",D,32,Cameroon,Metz,Ligue 1,2016-2017
9,9,Franck Signorino,"€ 8,615","€ 448,000","€ 463,547",D,34,France,Metz,Ligue 1,2016-2017
10,10,Eiji Kawashima,"€ 8,135","€ 423,000","€ 437,679",K,33,Japan,Metz,Ligue 1,2016-2017
11,11,Opa Nguette,"€ 6,462","€ 336,000","€ 347,660",F,21,Senegal,Metz,Ligue 1,2016-2017
12,12,Jonathan Rivierez,"€ 6,308","€ 328,000","€ 339,383",D,27,France,Metz,Ligue 1,2016-2017
13,13,Florent Mollet,"€ 6,115","€ 318,000","€ 329,035",M,24,France,Metz,Ligue 1,2016-2017
14,14,Thomas Didillon,"€ 6,115","€ 318,000","€ 329,035",K,20,France,Metz,Ligue 1,2016-2017
15,15,Iván Balliu,"€ 5,269","€ 274,000","€ 283,509",D,24,Albania,Metz,Ligue 1,2016-2017
16,16,David Oberhauser,"€ 3,788","€ 197,000","€ 203,836",K,25,France,Metz,Ligue 1,2016-2017
17,17,Chris Philipps,"€ 3,327","€ 173,000","€ 179,004",M,22,Luxembourg,Metz,Ligue 1,2016-2017
18,18,Ismaïla Sarr,"€ 3,096","€ 161,000","€ 166,587",F,18,Senegal,Metz,Ligue 1,2016-2017
19,19,Matthieu Udol,"€ 2,212","€ 115,000","€ 118,991",D,20,France,Metz,Ligue 1,2016-2017
20,20,Gauthier Hein,"€ 1,731","€ 90,000","€ 93,123",F,19,France,Metz,Ligue 1,2016-2017
21,21,Moussa Seydi,"€ 1,692","€ 88,000","€ 91,054",F,19,Senegal,Metz,Ligue 1,2016-2017
22,22,Thibaut Vion,"€ 1,442","€ 75,000","€ 77,603",D,22,France,Metz,Ligue 1,2016-2017
23,23,Boris Mathis,"€ 1,231","€ 64,000","€ 66,221",F,18,France,Metz,Ligue 1,2016-2017
24,24,Lemouya Goudiaby,"€ 1,173","€ 61,000","€ 63,117",D,19,Senegal,Metz,Ligue 1,2016-2017
25,25,Vahid Selimovic,"€ 1,096","€ 57,000","€ 58,978",D,19,Luxembourg,Metz,Ligue 1,2016-2017
26,26,Youssef Maziz,€ 769,"€ 40,000","€ 41,388",M,18,France,Metz,Ligue 1,2016-2017
27,27,Nicolas Basin,€ 692,"€ 36,000","€ 37,249",D,17,France,Metz,Ligue 1,2016-2017
28,28,Vincent Thill,€ 615,"€ 32,000","€ 33,110",M,16,Luxembourg,Metz,Ligue 1,2016-2017
29,29,Kevin Lejeune,€ 0,€ 0,€ 0,M,31,France,Metz,Ligue 1,2016-2017
30,30,Guido Milán,€ 0,€ 0,€ 0,D,28,Argentina,Metz,Ligue 1,2016-2017
31,31,Habib Diallo,€ 0,€ 0,€ 0,F,21,Senegal,Metz,Ligue 1,2016-2017
32,32,Hamza Sakhi,€ 0,€ 0,€ 0,M,20,Morocco,Metz,Ligue 1,2016-2017
33,33,Alexis Larriere,€ 0,€ 0,€ 0,M,19,France,Metz,Ligue 1,2016-2017
34,34,Lucas Toussaint,€ 0,€ 0,€ 0,M,20,France,Metz,Ligue 1,2016-2017
35,35,Médéric Deher,€ 0,€ 0,€ 0,D,21,France,Metz,Ligue 1,2016-2017
36,36,Mevlüt Erdinc,€ 0,€ 0,€ 0,F,29,Turkey,Metz,Ligue 1,2016-2017
37,37,Oumar Gonzalez,€ 0,€ 0,€ 0,D,18,France,Metz,Ligue 1,2016-2017
38,38,Théodore Efouba Ayissi,€ 0,€ 0,€ 0,D,19,Cameroon,Metz,Ligue 1,2016-2017
0,0,João Moutinho,"€ 77,038","€ 4,006,000","€ 4,145,019",M,29,Portugal,Monaco,Ligue 1,2016-2017
1,1,Thomas Lemar,"€ 69,596","€ 3,619,000","€ 3,744,589",F,20,France,Monaco,Ligue 1,2016-2017
2,2,Benjamin Mendy,"€ 66,038","€ 3,434,000","€ 3,553,169",D,21,France,Monaco,Ligue 1,2016-2017
3,3,Kamil Glik,"€ 60,942","€ 3,169,000","€ 3,278,973",D,28,Poland,Monaco,Ligue 1,2016-2017
4,4,Jemerson,"€ 46,288","€ 2,407,000","€ 2,490,530",D,23,Brazil,Monaco,Ligue 1,2016-2017
5,5,Nabil Dirar,"€ 39,615","€ 2,060,000","€ 2,131,488",M,30,Morocco,Monaco,Ligue 1,2016-2017
6,6,Jorge,"€ 38,692","€ 2,012,000","€ 2,081,822",D,20,Brazil,Monaco,Ligue 1,2016-2017
7,7,Guido Carrillo,"€ 35,827","€ 1,863,000","€ 1,927,651",F,25,Argentina,Monaco,Ligue 1,2016-2017
8,8,Djibril Sidibé,"€ 35,231","€ 1,832,000","€ 1,895,575",D,23,France,Monaco,Ligue 1,2016-2017
9,9,Danijel Subasic,"€ 35,231","€ 1,832,000","€ 1,895,575",K,31,Croatia,Monaco,Ligue 1,2016-2017
10,10,Morgan De Sanctis,"€ 27,385","€ 1,424,000","€ 1,473,417",K,39,Italy,Monaco,Ligue 1,2016-2017
11,11,Fabinho,"€ 26,404","€ 1,373,000","€ 1,420,647",M,22,Brazil,Monaco,Ligue 1,2016-2017
12,12,Andrea Raggi,"€ 25,769","€ 1,340,000","€ 1,386,502",D,32,Italy,Monaco,Ligue 1,2016-2017
13,13,Valère Germain,"€ 24,269","€ 1,262,000","€ 1,305,795",F,26,France,Monaco,Ligue 1,2016-2017
14,14,Bernardo Silva,"€ 24,212","€ 1,259,000","€ 1,302,691",F,21,Portugal,Monaco,Ligue 1,2016-2017
15,15,Rony Lopes,"€ 22,019","€ 1,145,000","€ 1,184,735",F,20,Portugal,Monaco,Ligue 1,2016-2017
16,16,Kylian Mbappé,"€ 21,731","€ 1,130,000","€ 1,169,214",F,17,France,Monaco,Ligue 1,2016-2017
17,17,Almamy Touré,"€ 16,096","€ 837,000","€ 866,046",D,20,France,Monaco,Ligue 1,2016-2017
18,18,Allan Saint-Maximin,"€ 13,269","€ 690,000","€ 713,945",F,19,France,Monaco,Ligue 1,2016-2017
19,19,Corentin Jean,"€ 12,596","€ 655,000","€ 677,730",F,20,France,Monaco,Ligue 1,2016-2017
20,20,Youssef Aït Bennasser,"€ 11,250","€ 585,000","€ 605,301",M,19,Morocco,Monaco,Ligue 1,2016-2017
21,21,Abdou Diallo,"€ 10,115","€ 526,000","€ 544,254",D,20,France,Monaco,Ligue 1,2016-2017
22,22,Kévin N'Doram,"€ 8,365","€ 435,000","€ 450,096",M,20,France,Monaco,Ligue 1,2016-2017
23,23,Loïc Badiashile,"€ 4,115","€ 214,000","€ 221,426",K,18,France,Monaco,Ligue 1,2016-2017
24,24,Irvin Cardona,"€ 3,904","€ 203,000","€ 210,045",F,18,France,Monaco,Ligue 1,2016-2017
25,25,Corentin Tirard,"€ 3,846","€ 200,000","€ 206,941",F,20,France,Monaco,Ligue 1,2016-2017
26,26,Pierre-Daniel Nguinda,"€ 3,481","€ 181,000","€ 187,281",D,20,Cameroon,Monaco,Ligue 1,2016-2017
27,27,Tristan Muyumba,"€ 3,250","€ 169,000","€ 174,865",M,19,France,Monaco,Ligue 1,2016-2017
28,28,Yhoan Andzouana,"€ 2,923","€ 152,000","€ 157,275",F,19,Congo,Monaco,Ligue 1,2016-2017
29,29,Seydou Sy,"€ 2,615","€ 136,000","€ 140,720",K,20,Senegal,Monaco,Ligue 1,2016-2017
30,30,Dylan Beaulieu,"€ 2,019","€ 105,000","€ 108,644",M,19,France,Monaco,Ligue 1,2016-2017
31,31,Adrien Bongiovanni,"€ 1,481","€ 77,000","€ 79,672",F,16,Belgium,Monaco,Ligue 1,2016-2017
32,32,Ilyes Chaïbi,€ 0,€ 0,€ 0,F,19,France,Monaco,Ligue 1,2016-2017
33,33,Marcel Tisserand,€ 0,€ 0,€ 0,D,23,Democratic Republic of Congo,Monaco,Ligue 1,2016-2017
34,34,Dinis Almeida,€ 0,€ 0,€ 0,D,21,Portugal,Monaco,Ligue 1,2016-2017
35,35,Raphaël Diarra,€ 0,€ 0,€ 0,D,21,France,Monaco,Ligue 1,2016-2017
36,36,Safwan Mbaé,€ 0,€ 0,€ 0,D,19,France,Monaco,Ligue 1,2016-2017
37,37,Tiemoué Bakayoko,€ 0,€ 0,€ 0,M,21,France,Monaco,Ligue 1,2016-2017
38,38,Adama Traoré,€ 0,€ 0,€ 0,M,21,Mali,Monaco,Ligue 1,2016-2017
39,39,Jonathan Mexique,€ 0,€ 0,€ 0,M,21,France,Monaco,Ligue 1,2016-2017
40,40,Ivan Cavaleiro,€ 0,€ 0,€ 0,F,22,Portugal,Monaco,Ligue 1,2016-2017
41,41,Gabriel Boschilia,€ 0,€ 0,€ 0,M,20,Brazil,Monaco,Ligue 1,2016-2017
42,42,Falcao,€ 0,€ 0,€ 0,F,30,Colombia,Monaco,Ligue 1,2016-2017
43,43,Gil Dias,€ 0,€ 0,€ 0,F,19,Portugal,Monaco,Ligue 1,2016-2017
44,44,Kouadio-Yves Dabila,€ 0,€ 0,€ 0,D,19,Cote d'Ivoire,Monaco,Ligue 1,2016-2017
45,45,Elderson,€ 0,€ 0,€ 0,D,28,Nigeria,Monaco,Ligue 1,2016-2017
46,46,Lacina Traoré,€ 0,€ 0,€ 0,F,26,Cote d'Ivoire,Monaco,Ligue 1,2016-2017
0,0,Morgan Sanson,"€ 37,808","€ 1,966,000","€ 2,034,226",M,21,France,Montpellier,Ligue 1,2016-2017
1,1,Souleymane Camara,"€ 18,058","€ 939,000","€ 971,586",F,33,Senegal,Montpellier,Ligue 1,2016-2017
2,2,Ryad Boudebouz,"€ 17,404","€ 905,000","€ 936,406",M,26,Algeria,Montpellier,Ligue 1,2016-2017
3,3,Anthony Vanden Borre,"€ 14,346","€ 746,000","€ 771,888",D,28,Belgium,Montpellier,Ligue 1,2016-2017
4,4,Kévin Bérigaud,"€ 13,269","€ 690,000","€ 713,945",F,28,France,Montpellier,Ligue 1,2016-2017
5,5,Hilton,"€ 13,038","€ 678,000","€ 701,528",D,38,Brazil,Montpellier,Ligue 1,2016-2017
6,6,Daniel Congré,"€ 13,038","€ 678,000","€ 701,528",D,31,France,Montpellier,Ligue 1,2016-2017
7,7,Geoffrey Jourdren,"€ 13,038","€ 678,000","€ 701,528",K,30,France,Montpellier,Ligue 1,2016-2017
8,8,Steve Mounié,"€ 11,519","€ 599,000","€ 619,787",F,21,Benin,Montpellier,Ligue 1,2016-2017
9,9,Casimir Ninga,"€ 11,365","€ 591,000","€ 611,509",F,23,Chad,Montpellier,Ligue 1,2016-2017
10,10,Mathieu Deplagne,"€ 11,250","€ 585,000","€ 605,301",D,24,France,Montpellier,Ligue 1,2016-2017
11,11,Ellyes Skhiri,"€ 11,038","€ 574,000","€ 593,919",M,21,Tunisia,Montpellier,Ligue 1,2016-2017
12,12,Jonathan Ikoné,"€ 10,904","€ 567,000","€ 586,676",M,18,France,Montpellier,Ligue 1,2016-2017
13,13,Lukas Pokorny,"€ 10,269","€ 534,000","€ 552,531",D,22,Czech Republic,Montpellier,Ligue 1,2016-2017
14,14,Joris Marveaux,"€ 10,173","€ 529,000","€ 547,358",M,33,Martinique,Montpellier,Ligue 1,2016-2017
15,15,Paul Lasne,"€ 10,096","€ 525,000","€ 543,219",M,27,France,Montpellier,Ligue 1,2016-2017
16,16,Jérôme Roussillon,"€ 10,096","€ 525,000","€ 543,219",D,23,France,Montpellier,Ligue 1,2016-2017
17,17,Laurent Pionnier,"€ 10,096","€ 525,000","€ 543,219",K,34,France,Montpellier,Ligue 1,2016-2017
18,18,Jamel Saihi,"€ 9,904","€ 515,000","€ 532,872",M,29,Tunisia,Montpellier,Ligue 1,2016-2017
19,19,Keagan Dolly,"€ 9,269","€ 482,000","€ 498,727",F,23,South Africa,Montpellier,Ligue 1,2016-2017
20,20,William Rémy,"€ 9,096","€ 473,000","€ 489,414",D,25,France,Montpellier,Ligue 1,2016-2017
21,21,Cédric Mongongu,"€ 8,577","€ 446,000","€ 461,477",D,27,Democratic Republic of Congo,Montpellier,Ligue 1,2016-2017
22,22,Yacouba Sylla,"€ 8,231","€ 428,000","€ 442,853",M,25,Mali,Montpellier,Ligue 1,2016-2017
23,23,Isaac Mbenza,"€ 7,173","€ 373,000","€ 385,944",F,20,Belgium,Montpellier,Ligue 1,2016-2017
24,24,Nicolas Saint-Ruf,"€ 6,250","€ 325,000","€ 336,278",D,23,France,Montpellier,Ligue 1,2016-2017
25,25,Nordi Mukiele,"€ 5,231","€ 272,000","€ 281,439",D,18,France,Montpellier,Ligue 1,2016-2017
26,26,Jonathan Ligali,"€ 3,981","€ 207,000","€ 214,183",K,25,France,Montpellier,Ligue 1,2016-2017
27,27,Killian Sanson,"€ 1,731","€ 90,000","€ 93,123",M,19,France,Montpellier,Ligue 1,2016-2017
28,28,Morgan Poaty,"€ 1,673","€ 87,000","€ 90,019",D,18,France,Montpellier,Ligue 1,2016-2017
29,29,Pierrick Fito,"€ 1,654","€ 86,000","€ 88,984",M,20,France,Montpellier,Ligue 1,2016-2017
30,30,Bryan Passi,"€ 1,385","€ 72,000","€ 74,499",D,18,France,Montpellier,Ligue 1,2016-2017
31,31,Alexandre Llovet,"€ 1,365","€ 71,000","€ 73,464",F,18,France,Montpellier,Ligue 1,2016-2017
32,32,Dimitry Bertaud,€ 769,"€ 40,000","€ 41,388",K,18,France,Montpellier,Ligue 1,2016-2017
33,33,Mamadou N'Diaye,€ 0,€ 0,€ 0,D,21,Senegal,Montpellier,Ligue 1,2016-2017
34,34,Stéphane Sessègnon,€ 0,€ 0,€ 0,M,32,Benin,Montpellier,Ligue 1,2016-2017
0,0,Youssef Aït Bennasser,"€ 11,250","€ 585,000","€ 605,301",M,19,Morocco,Nancy,Ligue 1,2016-2017
1,1,Issiar Dia,"€ 11,000","€ 572,000","€ 591,850",F,29,Senegal,Nancy,Ligue 1,2016-2017
2,2,Youssouf Hadji,"€ 11,000","€ 572,000","€ 591,850",F,36,Morocco,Nancy,Ligue 1,2016-2017
3,3,Christophe Mandanne,"€ 8,808","€ 458,000","€ 473,894",F,31,France,Nancy,Ligue 1,2016-2017
4,4,Anthony Koura,"€ 8,808","€ 458,000","€ 473,894",F,23,Burkina Faso,Nancy,Ligue 1,2016-2017
5,5,Loïc Puyo,"€ 8,462","€ 440,000","€ 455,269",M,27,France,Nancy,Ligue 1,2016-2017
6,6,Joffrey Cuffaut,"€ 7,673","€ 399,000","€ 412,846",D,28,France,Nancy,Ligue 1,2016-2017
7,7,Serge N'Guessan,"€ 7,538","€ 392,000","€ 405,603",M,21,Cote d'Ivoire,Nancy,Ligue 1,2016-2017
8,8,Erick Cabaco,"€ 6,596","€ 343,000","€ 354,903",D,21,Uruguay,Nancy,Ligue 1,2016-2017
9,9,Vincent Marchetti,"€ 6,481","€ 337,000","€ 348,695",M,18,France,Nancy,Ligue 1,2016-2017
10,10,Vincent Muratori,"€ 6,385","€ 332,000","€ 343,521",D,28,France,Nancy,Ligue 1,2016-2017
11,11,Sergey Chernik,"€ 6,327","€ 329,000","€ 340,417",K,27,Belarus,Nancy,Ligue 1,2016-2017
12,12,Alexis Busin,"€ 5,846","€ 304,000","€ 314,550",F,20,France,Nancy,Ligue 1,2016-2017
13,13,Alou Diarra,"€ 5,500","€ 286,000","€ 295,925",M,34,France,Nancy,Ligue 1,2016-2017
14,14,Karim Coulibaly,"€ 4,904","€ 255,000","€ 263,849",F,23,France,Nancy,Ligue 1,2016-2017
15,15,Modou Diagne,"€ 4,808","€ 250,000","€ 258,676",D,22,Senegal,Nancy,Ligue 1,2016-2017
16,16,Tobias Badila,"€ 4,788","€ 249,000","€ 257,641",D,23,Congo,Nancy,Ligue 1,2016-2017
17,17,Benoît Pedretti,"€ 4,404","€ 229,000","€ 236,947",M,35,France,Nancy,Ligue 1,2016-2017
18,18,Yann Mabella,"€ 3,615","€ 188,000","€ 194,524",F,20,France,Nancy,Ligue 1,2016-2017
19,19,Faitout Maouassa,"€ 2,308","€ 120,000","€ 124,164",D,17,France,Nancy,Ligue 1,2016-2017
20,20,Amine Bassi,"€ 1,404","€ 73,000","€ 75,533",M,18,Morocco,Nancy,Ligue 1,2016-2017
21,21,Alexandre Menay,"€ 1,058","€ 55,000","€ 56,909",K,19,France,Nancy,Ligue 1,2016-2017
22,22,Ryan Bidounga,€ 923,"€ 48,000","€ 49,666",D,19,France,Nancy,Ligue 1,2016-2017
23,23,Mickaël Chrétien Basser,€ 0,€ 0,€ 0,D,31,Morocco,Nancy,Ligue 1,2016-2017
24,24,Maurice Dalé,€ 0,€ 0,€ 0,F,30,France,Nancy,Ligue 1,2016-2017
25,25,Julien Cetout,€ 0,€ 0,€ 0,D,28,France,Nancy,Ligue 1,2016-2017
26,26,Guy Ndy Assembé,€ 0,€ 0,€ 0,K,30,Cameroon,Nancy,Ligue 1,2016-2017
27,27,Diallo Guidileye,€ 0,€ 0,€ 0,M,26,Mauritania,Nancy,Ligue 1,2016-2017
28,28,Clément Lenglet,€ 0,€ 0,€ 0,D,21,France,Nancy,Ligue 1,2016-2017
29,29,Anthony Robic,€ 0,€ 0,€ 0,F,30,France,Nancy,Ligue 1,2016-2017
0,0,Felipe Pardo,"€ 18,981","€ 987,000","€ 1,021,252",F,25,Colombia,Nantes,Ligue 1,2016-2017
1,1,Guillaume Gillet,"€ 18,481","€ 961,000","€ 994,349",M,32,Belgium,Nantes,Ligue 1,2016-2017
2,2,Rémy Riou,"€ 12,615","€ 656,000","€ 678,765",K,28,France,Nantes,Ligue 1,2016-2017
3,3,Mariusz Stepinski,"€ 10,885","€ 566,000","€ 585,642",F,21,Poland,Nantes,Ligue 1,2016-2017
4,4,Emiliano Sala,"€ 10,885","€ 566,000","€ 585,642",F,25,Argentina,Nantes,Ligue 1,2016-2017
5,5,Adrien Thomasson,"€ 10,096","€ 525,000","€ 543,219",M,22,France,Nantes,Ligue 1,2016-2017
6,6,Jules Iloki,"€ 8,981","€ 467,000","€ 483,206",M,24,France,Nantes,Ligue 1,2016-2017
7,7,Prejuce Nakoulma,"€ 8,750","€ 455,000","€ 470,790",F,29,Burkina Faso,Nantes,Ligue 1,2016-2017
8,8,Oswaldo Vizcarrondo,"€ 8,692","€ 452,000","€ 467,686",D,32,Venezuela,Nantes,Ligue 1,2016-2017
9,9,Diego Carlos,"€ 8,692","€ 452,000","€ 467,686",D,23,Brazil,Nantes,Ligue 1,2016-2017
10,10,Léo Dubois,"€ 7,692","€ 400,000","€ 413,881",D,21,France,Nantes,Ligue 1,2016-2017
11,11,Wilfried Moimbé,"€ 7,615","€ 396,000","€ 409,742",D,27,France,Nantes,Ligue 1,2016-2017
12,12,Koffi Djidji,"€ 7,577","€ 394,000","€ 407,673",D,23,Cote d'Ivoire,Nantes,Ligue 1,2016-2017
13,13,Yacine Bammou,"€ 7,577","€ 394,000","€ 407,673",F,24,Morocco,Nantes,Ligue 1,2016-2017
14,14,Alexander Kacaniklic,"€ 7,577","€ 394,000","€ 407,673",M,24,Sweden,Nantes,Ligue 1,2016-2017
15,15,Valentin Rongier,"€ 7,577","€ 394,000","€ 407,673",M,21,France,Nantes,Ligue 1,2016-2017
16,16,Sérgio Oliveira,"€ 7,327","€ 381,000","€ 394,222",M,24,Portugal,Nantes,Ligue 1,2016-2017
17,17,Amine Harit,"€ 6,519","€ 339,000","€ 350,764",M,19,Morocco,Nantes,Ligue 1,2016-2017
18,18,Lucas Lima,"€ 6,519","€ 339,000","€ 350,764",D,24,Brazil,Nantes,Ligue 1,2016-2017
19,19,Abdoulaye Touré,"€ 5,615","€ 292,000","€ 302,133",M,22,Guinea,Nantes,Ligue 1,2016-2017
20,20,Maxime Dupé,"€ 3,923","€ 204,000","€ 211,079",K,23,France,Nantes,Ligue 1,2016-2017
21,21,Enock Kwateng,"€ 3,692","€ 192,000","€ 198,663",D,19,France,Nantes,Ligue 1,2016-2017
22,22,Alexis Alégué,"€ 2,885","€ 150,000","€ 155,205",M,19,Cameroon,Nantes,Ligue 1,2016-2017
23,23,Anthony Walongwa,"€ 2,231","€ 116,000","€ 120,026",D,22,Democratic Republic of Congo,Nantes,Ligue 1,2016-2017
24,24,Quentin Braat,"€ 1,269","€ 66,000","€ 68,290",K,18,France,Nantes,Ligue 1,2016-2017
25,25,Alexandre Olliero,€ 577,"€ 30,000","€ 31,041",K,20,France,Nantes,Ligue 1,2016-2017
26,26,Fernando Aristeguieta,€ 0,€ 0,€ 0,F,24,Venezuela,Nantes,Ligue 1,2016-2017
27,27,Kolbeinn Sigthórsson,€ 0,€ 0,€ 0,F,26,Iceland,Nantes,Ligue 1,2016-2017
28,28,Randal Kolo Muani,€ 0,€ 0,€ 0,F,17,Democratic Republic of Congo,Nantes,Ligue 1,2016-2017
29,29,Nicolaj Thomsen,€ 0,€ 0,€ 0,M,23,Denmark,Nantes,Ligue 1,2016-2017
0,0,Mario Balotelli,"€ 97,885","€ 5,090,000","€ 5,266,637",F,25,Italy,Nice,Ligue 1,2016-2017
1,1,Dante,"€ 54,385","€ 2,828,000","€ 2,926,139",D,32,Brazil,Nice,Ligue 1,2016-2017
2,2,Mathieu Bodmer,"€ 17,404","€ 905,000","€ 936,406",M,33,France,Nice,Ligue 1,2016-2017
3,3,Mounir Obbadi,"€ 16,154","€ 840,000","€ 869,150",M,33,Morocco,Nice,Ligue 1,2016-2017
4,4,Paul Baysse,"€ 16,115","€ 838,000","€ 867,081",D,28,France,Nice,Ligue 1,2016-2017
5,5,Dalbert,"€ 13,885","€ 722,000","€ 747,055",D,22,Brazil,Nice,Ligue 1,2016-2017
6,6,Alexy Bosetti,"€ 11,904","€ 619,000","€ 640,481",F,23,France,Nice,Ligue 1,2016-2017
7,7,Wylan Cyprien,"€ 10,096","€ 525,000","€ 543,219",M,21,France,Nice,Ligue 1,2016-2017
8,8,Yoan Cardinale,"€ 10,096","€ 525,000","€ 543,219",K,22,France,Nice,Ligue 1,2016-2017
9,9,Valentin Eysseric,"€ 9,019","€ 469,000","€ 485,276",M,24,France,Nice,Ligue 1,2016-2017
10,10,Malang Sarr,"€ 8,692","€ 452,000","€ 467,686",D,17,France,Nice,Ligue 1,2016-2017
11,11,Vincent Koziello,"€ 8,692","€ 452,000","€ 467,686",M,20,France,Nice,Ligue 1,2016-2017
12,12,Arnaud Lusamba,"€ 8,654","€ 450,000","€ 465,616",M,19,France,Nice,Ligue 1,2016-2017
13,13,Mickaël Le Bihan,"€ 8,327","€ 433,000","€ 448,026",F,26,France,Nice,Ligue 1,2016-2017
14,14,Arnaud Souquet,"€ 7,615","€ 396,000","€ 409,742",D,24,France,Nice,Ligue 1,2016-2017
15,15,Simon Pouplin,"€ 7,365","€ 383,000","€ 396,291",K,31,France,Nice,Ligue 1,2016-2017
16,16,Maxime Le Marchand,"€ 6,231","€ 324,000","€ 335,244",D,26,France,Nice,Ligue 1,2016-2017
17,17,Bassem Srarfi,"€ 4,962","€ 258,000","€ 266,953",F,19,Tunisia,Nice,Ligue 1,2016-2017
18,18,Ricardo Pereira,"€ 4,788","€ 249,000","€ 257,641",D,22,Portugal,Nice,Ligue 1,2016-2017
19,19,Anastasios Donis,"€ 4,673","€ 243,000","€ 251,433",F,19,Greece,Nice,Ligue 1,2016-2017
20,20,Walter Benítez,"€ 4,654","€ 242,000","€ 250,398",K,23,Argentina,Nice,Ligue 1,2016-2017
21,21,Olivier Boscagli,"€ 4,481","€ 233,000","€ 241,086",D,18,France,Nice,Ligue 1,2016-2017
22,22,Albert Rafetraniaina,"€ 4,288","€ 223,000","€ 230,739",M,19,Madagascar,Nice,Ligue 1,2016-2017
23,23,Bryan Constant,"€ 2,827","€ 147,000","€ 152,101",F,22,France,Nice,Ligue 1,2016-2017
24,24,Romain Perraud,"€ 2,558","€ 133,000","€ 137,615",D,18,France,Nice,Ligue 1,2016-2017
25,25,Vincent Marcel,"€ 2,077","€ 108,000","€ 111,748",M,19,France,Nice,Ligue 1,2016-2017
26,26,Patrick Burner,"€ 2,058","€ 107,000","€ 110,713",D,20,France,Nice,Ligue 1,2016-2017
27,27,Gautier Lloris,"€ 1,750","€ 91,000","€ 94,158",D,20,France,Nice,Ligue 1,2016-2017
28,28,Joakim Balmy,"€ 1,731","€ 90,000","€ 93,123",D,18,France,Nice,Ligue 1,2016-2017
29,29,Hicham Mahou,€ 885,"€ 46,000","€ 47,596",F,16,France,Nice,Ligue 1,2016-2017
30,30,Younès Belhanda,€ 0,€ 0,€ 0,M,26,Morocco,Nice,Ligue 1,2016-2017
31,31,Dorian Caddy,€ 0,€ 0,€ 0,F,21,France,Nice,Ligue 1,2016-2017
32,32,Franck Honorat,€ 0,€ 0,€ 0,F,19,France,Nice,Ligue 1,2016-2017
33,33,Jean Michaël Seri,€ 0,€ 0,€ 0,M,24,Cote d'Ivoire,Nice,Ligue 1,2016-2017
34,34,Julien Vercauteren,€ 0,€ 0,€ 0,M,23,Belgium,Nice,Ligue 1,2016-2017
35,35,Mouez Hassen,€ 0,€ 0,€ 0,K,21,Tunisia,Nice,Ligue 1,2016-2017
36,36,Rémi Walter,€ 0,€ 0,€ 0,M,21,France,Nice,Ligue 1,2016-2017
37,37,Saïd Benrahma,€ 0,€ 0,€ 0,F,20,Algeria,Nice,Ligue 1,2016-2017
38,38,Alassane Plea,€ 0,€ 0,€ 0,F,23,France,Nice,Ligue 1,2016-2017
0,0,Thiago Silva,"€ 239,269","€ 12,442,000","€ 12,873,772",D,31,Brazil,Psg,Ligue 1,2016-2017
1,1,Ángel Di María,"€ 195,769","€ 10,180,000","€ 10,533,274",F,28,Argentina,Psg,Ligue 1,2016-2017
2,2,Hatem Ben Arfa,"€ 181,846","€ 9,456,000","€ 9,784,150",M,29,France,Psg,Ligue 1,2016-2017
3,3,Thiago Motta,"€ 174,019","€ 9,049,000","€ 9,363,025",M,33,Italy,Psg,Ligue 1,2016-2017
4,4,Marco Verratti,"€ 174,019","€ 9,049,000","€ 9,363,025",M,23,Italy,Psg,Ligue 1,2016-2017
5,5,Edinson Cavani,"€ 174,019","€ 9,049,000","€ 9,363,025",F,29,Uruguay,Psg,Ligue 1,2016-2017
6,6,Javier Pastore,"€ 167,481","€ 8,709,000","€ 9,011,227",M,27,Argentina,Psg,Ligue 1,2016-2017
7,7,Blaise Matuidi,"€ 163,135","€ 8,483,000","€ 8,777,384",M,29,France,Psg,Ligue 1,2016-2017
8,8,Layvin Kurzawa,"€ 110,442","€ 5,743,000","€ 5,942,298",D,23,France,Psg,Ligue 1,2016-2017
9,9,Julian Draxler,"€ 92,673","€ 4,819,000","€ 4,986,233",F,22,Germany,Psg,Ligue 1,2016-2017
10,10,Maxwell,"€ 88,346","€ 4,594,000","€ 4,753,425",D,34,Brazil,Psg,Ligue 1,2016-2017
11,11,Kevin Trapp,"€ 88,096","€ 4,581,000","€ 4,739,973",K,25,Germany,Psg,Ligue 1,2016-2017
12,12,Grzegorz Krychowiak,"€ 88,096","€ 4,581,000","€ 4,739,973",M,26,Poland,Psg,Ligue 1,2016-2017
13,13,Lucas Moura,"€ 66,250","€ 3,445,000","€ 3,564,551",F,23,Brazil,Psg,Ligue 1,2016-2017
14,14,Serge Aurier,"€ 55,212","€ 2,871,000","€ 2,970,632",D,23,Cote d'Ivoire,Psg,Ligue 1,2016-2017
15,15,Adrien Rabiot,"€ 55,212","€ 2,871,000","€ 2,970,632",M,21,France,Psg,Ligue 1,2016-2017
16,16,Gonçalo Guedes,"€ 46,250","€ 2,405,000","€ 2,488,460",F,19,Portugal,Psg,Ligue 1,2016-2017
17,17,Marquinhos,"€ 46,250","€ 2,405,000","€ 2,488,460",D,22,Brazil,Psg,Ligue 1,2016-2017
18,18,Alphonse Areola,"€ 39,769","€ 2,068,000","€ 2,139,765",K,23,France,Psg,Ligue 1,2016-2017
19,19,Presnel Kimpembe,"€ 36,981","€ 1,923,000","€ 1,989,733",D,20,France,Psg,Ligue 1,2016-2017
20,20,Thomas Meunier,"€ 33,500","€ 1,742,000","€ 1,802,452",D,24,Belgium,Psg,Ligue 1,2016-2017
21,21,Youssouf Sabaly,"€ 19,827","€ 1,031,000","€ 1,066,779",D,23,Senegal,Psg,Ligue 1,2016-2017
22,22,Giovani Lo Celso,"€ 18,615","€ 968,000","€ 1,001,592",M,20,Argentina,Psg,Ligue 1,2016-2017
23,23,Christopher Nkunku,"€ 11,250","€ 585,000","€ 605,301",M,18,France,Psg,Ligue 1,2016-2017
24,24,Jonathan Ikoné,"€ 10,904","€ 567,000","€ 586,676",M,18,France,Psg,Ligue 1,2016-2017
25,25,Jean-Kévin Augustin,"€ 8,885","€ 462,000","€ 478,033",F,19,France,Psg,Ligue 1,2016-2017
26,26,Lorenzo Callegari,"€ 7,038","€ 366,000","€ 378,701",M,18,France,Psg,Ligue 1,2016-2017
27,27,Odsonne Edouard,"€ 6,192","€ 322,000","€ 333,174",F,18,France,Psg,Ligue 1,2016-2017
28,28,Alec Georgen,"€ 2,115","€ 110,000","€ 113,817",D,17,France,Psg,Ligue 1,2016-2017
29,29,Rémy Descamps,"€ 1,538","€ 80,000","€ 82,776",K,20,France,Psg,Ligue 1,2016-2017
30,30,Gaëtan Robail,€ 0,€ 0,€ 0,F,22,France,Psg,Ligue 1,2016-2017
31,31,Romain Habran,€ 0,€ 0,€ 0,F,22,France,Psg,Ligue 1,2016-2017
32,32,Salvatore Sirigu,€ 0,€ 0,€ 0,K,29,Italy,Psg,Ligue 1,2016-2017
33,33,Fodé Ballo-Touré,€ 0,€ 0,€ 0,D,19,France,Psg,Ligue 1,2016-2017
34,34,David Luiz,€ 0,€ 0,€ 0,D,29,Brazil,Psg,Ligue 1,2016-2017
35,35,Jean-Christophe Bahebeck,€ 0,€ 0,€ 0,F,23,France,Psg,Ligue 1,2016-2017
36,36,Benjamin Stambouli,€ 0,€ 0,€ 0,D,25,France,Psg,Ligue 1,2016-2017
37,37,Gustavo Hebling,€ 0,€ 0,€ 0,M,20,Brazil,Psg,Ligue 1,2016-2017
38,38,Jesé,€ 0,€ 0,€ 0,F,23,Spain,Psg,Ligue 1,2016-2017
0,0,Sylvain Armand,"€ 22,481","€ 1,169,000","€ 1,209,568",D,35,France,Rennes,Ligue 1,2016-2017
1,1,Benoît Costil,"€ 20,269","€ 1,054,000","€ 1,090,577",K,28,France,Rennes,Ligue 1,2016-2017
2,2,Yoann Gourcuff,"€ 16,885","€ 878,000","€ 908,469",M,29,France,Rennes,Ligue 1,2016-2017
3,3,Benjamin André,"€ 16,269","€ 846,000","€ 875,359",M,25,France,Rennes,Ligue 1,2016-2017
4,4,Gelson Fernandes,"€ 15,231","€ 792,000","€ 819,485",M,29,Switzerland,Rennes,Ligue 1,2016-2017
5,5,Morgan Amalfitano,"€ 15,231","€ 792,000","€ 819,485",F,31,France,Rennes,Ligue 1,2016-2017
6,6,Clément Chantôme,"€ 15,231","€ 792,000","€ 819,485",M,28,France,Rennes,Ligue 1,2016-2017
7,7,Ludovic Baal,"€ 14,135","€ 735,000","€ 760,507",D,30,French Guiana,Rennes,Ligue 1,2016-2017
8,8,Romain Danzé,"€ 13,038","€ 678,000","€ 701,528",D,29,France,Rennes,Ligue 1,2016-2017
9,9,Pedro Mendes,"€ 13,038","€ 678,000","€ 701,528",D,25,Portugal,Rennes,Ligue 1,2016-2017
10,10,Giovanni Sio,"€ 12,000","€ 624,000","€ 645,655",F,27,Cote d'Ivoire,Rennes,Ligue 1,2016-2017
11,11,Afonso Figueiredo,"€ 9,558","€ 497,000","€ 514,247",D,23,Portugal,Rennes,Ligue 1,2016-2017
12,12,Adama Diakhaby,"€ 9,308","€ 484,000","€ 500,796",F,19,France,Rennes,Ligue 1,2016-2017
13,13,Yacouba Sylla,"€ 8,231","€ 428,000","€ 442,853",M,25,Mali,Rennes,Ligue 1,2016-2017
14,14,Adrien Hunou,"€ 8,115","€ 422,000","€ 436,645",M,22,France,Rennes,Ligue 1,2016-2017
15,15,Wesley Saïd,"€ 8,058","€ 419,000","€ 433,540",F,21,France,Rennes,Ligue 1,2016-2017
16,16,Joris Gnagnon,"€ 8,058","€ 419,000","€ 433,540",D,19,France,Rennes,Ligue 1,2016-2017
17,17,Sanjin Prcic,"€ 8,058","€ 419,000","€ 433,540",M,22,Bosnia-Herzegovina,Rennes,Ligue 1,2016-2017
18,18,Steven Moreira,"€ 7,981","€ 415,000","€ 429,402",D,21,France,Rennes,Ligue 1,2016-2017
19,19,Aldo Kalulu,"€ 7,558","€ 393,000","€ 406,638",F,20,France,Rennes,Ligue 1,2016-2017
20,20,Ermir Lenjani,"€ 7,423","€ 386,000","€ 399,395",M,26,Albania,Rennes,Ligue 1,2016-2017
21,21,Raïs M'Bolhi,"€ 7,115","€ 370,000","€ 382,840",K,30,Algeria,Rennes,Ligue 1,2016-2017
22,22,Mehdi Zeffane,"€ 6,769","€ 352,000","€ 364,215",D,24,Algeria,Rennes,Ligue 1,2016-2017
23,23,Nicolas Janvier,"€ 3,385","€ 176,000","€ 182,108",M,17,France,Rennes,Ligue 1,2016-2017
24,24,Namakoro Diallo,"€ 2,519","€ 131,000","€ 135,546",D,20,France,Rennes,Ligue 1,2016-2017
25,25,James Léa Siliki,"€ 2,173","€ 113,000","€ 116,921",M,20,France,Rennes,Ligue 1,2016-2017
26,26,Romain Cagnon,€ 769,"€ 40,000","€ 41,388",K,19,France,Rennes,Ligue 1,2016-2017
27,27,Edvinas Gertmonas,€ 692,"€ 36,000","€ 37,249",K,20,Lithuania,Rennes,Ligue 1,2016-2017
28,28,Séga Coulibaly,€ 0,€ 0,€ 0,D,20,France,Rennes,Ligue 1,2016-2017
29,29,Anthony Ribelin,€ 0,€ 0,€ 0,M,20,France,Rennes,Ligue 1,2016-2017
30,30,Denis Will Poha,€ 0,€ 0,€ 0,M,19,France,Rennes,Ligue 1,2016-2017
31,31,Dimitri Kevin Cavaré,€ 0,€ 0,€ 0,D,21,Guadeloupe,Rennes,Ligue 1,2016-2017
32,32,Firmin Mubele,€ 0,€ 0,€ 0,F,22,Democratic Republic of Congo,Rennes,Ligue 1,2016-2017
33,33,Habib Habibou,€ 0,€ 0,€ 0,F,29,Central African Republic,Rennes,Ligue 1,2016-2017
34,34,Kamil Grosicki,€ 0,€ 0,€ 0,F,28,Poland,Rennes,Ligue 1,2016-2017
35,35,Kermit Erasmus,€ 0,€ 0,€ 0,F,25,South Africa,Rennes,Ligue 1,2016-2017
36,36,Mexer,€ 0,€ 0,€ 0,D,27,Mozambique,Rennes,Ligue 1,2016-2017
37,37,Paul-Georges Ntep,€ 0,€ 0,€ 0,F,23,Cameroon,Rennes,Ligue 1,2016-2017
38,38,Paul Nardi,€ 0,€ 0,€ 0,K,22,France,Rennes,Ligue 1,2016-2017
39,39,Pedro Henrique,€ 0,€ 0,€ 0,F,26,Brazil,Rennes,Ligue 1,2016-2017
40,40,Ramy Bensebaini,€ 0,€ 0,€ 0,D,21,Algeria,Rennes,Ligue 1,2016-2017
41,41,Sébastien Salles-Lamonge,€ 0,€ 0,€ 0,M,20,France,Rennes,Ligue 1,2016-2017
42,42,Abdoulaye Diallo,€ 0,€ 0,€ 0,K,24,Senegal,Rennes,Ligue 1,2016-2017
0,0,Henri Saivet,"€ 38,885","€ 2,022,000","€ 2,092,169",M,25,Senegal,St Etienne,Ligue 1,2016-2017
1,1,Jordan Veretout,"€ 31,115","€ 1,618,000","€ 1,674,149",M,23,France,St Etienne,Ligue 1,2016-2017
2,2,Robert Beric,"€ 19,596","€ 1,019,000","€ 1,054,362",F,25,Slovenia,St Etienne,Ligue 1,2016-2017
3,3,Loïc Perrin,"€ 19,596","€ 1,019,000","€ 1,054,362",D,30,France,St Etienne,Ligue 1,2016-2017
4,4,Stéphane Ruffier,"€ 19,596","€ 1,019,000","€ 1,054,362",K,29,France,St Etienne,Ligue 1,2016-2017
5,5,Kévin Théophile-Catherine,"€ 18,481","€ 961,000","€ 994,349",D,26,Martinique,St Etienne,Ligue 1,2016-2017
6,6,Nolan Roux,"€ 18,481","€ 961,000","€ 994,349",F,28,France,St Etienne,Ligue 1,2016-2017
7,7,Jérémy Clément,"€ 17,404","€ 905,000","€ 936,406",M,31,France,St Etienne,Ligue 1,2016-2017
8,8,Romain Hamouma,"€ 17,404","€ 905,000","€ 936,406",F,29,France,St Etienne,Ligue 1,2016-2017
9,9,Bryan Dabo,"€ 15,231","€ 792,000","€ 819,485",M,24,Burkina Faso,St Etienne,Ligue 1,2016-2017
10,10,Fabien Lemoine,"€ 15,231","€ 792,000","€ 819,485",M,29,France,St Etienne,Ligue 1,2016-2017
11,11,Vincent Pajot,"€ 15,154","€ 788,000","€ 815,346",M,25,France,St Etienne,Ligue 1,2016-2017
12,12,Kévin Malcuit,"€ 13,462","€ 700,000","€ 724,292",D,24,France,St Etienne,Ligue 1,2016-2017
13,13,Oussama Tannane,"€ 13,404","€ 697,000","€ 721,188",F,22,Morocco,St Etienne,Ligue 1,2016-2017
14,14,Benjamin Corgnet,"€ 13,038","€ 678,000","€ 701,528",M,29,France,St Etienne,Ligue 1,2016-2017
15,15,Léo Lacroix,"€ 12,154","€ 632,000","€ 653,932",D,24,Switzerland,St Etienne,Ligue 1,2016-2017
16,16,Florentin Pogba,"€ 9,673","€ 503,000","€ 520,455",D,25,Guinea,St Etienne,Ligue 1,2016-2017
17,17,Jessy Moulin,"€ 6,673","€ 347,000","€ 359,042",K,30,France,St Etienne,Ligue 1,2016-2017
18,18,Pierre-Yves Polomat,"€ 4,538","€ 236,000","€ 244,190",D,22,France,St Etienne,Ligue 1,2016-2017
19,19,Jonathan Bamba,"€ 3,962","€ 206,000","€ 213,149",F,20,France,St Etienne,Ligue 1,2016-2017
20,20,Arnaud Nordin,"€ 3,250","€ 169,000","€ 174,865",F,18,France,St Etienne,Ligue 1,2016-2017
21,21,Anthony Maisonnial,"€ 2,692","€ 140,000","€ 144,858",K,18,France,St Etienne,Ligue 1,2016-2017
22,22,Hamidou Keyta,"€ 2,288","€ 119,000","€ 123,130",F,21,France,St Etienne,Ligue 1,2016-2017
23,23,Rayan Souici,"€ 2,192","€ 114,000","€ 117,956",D,18,France,St Etienne,Ligue 1,2016-2017
24,24,Habib Maïga,"€ 1,962","€ 102,000","€ 105,540",M,20,Cote d'Ivoire,St Etienne,Ligue 1,2016-2017
25,25,Benjamin Aulagnier,"€ 1,846","€ 96,000","€ 99,331",F,18,Senegal,St Etienne,Ligue 1,2016-2017
26,26,Mickael Nade,"€ 1,327","€ 69,000","€ 71,394",D,17,France,St Etienne,Ligue 1,2016-2017
27,27,Lamine Ghezali,€ 827,"€ 43,000","€ 44,492",F,16,France,St Etienne,Ligue 1,2016-2017
28,28,Kenny Rocha Santos,€ 808,"€ 42,000","€ 43,458",M,16,Cape Verde,St Etienne,Ligue 1,2016-2017
29,29,Alexis Guendouz,€ 788,"€ 41,000","€ 42,423",K,20,France,St Etienne,Ligue 1,2016-2017
30,30,Jérrold Nyemeck,€ 0,€ 0,€ 0,D,22,France,St Etienne,Ligue 1,2016-2017
31,31,Neal Maupay,€ 0,€ 0,€ 0,F,19,France,St Etienne,Ligue 1,2016-2017
32,32,Erin Pinheiro,€ 0,€ 0,€ 0,M,18,Cape Verde,St Etienne,Ligue 1,2016-2017
33,33,Ole Selnaes,€ 0,€ 0,€ 0,M,21,Norway,St Etienne,Ligue 1,2016-2017
34,34,Dylan Saint-Louis,€ 0,€ 0,€ 0,F,21,Congo,St Etienne,Ligue 1,2016-2017
35,35,Clément Cabaton,€ 0,€ 0,€ 0,D,20,France,St Etienne,Ligue 1,2016-2017
36,36,Alexander Söderlund,€ 0,€ 0,€ 0,F,28,Norway,St Etienne,Ligue 1,2016-2017
37,37,Cheikh M'Bengue,€ 0,€ 0,€ 0,D,27,Senegal,St Etienne,Ligue 1,2016-2017
38,38,Ben Karamoko,€ 0,€ 0,€ 0,D,21,Cote d'Ivoire,St Etienne,Ligue 1,2016-2017
39,39,Ronaël Pierre-Gabriel,€ 0,€ 0,€ 0,D,18,France,St Etienne,Ligue 1,2016-2017
40,40,Jorginho,€ 0,€ 0,€ 0,F,20,Guinea-Bissau,St Etienne,Ligue 1,2016-2017
41,41,Kévin Monnet-Paquet,€ 0,€ 0,€ 0,F,27,France,St Etienne,Ligue 1,2016-2017
0,0,Andy Delort,"€ 32,615","€ 1,696,000","€ 1,754,856",F,24,Algeria,Toulouse,Ligue 1,2016-2017
1,1,Martin Braithwaite,"€ 26,096","€ 1,357,000","€ 1,404,092",F,25,Denmark,Toulouse,Ligue 1,2016-2017
2,2,Ola Toivonen,"€ 20,673","€ 1,075,000","€ 1,112,305",F,29,Sweden,Toulouse,Ligue 1,2016-2017
3,3,Jimmy Durmaz,"€ 17,404","€ 905,000","€ 936,406",F,27,Sweden,Toulouse,Ligue 1,2016-2017
4,4,Tongo Doumbia,"€ 14,135","€ 735,000","€ 760,507",M,26,Mali,Toulouse,Ligue 1,2016-2017
5,5,Christopher Jullien,"€ 13,038","€ 678,000","€ 701,528",D,23,France,Toulouse,Ligue 1,2016-2017
6,6,Corentin Jean,"€ 12,596","€ 655,000","€ 677,730",F,20,France,Toulouse,Ligue 1,2016-2017
7,7,François Moubandje,"€ 12,481","€ 649,000","€ 671,522",D,26,Switzerland,Toulouse,Ligue 1,2016-2017
8,8,Steeve Yago,"€ 11,308","€ 588,000","€ 608,405",D,23,Burkina Faso,Toulouse,Ligue 1,2016-2017
9,9,Issiaga Sylla,"€ 10,692","€ 556,000","€ 575,295",D,22,Guinea,Toulouse,Ligue 1,2016-2017
10,10,Jean-Daniel Akpa Akpro,"€ 10,519","€ 547,000","€ 565,982",M,23,Cote d'Ivoire,Toulouse,Ligue 1,2016-2017
11,11,Jessy Pi,"€ 9,788","€ 509,000","€ 526,664",M,22,France,Toulouse,Ligue 1,2016-2017
12,12,Somália,"€ 9,404","€ 489,000","€ 505,970",M,27,Brazil,Toulouse,Ligue 1,2016-2017
13,13,Pavle Ninkov,"€ 8,942","€ 465,000","€ 481,137",D,31,Serbia,Toulouse,Ligue 1,2016-2017
14,14,Alban Lafont,"€ 8,692","€ 452,000","€ 467,686",K,17,France,Toulouse,Ligue 1,2016-2017
15,15,Yann Bodiger,"€ 8,692","€ 452,000","€ 467,686",M,21,France,Toulouse,Ligue 1,2016-2017
16,16,Issa Diop,"€ 8,692","€ 452,000","€ 467,686",D,19,France,Toulouse,Ligue 1,2016-2017
17,17,Alexis Blin,"€ 8,692","€ 452,000","€ 467,686",M,19,France,Toulouse,Ligue 1,2016-2017
18,18,Zinédine Machach,"€ 7,692","€ 400,000","€ 413,881",M,20,France,Toulouse,Ligue 1,2016-2017
19,19,Yrondu Musavu-King,"€ 7,308","€ 380,000","€ 393,187",D,24,Gabon,Toulouse,Ligue 1,2016-2017
20,20,Dusan Veskovac,"€ 6,558","€ 341,000","€ 352,834",D,30,Serbia,Toulouse,Ligue 1,2016-2017
21,21,Odsonne Edouard,"€ 6,192","€ 322,000","€ 333,174",F,18,France,Toulouse,Ligue 1,2016-2017
22,22,Clément Michelin,"€ 5,481","€ 285,000","€ 294,890",D,19,France,Toulouse,Ligue 1,2016-2017
23,23,Dodi Lukebakio,"€ 4,788","€ 249,000","€ 257,641",F,18,Belgium,Toulouse,Ligue 1,2016-2017
24,24,Marc Vidal,"€ 4,481","€ 233,000","€ 241,086",K,25,France,Toulouse,Ligue 1,2016-2017
25,25,Pantxi Sirieix,"€ 4,308","€ 224,000","€ 231,773",M,35,France,Toulouse,Ligue 1,2016-2017
26,26,Mauro Goicoechea,"€ 2,865","€ 149,000","€ 154,171",K,28,Uruguay,Toulouse,Ligue 1,2016-2017
27,27,Mathieu Cafaro,"€ 2,308","€ 120,000","€ 124,164",M,19,France,Toulouse,Ligue 1,2016-2017
28,28,Quentin Boisgard,"€ 2,115","€ 110,000","€ 113,817",M,19,France,Toulouse,Ligue 1,2016-2017
29,29,Ibrahim Sangaré,"€ 1,808","€ 94,000","€ 97,262",M,18,Cote d'Ivoire,Toulouse,Ligue 1,2016-2017
30,30,Quentin Depehi,"€ 1,788","€ 93,000","€ 96,227",F,19,France,Toulouse,Ligue 1,2016-2017
31,31,Maxime Pélican,"€ 1,519","€ 79,000","€ 81,742",F,18,France,Toulouse,Ligue 1,2016-2017
32,32,Jordan Sebban,"€ 1,385","€ 72,000","€ 74,499",M,19,France,Toulouse,Ligue 1,2016-2017
33,33,Uros Spajic,€ 0,€ 0,€ 0,D,23,Serbia,Toulouse,Ligue 1,2016-2017
34,34,Kelvin Amian,€ 0,€ 0,€ 0,D,18,France,Toulouse,Ligue 1,2016-2017
35,35,Aleksandar Pesic,€ 0,€ 0,€ 0,F,24,Serbia,Toulouse,Ligue 1,2016-2017
36,36,Óscar Trejo,€ 0,€ 0,€ 0,M,28,Argentina,Toulouse,Ligue 1,2016-2017
37,37,Dominik Furman,€ 0,€ 0,€ 0,M,23,Poland,Toulouse,Ligue 1,2016-2017
