,Player,Weekly GrossBase Salary(IN EUR),Annual GrossBase Salary(IN EUR),Pos.,Age,Status,Expiration,Length,EstimatedGross Total(IN EUR),Team,League,Season
0,Sofiane Boufal,"€ 32,308","€ 1,680,000",LW,27,Starter,"Jun 30, 2024",4-yrs,"€ 6,720,000",Angers,Ligue 1,2020-2021
1,Ibrahim Amadou,"€ 23,462","€ 1,220,000",DM,27,Starter,"Jun 30, 2021",1-yr,"€ 1,220,000",Angers,Ligue 1,2020-2021
2,Stéphane Bahoken,"€ 16,154","€ 840,000",CF,28,Starter,"Jun 30, 2022",2-yrs,"€ 1,680,000",Angers,Ligue 1,2020-2021
3,Thomas Mangani,"€ 15,000","€ 780,000",CM,33,Starter,"Jun 30, 2022",2-yrs,"€ 1,560,000",Angers,Ligue 1,2020-2021
4,Ismaël Traoré,"€ 15,000","€ 780,000",CB,34,Starter,"Jun 30, 2022",2-yrs,"€ 1,560,000",Angers,Ligue 1,2020-2021
5,Souleyman Doumbia,"€ 13,077","€ 680,000",LB,24,Starter,"Jun 30, 2023",3-yrs,"€ 2,040,000",Angers,Ligue 1,2020-2021
6,Romain Thomas,"€ 12,115","€ 630,000",CB,32,Starter,"Jun 30, 2022",2-yrs,"€ 1,260,000",Angers,Ligue 1,2020-2021
7,Elhadji Pape Diaw,"€ 11,346","€ 590,000",CB,26,Reserve,"Jun 30, 2021",1-yr,"€ 590,000",Angers,Ligue 1,2020-2021
8,Mateo Pavlovic,"€ 10,962","€ 570,000",CB,30,Reserve,"Jun 30, 2023",3-yrs,"€ 1,710,000",Angers,Ligue 1,2020-2021
9,Vincent Manceau,"€ 9,423","€ 490,000",RB,31,Starter,"Jun 30, 2022",2-yrs,"€ 980,000",Angers,Ligue 1,2020-2021
10,Paul Bernardoni,"€ 9,038","€ 470,000",GK,23,Starter,"Jun 30, 2024",4-yrs,"€ 1,880,000",Angers,Ligue 1,2020-2021
11,Angelo Fulgini,"€ 8,846","€ 460,000",CM,24,Starter,"Jun 30, 2023",3-yrs,"€ 1,380,000",Angers,Ligue 1,2020-2021
12,Ludovic Butelle,"€ 8,462","€ 440,000",GK,37,Reserve,"Jun 30, 2021",1-yr,"€ 440,000",Angers,Ligue 1,2020-2021
13,Mathias Pereira Lage,"€ 7,692","€ 400,000",LM,24,Reserve,"Jun 30, 2022",2-yrs,"€ 800,000",Angers,Ligue 1,2020-2021
14,Pierrick Capelle,"€ 6,923","€ 360,000",LM,33,Reserve,"Jun 30, 2022",2-yrs,"€ 720,000",Angers,Ligue 1,2020-2021
15,Sada Thioub,"€ 6,538","€ 340,000",RW,25,Starter,"Jun 30, 2023",3-yrs,"€ 1,020,000",Angers,Ligue 1,2020-2021
16,Abdoulaye Bamba,"€ 6,346","€ 330,000",RB,30,Reserve,"Jun 30, 2023",3-yrs,"€ 990,000",Angers,Ligue 1,2020-2021
17,Farid El Melali,"€ 5,577","€ 290,000",RW,23,Reserve,"Jun 30, 2023",3-yrs,"€ 870,000",Angers,Ligue 1,2020-2021
18,Jimmy Cabot,"€ 5,192","€ 270,000",RW,26,Reserve,"Jun 30, 2023",3-yrs,"€ 810,000",Angers,Ligue 1,2020-2021
19,Lassana Coulibaly,"€ 3,462","€ 180,000",CM,24,Reserve,"Jun 30, 2021",1-yr,"€ 180,000",Angers,Ligue 1,2020-2021
20,Antonin Bobichon,"€ 3,269","€ 170,000",CM,25,Reserve,"Jun 30, 2023",3-yrs,"€ 510,000",Angers,Ligue 1,2020-2021
21,Thomas Touré,"€ 2,692","€ 140,000",LW,27,Reserve,"Jun 30, 2021",1-yr,"€ 140,000",Angers,Ligue 1,2020-2021
22,Danijel Petkovic,"€ 2,308","€ 120,000",GK,27,Reserve,"Jun 30, 2022",2-yrs,"€ 240,000",Angers,Ligue 1,2020-2021
23,Enzo Ebosse,€ 769,"€ 40,000",LB,21,Reserve,"Jun 30, 2023",3-yrs,"€ 120,000",Angers,Ligue 1,2020-2021
24,Zinédine Ould Khaled,€ 385,"€ 20,000",DM,21,Reserve,"Jun 30, 2022",2-yrs,"€ 40,000",Angers,Ligue 1,2020-2021
25,Mohamed-Ali Cho,€ 385,"€ 20,000",RW,17,Reserve,"Jun 30, 2023",3-yrs,"€ 60,000",Angers,Ligue 1,2020-2021
26,Kévin Boma,€ 385,"€ 20,000",CB,18,Reserve,"Jun 30, 2021",1-yr,"€ 20,000",Angers,Ligue 1,2020-2021
27,Kevin Bemanga,€ 385,"€ 20,000",RW,22,Reserve,"Jun 30, 2023",3-yrs,"€ 60,000",Angers,Ligue 1,2020-2021
28,Waniss Taïbi,€ 385,"€ 20,000",AM,18,Reserve,"Jun 30, 2022",2-yrs,"€ 40,000",Angers,Ligue 1,2020-2021
29,Noah Fatar,€ 385,"€ 20,000",RW,18,Reserve,"Jun 30, 2023",3-yrs,"€ 60,000",Angers,Ligue 1,2020-2021
0,Jean Michaël Seri,"€ 72,308","€ 3,760,000",CM,29,Reserve,"Jun 30, 2021",1-yr,"€ 3,760,000",Bordeaux,Ligue 1,2020-2021
1,Laurent Koscielny,"€ 69,231","€ 3,600,000",CB,35,Starter,"Jun 30, 2022",2-yrs,"€ 7,200,000",Bordeaux,Ligue 1,2020-2021
2,Benoît Costil,"€ 41,538","€ 2,160,000",GK,33,Starter,"Jun 30, 2022",2-yrs,"€ 4,320,000",Bordeaux,Ligue 1,2020-2021
3,Nicolas de Préville,"€ 34,615","€ 1,800,000",CF,30,Starter,"Jun 30, 2021",1-yr,"€ 1,800,000",Bordeaux,Ligue 1,2020-2021
4,Otávio,"€ 34,615","€ 1,800,000",DM,26,Reserve,"Jun 30, 2022",2-yrs,"€ 3,600,000",Bordeaux,Ligue 1,2020-2021
5,Mexer,"€ 27,692","€ 1,440,000",CB,32,Reserve,"Jun 30, 2023",3-yrs,"€ 4,320,000",Bordeaux,Ligue 1,2020-2021
6,Ui-jo Hwang,"€ 27,692","€ 1,440,000",CF,28,Starter,"Jun 30, 2023",3-yrs,"€ 4,320,000",Bordeaux,Ligue 1,2020-2021
7,Rémi Oudin,"€ 25,385","€ 1,320,000",RW,24,Starter,"Jun 30, 2024",4-yrs,"€ 5,280,000",Bordeaux,Ligue 1,2020-2021
8,Loris Benito,"€ 25,385","€ 1,320,000",LB,29,Starter,"Jun 30, 2022",2-yrs,"€ 2,640,000",Bordeaux,Ligue 1,2020-2021
9,Hatem Ben Arfa,"€ 23,077","€ 1,200,000",AM,33,Starter,"Jun 30, 2021",1-yr,"€ 1,200,000",Bordeaux,Ligue 1,2020-2021
10,Yacine Adli,"€ 15,962","€ 830,000",AM,20,Starter,"Jun 30, 2023",3-yrs,"€ 2,490,000",Bordeaux,Ligue 1,2020-2021
11,Samuel Kalu,"€ 11,731","€ 610,000",RW,23,Reserve,"Jun 30, 2023",3-yrs,"€ 1,830,000",Bordeaux,Ligue 1,2020-2021
12,Youssouf Sabaly,"€ 8,846","€ 460,000",RB,27,Reserve,"Jun 30, 2021",1-yr,"€ 460,000",Bordeaux,Ligue 1,2020-2021
13,Paul Baysse,"€ 7,885","€ 410,000",CB,32,Starter,"Jun 30, 2024",4-yrs,"€ 1,640,000",Bordeaux,Ligue 1,2020-2021
14,Maxime Poundjé,"€ 4,423","€ 230,000",LB,28,Reserve,"Jun 30, 2021",1-yr,"€ 230,000",Bordeaux,Ligue 1,2020-2021
15,Vukasin Jovanovic,"€ 4,038","€ 210,000",CB,24,Reserve,"Jun 30, 2021",1-yr,"€ 210,000",Bordeaux,Ligue 1,2020-2021
16,Enock Kwateng,"€ 4,038","€ 210,000",RB,23,Starter,"Jun 30, 2023",3-yrs,"€ 630,000",Bordeaux,Ligue 1,2020-2021
17,Toma Basic,"€ 4,038","€ 210,000",CM,24,Starter,"Jun 30, 2022",2-yrs,"€ 420,000",Bordeaux,Ligue 1,2020-2021
18,Tom Lacoux,"€ 2,885","€ 150,000",CM,19,Reserve,"Jun 30, 2024",4-yrs,"€ 600,000",Bordeaux,Ligue 1,2020-2021
19,Logan Delaurier-Chaubet,"€ 2,500","€ 130,000",LW,18,Reserve,"Jun 30, 2023",3-yrs,"€ 390,000",Bordeaux,Ligue 1,2020-2021
20,Ismaël Sow,"€ 2,308","€ 120,000",RB,19,Reserve,"Jun 30, 2023",3-yrs,"€ 360,000",Bordeaux,Ligue 1,2020-2021
21,Loïc Bessile,"€ 2,115","€ 110,000",CB,22,Reserve,"Jun 30, 2023",3-yrs,"€ 330,000",Bordeaux,Ligue 1,2020-2021
22,Gaëtan Poussin,"€ 1,731","€ 90,000",GK,22,Reserve,"Jun 30, 2023",3-yrs,"€ 270,000",Bordeaux,Ligue 1,2020-2021
23,Amadou Traoré,€ 577,"€ 30,000",RW,19,Reserve,"Jun 30, 2022",2-yrs,"€ 60,000",Bordeaux,Ligue 1,2020-2021
24,Ibrahim Diarra,€ 385,"€ 20,000",LM,22,Reserve,"Jun 30, 2021",1-yr,"€ 20,000",Bordeaux,Ligue 1,2020-2021
25,David Kong,€ 385,"€ 20,000",DM,26,Reserve,"Jun 30, 2021",1-yr,"€ 20,000",Bordeaux,Ligue 1,2020-2021
0,Jean Lucas,"€ 27,692","€ 1,440,000",CM,22,Reserve,"Jun 30, 2021",1-yr,"€ 1,440,000",Brest,Ligue 1,2020-2021
1,Paul Lasne,"€ 12,692","€ 660,000",DM,32,Reserve,"Jun 30, 2021",1-yr,"€ 660,000",Brest,Ligue 1,2020-2021
2,Romain Philippoteaux,"€ 11,923","€ 620,000",LW,32,Reserve,"Jun 30, 2022",2-yrs,"€ 1,240,000",Brest,Ligue 1,2020-2021
3,Steve Mounié,"€ 11,731","€ 610,000",CF,26,Starter,"Jun 30, 2024",4-yrs,"€ 2,440,000",Brest,Ligue 1,2020-2021
4,Gautier Larsonneur,"€ 11,731","€ 610,000",GK,23,Starter,"Jun 30, 2023",3-yrs,"€ 1,830,000",Brest,Ligue 1,2020-2021
5,Haris Belkebla,"€ 9,808","€ 510,000",CM,27,Starter,"Jun 30, 2023",3-yrs,"€ 1,530,000",Brest,Ligue 1,2020-2021
6,Gaëtan Charbonnier,"€ 9,231","€ 480,000",CF,32,Starter,"Jun 30, 2021",1-yr,"€ 480,000",Brest,Ligue 1,2020-2021
7,Irvin Cardona,"€ 8,654","€ 450,000",CF,23,Reserve,"Jun 30, 2023",3-yrs,"€ 1,350,000",Brest,Ligue 1,2020-2021
8,Franck Honorat,"€ 7,115","€ 370,000",RW,24,Reserve,"Jun 30, 2025",5-yrs,"€ 1,850,000",Brest,Ligue 1,2020-2021
9,Ronaël Pierre-Gabriel,"€ 6,923","€ 360,000",RB,22,Reserve,"Jun 30, 2021",1-yr,"€ 360,000",Brest,Ligue 1,2020-2021
10,Bandiougou Fadiga,"€ 6,346","€ 330,000",AM,20,Reserve,"Jun 30, 2021",1-yr,"€ 330,000",Brest,Ligue 1,2020-2021
11,Romain Faivre,"€ 5,962","€ 310,000",CM,22,Starter,"Jun 30, 2025",5-yrs,"€ 1,550,000",Brest,Ligue 1,2020-2021
12,Ferris N'Goma,"€ 5,577","€ 290,000",CM,27,Reserve,"Jun 30, 2021",1-yr,"€ 290,000",Brest,Ligue 1,2020-2021
13,Romain Perraud,"€ 4,423","€ 230,000",LB,23,Starter,"Jun 30, 2025",5-yrs,"€ 1,150,000",Brest,Ligue 1,2020-2021
14,Denys Bain,"€ 4,231","€ 220,000",CB,27,Reserve,"Jun 30, 2022",2-yrs,"€ 440,000",Brest,Ligue 1,2020-2021
15,Jean-Kevin Duverne,"€ 4,231","€ 220,000",CB,23,Starter,"Jun 30, 2023",3-yrs,"€ 660,000",Brest,Ligue 1,2020-2021
16,Julien Faussurier,"€ 4,231","€ 220,000",RB,34,Starter,"Jun 30, 2021",1-yr,"€ 220,000",Brest,Ligue 1,2020-2021
17,Ludovic Baal,"€ 4,038","€ 210,000",LB,34,Reserve,"Jun 30, 2021",1-yr,"€ 210,000",Brest,Ligue 1,2020-2021
18,Cristian Battocchio,"€ 3,846","€ 200,000",CM,28,Reserve,"Jun 30, 2021",1-yr,"€ 200,000",Brest,Ligue 1,2020-2021
19,Christophe Hérelle,"€ 3,846","€ 200,000",CB,28,Reserve,"Jun 30, 2024",4-yrs,"€ 800,000",Brest,Ligue 1,2020-2021
20,Mouez Hassen,"€ 3,846","€ 200,000",GK,25,Reserve,"Jun 30, 2021",1-yr,"€ 200,000",Brest,Ligue 1,2020-2021
21,Lilian Brassier,"€ 1,731","€ 90,000",LB,21,Reserve,"Jun 30, 2021",1-yr,"€ 90,000",Brest,Ligue 1,2020-2021
22,Jérémy Le Douaron,"€ 1,538","€ 80,000",CF,22,Starter,"Jun 30, 2021",1-yr,"€ 80,000",Brest,Ligue 1,2020-2021
23,Brendan Chardonnet,"€ 1,154","€ 60,000",CB,26,Starter,"Jun 30, 2023",3-yrs,"€ 180,000",Brest,Ligue 1,2020-2021
24,Hianga'a M'Bock,"€ 1,154","€ 60,000",CM,21,Starter,"Jun 30, 2024",4-yrs,"€ 240,000",Brest,Ligue 1,2020-2021
25,Sébastien Cibois,€ 962,"€ 50,000",GK,22,Reserve,"Jun 30, 2022",2-yrs,"€ 100,000",Brest,Ligue 1,2020-2021
26,Hugo Magnetti,€ 962,"€ 50,000",CM,22,Reserve,"Jun 30, 2024",4-yrs,"€ 200,000",Brest,Ligue 1,2020-2021
27,Idrissa Dioh,€ 577,"€ 30,000",DM,22,Reserve,"Jun 30, 2021",1-yr,"€ 30,000",Brest,Ligue 1,2020-2021
0,Bruno Ecuele Manga,"€ 21,923","€ 1,140,000",CB,32,Starter,"Jun 30, 2022",2-yrs,"€ 2,280,000",Dijon,Ligue 1,2020-2021
1,Yassine Benzia,"€ 21,923","€ 1,140,000",AM,26,Reserve,"Jun 30, 2023",3-yrs,"€ 3,420,000",Dijon,Ligue 1,2020-2021
2,Didier Ndong,"€ 18,462","€ 960,000",CM,26,Reserve,"Jun 30, 2023",3-yrs,"€ 2,880,000",Dijon,Ligue 1,2020-2021
3,Pape Cheikh,"€ 17,500","€ 910,000",CM,23,Reserve,"Jun 30, 2021",1-yr,"€ 910,000",Dijon,Ligue 1,2020-2021
4,Moussa Konaté,"€ 14,231","€ 740,000",CF,27,Starter,"Jun 30, 2023",3-yrs,"€ 2,220,000",Dijon,Ligue 1,2020-2021
5,Roger Assalé,"€ 12,115","€ 630,000",CF,27,Reserve,"Jun 30, 2024",4-yrs,"€ 2,520,000",Dijon,Ligue 1,2020-2021
6,Mounir Chouiar,"€ 11,538","€ 600,000",LW,22,Starter,"Jun 30, 2022",2-yrs,"€ 1,200,000",Dijon,Ligue 1,2020-2021
7,Bersant Celina,"€ 10,962","€ 570,000",AM,24,Reserve,"Jun 30, 2024",4-yrs,"€ 2,280,000",Dijon,Ligue 1,2020-2021
8,Wesley Lautoa,"€ 10,192","€ 530,000",CB,33,Starter,"Jun 30, 2021",1-yr,"€ 530,000",Dijon,Ligue 1,2020-2021
9,Fouad Chafik,"€ 10,192","€ 530,000",RB,34,Starter,"Jun 30, 2021",1-yr,"€ 530,000",Dijon,Ligue 1,2020-2021
10,Jordan Marié,"€ 8,846","€ 460,000",CM,29,Starter,"Jun 30, 2022",2-yrs,"€ 920,000",Dijon,Ligue 1,2020-2021
11,Anthony Racioppi,"€ 6,346","€ 330,000",GK,22,Reserve,"Jun 30, 2024",4-yrs,"€ 1,320,000",Dijon,Ligue 1,2020-2021
12,Saturnin Allagbé,"€ 5,769","€ 300,000",GK,27,Starter,"Jun 30, 2024",4-yrs,"€ 1,200,000",Dijon,Ligue 1,2020-2021
13,Aníbal Chalá,"€ 5,577","€ 290,000",LB,24,Reserve,"Jun 30, 2021",1-yr,"€ 290,000",Dijon,Ligue 1,2020-2021
14,Mama Baldé,"€ 3,462","€ 180,000",RW,25,Starter,"Jun 30, 2022",2-yrs,"€ 360,000",Dijon,Ligue 1,2020-2021
15,Frédéric Sammaritano,"€ 2,885","€ 150,000",AM,34,Reserve,"Jun 30, 2021",1-yr,"€ 150,000",Dijon,Ligue 1,2020-2021
16,Alexandru Dobre,"€ 2,692","€ 140,000",LW,22,Reserve,"Jun 30, 2024",4-yrs,"€ 560,000",Dijon,Ligue 1,2020-2021
17,Sacha Boey,"€ 2,308","€ 120,000",RB,20,Starter,"Jun 30, 2021",1-yr,"€ 120,000",Dijon,Ligue 1,2020-2021
18,Arthur Zagre,"€ 2,115","€ 110,000",LB,19,Reserve,"Jun 30, 2021",1-yr,"€ 110,000",Dijon,Ligue 1,2020-2021
19,Jonathan Panzo,"€ 2,115","€ 110,000",CB,20,Starter,"Jun 30, 2023",3-yrs,"€ 330,000",Dijon,Ligue 1,2020-2021
20,Ngonda Muzinga,"€ 1,154","€ 60,000",LB,26,Reserve,"Jun 30, 2021",1-yr,"€ 60,000",Dijon,Ligue 1,2020-2021
21,Éric Ebimbe,€ 962,"€ 50,000",RW,20,Starter,"Jun 30, 2021",1-yr,"€ 50,000",Dijon,Ligue 1,2020-2021
22,Senou Coulibaly,€ 769,"€ 40,000",CB,26,Reserve,"Jun 30, 2023",3-yrs,"€ 120,000",Dijon,Ligue 1,2020-2021
23,Ahmad Ngouyamsa,€ 577,"€ 30,000",RB,20,Reserve,"Jun 30, 2022",2-yrs,"€ 60,000",Dijon,Ligue 1,2020-2021
24,Wilitty Younoussa,€ 577,"€ 30,000",DM,19,Reserve,"Jun 30, 2022",2-yrs,"€ 60,000",Dijon,Ligue 1,2020-2021
25,Amir Arli,€ 385,"€ 20,000",AM,18,Reserve,"Jun 30, 2021",1-yr,"€ 20,000",Dijon,Ligue 1,2020-2021
26,Lévi Ntumba,€ 385,"€ 20,000",GK,20,Reserve,"Jun 30, 2021",1-yr,"€ 20,000",Dijon,Ligue 1,2020-2021
0,Seko Fofana,"€ 29,808","€ 1,550,000",CM,25,Reserve,"Jun 30, 2024",4-yrs,"€ 6,200,000",Lens,Ligue 1,2020-2021
1,Gaël Kakuta,"€ 20,000","€ 1,040,000",AM,29,Reserve,"Jun 30, 2021",1-yr,"€ 1,040,000",Lens,Ligue 1,2020-2021
2,Ignatius Ganago,"€ 15,000","€ 780,000",CF,21,Reserve,"Jun 30, 2024",4-yrs,"€ 3,120,000",Lens,Ligue 1,2020-2021
3,Wuilker Fariñez,"€ 9,038","€ 470,000",GK,22,Starter,"Jun 30, 2021",1-yr,"€ 470,000",Lens,Ligue 1,2020-2021
4,Yannick Cahuzac,"€ 8,654","€ 450,000",DM,36,Starter,"Jun 30, 2022",2-yrs,"€ 900,000",Lens,Ligue 1,2020-2021
5,Jonathan Clauss,"€ 6,538","€ 340,000",RB,28,Starter,"Jun 30, 2023",3-yrs,"€ 1,020,000",Lens,Ligue 1,2020-2021
6,Jean-Louis Leca,"€ 6,538","€ 340,000",GK,35,Reserve,"Jun 30, 2022",2-yrs,"€ 680,000",Lens,Ligue 1,2020-2021
7,Tony Mauricio,"€ 6,154","€ 320,000",AM,26,Starter,"Jun 30, 2023",3-yrs,"€ 960,000",Lens,Ligue 1,2020-2021
8,Corentin Jean,"€ 6,154","€ 320,000",CF,25,Starter,"Jun 30, 2023",3-yrs,"€ 960,000",Lens,Ligue 1,2020-2021
9,Steven Fortes,"€ 5,962","€ 310,000",CB,28,Starter,"Jun 30, 2022",2-yrs,"€ 620,000",Lens,Ligue 1,2020-2021
10,Issiaga Sylla,"€ 5,769","€ 300,000",LB,27,Starter,"Jun 30, 2021",1-yr,"€ 300,000",Lens,Ligue 1,2020-2021
11,Florian Sotoca,"€ 4,615","€ 240,000",CF,30,Reserve,"Jun 30, 2023",3-yrs,"€ 720,000",Lens,Ligue 1,2020-2021
12,Massadio Haidara,"€ 4,615","€ 240,000",LB,28,Reserve,"Jun 30, 2022",2-yrs,"€ 480,000",Lens,Ligue 1,2020-2021
13,Cheick Doucouré,"€ 4,038","€ 210,000",DM,21,Starter,"Jun 30, 2024",4-yrs,"€ 840,000",Lens,Ligue 1,2020-2021
14,Zakaria Diallo,"€ 3,846","€ 200,000",CB,34,Reserve,"Jun 30, 2021",1-yr,"€ 200,000",Lens,Ligue 1,2020-2021
15,Clément Michelin,"€ 3,846","€ 200,000",RB,23,Reserve,"Jun 30, 2022",2-yrs,"€ 400,000",Lens,Ligue 1,2020-2021
16,Jonathan Gradit,"€ 3,269","€ 170,000",CB,28,Starter,"Jun 30, 2024",4-yrs,"€ 680,000",Lens,Ligue 1,2020-2021
17,Facundo Medina,"€ 2,308","€ 120,000",CB,21,Reserve,"Jun 30, 2024",4-yrs,"€ 480,000",Lens,Ligue 1,2020-2021
18,Simon Banza,"€ 2,308","€ 120,000",CF,24,Reserve,"Jun 30, 2023",3-yrs,"€ 360,000",Lens,Ligue 1,2020-2021
19,Cheick Traoré,"€ 2,115","€ 110,000",RB,25,Reserve,"Jun 30, 2022",2-yrs,"€ 220,000",Lens,Ligue 1,2020-2021
20,Loïc Badé,"€ 1,731","€ 90,000",CB,20,Starter,"Jun 30, 2023",3-yrs,"€ 270,000",Lens,Ligue 1,2020-2021
21,Arnaud Kalimuendo,"€ 1,154","€ 60,000",CF,19,Starter,"Jun 30, 2021",1-yr,"€ 60,000",Lens,Ligue 1,2020-2021
22,David Costa,€ 577,"€ 30,000",AM,20,Reserve,"Jun 30, 2024",4-yrs,"€ 120,000",Lens,Ligue 1,2020-2021
23,Adam Oudjani,€ 577,"€ 30,000",AM,19,Reserve,"Jun 30, 2023",3-yrs,"€ 90,000",Lens,Ligue 1,2020-2021
24,Ismaël Boura,€ 385,"€ 20,000",LB,20,Reserve,"Jun 30, 2023",3-yrs,"€ 60,000",Lens,Ligue 1,2020-2021
0,Renato Sanches,"€ 69,231","€ 3,600,000",CM,23,Starter,"Jun 30, 2023",3-yrs,"€ 10,800,000",Lille,Ligue 1,2020-2021
1,Burak Yilmaz,"€ 42,115","€ 2,190,000",CF,35,Starter,"Jun 30, 2022",2-yrs,"€ 4,380,000",Lille,Ligue 1,2020-2021
2,Jonathan David,"€ 32,308","€ 1,680,000",CF,21,Reserve,"Jun 30, 2025",5-yrs,"€ 8,400,000",Lille,Ligue 1,2020-2021
3,José Fonte,"€ 32,308","€ 1,680,000",CB,37,Starter,"Jun 30, 2021",1-yr,"€ 1,680,000",Lille,Ligue 1,2020-2021
4,Benjamin André,"€ 30,000","€ 1,560,000",CM,30,Starter,"Jun 30, 2023",3-yrs,"€ 4,680,000",Lille,Ligue 1,2020-2021
5,Orestis Karnezis,"€ 28,462","€ 1,480,000",GK,35,Reserve,"Jun 30, 2023",3-yrs,"€ 4,440,000",Lille,Ligue 1,2020-2021
6,Mike Maignan,"€ 27,692","€ 1,440,000",GK,25,Starter,"Jun 30, 2022",2-yrs,"€ 2,880,000",Lille,Ligue 1,2020-2021
7,Xeka,"€ 27,692","€ 1,440,000",CM,26,Reserve,"Jun 30, 2022",2-yrs,"€ 2,880,000",Lille,Ligue 1,2020-2021
8,Jonathan Bamba,"€ 27,692","€ 1,440,000",LW,24,Starter,"Jun 30, 2023",3-yrs,"€ 4,320,000",Lille,Ligue 1,2020-2021
9,Jonathan Ikoné,"€ 27,692","€ 1,440,000",RW,22,Starter,"Jun 30, 2023",3-yrs,"€ 4,320,000",Lille,Ligue 1,2020-2021
10,Luiz Araújo,"€ 27,692","€ 1,440,000",RW,24,Starter,"Jun 30, 2022",2-yrs,"€ 2,880,000",Lille,Ligue 1,2020-2021
11,Yusuf Yazici,"€ 20,192","€ 1,050,000",SS,24,Reserve,"Jun 30, 2024",4-yrs,"€ 4,200,000",Lille,Ligue 1,2020-2021
12,Zeki Celik,"€ 17,308","€ 900,000",RB,23,Starter,"Jun 30, 2023",3-yrs,"€ 2,700,000",Lille,Ligue 1,2020-2021
13,Jérémy Pied,"€ 16,923","€ 880,000",RB,31,Reserve,"Jun 30, 2022",2-yrs,"€ 1,760,000",Lille,Ligue 1,2020-2021
14,Boubakary Soumaré,"€ 13,846","€ 720,000",DM,21,Reserve,"Jun 30, 2022",2-yrs,"€ 1,440,000",Lille,Ligue 1,2020-2021
15,Timothy Weah,"€ 13,462","€ 700,000",CF,20,Reserve,"Jun 30, 2024",4-yrs,"€ 2,800,000",Lille,Ligue 1,2020-2021
16,Domagoj Bradaric,"€ 9,808","€ 510,000",LB,21,Reserve,"Jun 30, 2024",4-yrs,"€ 2,040,000",Lille,Ligue 1,2020-2021
17,Sven Botman,"€ 7,115","€ 370,000",CB,21,Starter,"Jun 30, 2025",5-yrs,"€ 1,850,000",Lille,Ligue 1,2020-2021
18,Tiago Djaló,"€ 6,346","€ 330,000",CB,20,Reserve,"Jun 30, 2024",4-yrs,"€ 1,320,000",Lille,Ligue 1,2020-2021
19,Reinildo Mandava,"€ 3,654","€ 190,000",LB,27,Starter,"Jun 30, 2022",2-yrs,"€ 380,000",Lille,Ligue 1,2020-2021
20,Lucas Chevalier,"€ 3,269","€ 170,000",GK,19,Reserve,"Jun 30, 2024",4-yrs,"€ 680,000",Lille,Ligue 1,2020-2021
21,Isaac Lihadji,"€ 2,885","€ 150,000",RW,18,Reserve,"Jun 30, 2023",3-yrs,"€ 450,000",Lille,Ligue 1,2020-2021
22,Eugenio Pizzuto,€ 769,"€ 40,000",DM,18,Reserve,"Jun 30, 2025",5-yrs,"€ 200,000",Lille,Ligue 1,2020-2021
0,Jérémy Morel,"€ 12,115","€ 630,000",CB,36,Starter,"Jun 30, 2021",1-yr,"€ 630,000",Lorient,Ligue 1,2020-2021
1,Fabien Lemoine,"€ 11,154","€ 580,000",DM,33,Starter,"Jun 30, 2021",1-yr,"€ 580,000",Lorient,Ligue 1,2020-2021
2,Paul Nardi,"€ 11,154","€ 580,000",GK,26,Starter,"Jun 30, 2023",3-yrs,"€ 1,740,000",Lorient,Ligue 1,2020-2021
3,Sylvain Marveaux,"€ 10,769","€ 560,000",AM,34,Reserve,"Jun 30, 2021",1-yr,"€ 560,000",Lorient,Ligue 1,2020-2021
4,Quentin Boisgard,"€ 10,577","€ 550,000",AM,23,Starter,"Jun 30, 2023",3-yrs,"€ 1,650,000",Lorient,Ligue 1,2020-2021
5,Adrian Grbic,"€ 9,808","€ 510,000",CF,24,Starter,"Jun 30, 2025",5-yrs,"€ 2,550,000",Lorient,Ligue 1,2020-2021
6,Terem Moffi,"€ 9,615","€ 500,000",CF,21,Starter,"Jun 30, 2024",4-yrs,"€ 2,000,000",Lorient,Ligue 1,2020-2021
7,Trevoh Chalobah,"€ 9,615","€ 500,000",DM,21,Reserve,"Jun 30, 2021",1-yr,"€ 500,000",Lorient,Ligue 1,2020-2021
8,Jonathan Delaplace,"€ 9,615","€ 500,000",CM,34,Starter,"Jun 30, 2021",1-yr,"€ 500,000",Lorient,Ligue 1,2020-2021
9,Julien Laporte,"€ 8,462","€ 440,000",CB,27,Starter,"Jun 30, 2023",3-yrs,"€ 1,320,000",Lorient,Ligue 1,2020-2021
10,Thomas Monconduit,"€ 8,077","€ 420,000",DM,29,Reserve,"Jun 30, 2023",3-yrs,"€ 1,260,000",Lorient,Ligue 1,2020-2021
11,Yoane Wissa,"€ 7,308","€ 380,000",LW,24,Starter,"Jun 30, 2024",4-yrs,"€ 1,520,000",Lorient,Ligue 1,2020-2021
12,Matthieu Saunier,"€ 5,577","€ 290,000",CB,30,Reserve,"Jun 30, 2021",1-yr,"€ 290,000",Lorient,Ligue 1,2020-2021
13,Thomas Fontaine,"€ 5,000","€ 260,000",CB,29,Reserve,"Jun 30, 2022",2-yrs,"€ 520,000",Lorient,Ligue 1,2020-2021
14,Houboulang Mendes,"€ 5,000","€ 260,000",RB,22,Reserve,"Jun 30, 2022",2-yrs,"€ 520,000",Lorient,Ligue 1,2020-2021
15,Armand Laurienté,"€ 4,808","€ 250,000",RW,22,Reserve,"Jun 30, 2024",4-yrs,"€ 1,000,000",Lorient,Ligue 1,2020-2021
16,Vincent Le Goff,"€ 4,808","€ 250,000",LB,31,Reserve,"Jun 30, 2022",2-yrs,"€ 500,000",Lorient,Ligue 1,2020-2021
17,Laurent Abergel,"€ 4,615","€ 240,000",DM,28,Starter,"Jun 30, 2023",3-yrs,"€ 720,000",Lorient,Ligue 1,2020-2021
18,Stéphane Diarra,"€ 4,231","€ 220,000",RW,22,Reserve,"Jun 30, 2025",5-yrs,"€ 1,100,000",Lorient,Ligue 1,2020-2021
19,Matthieu Dreyer,"€ 4,231","€ 220,000",GK,31,Reserve,"Jun 30, 2023",3-yrs,"€ 660,000",Lorient,Ligue 1,2020-2021
20,Jérôme Hergault,"€ 3,654","€ 190,000",RB,34,Reserve,"Jun 30, 2021",1-yr,"€ 190,000",Lorient,Ligue 1,2020-2021
21,Enzo Le Fée,"€ 1,923","€ 100,000",CM,20,Reserve,"Jun 30, 2024",4-yrs,"€ 400,000",Lorient,Ligue 1,2020-2021
22,Andreaw Gravillon,"€ 1,731","€ 90,000",CB,22,Starter,"Jun 30, 2021",1-yr,"€ 90,000",Lorient,Ligue 1,2020-2021
23,Tiago Ilori,"€ 1,538","€ 80,000",CB,27,Reserve,"Jun 30, 2021",1-yr,"€ 80,000",Lorient,Ligue 1,2020-2021
24,Franklin Wadja,€ 577,"€ 30,000",DM,25,Reserve,"Jun 30, 2022",2-yrs,"€ 60,000",Lorient,Ligue 1,2020-2021
25,Teddy Bartouche,€ 577,"€ 30,000",GK,23,Reserve,"Jun 30, 2022",2-yrs,"€ 60,000",Lorient,Ligue 1,2020-2021
26,Thomas Callens,€ 577,"€ 30,000",GK,22,Reserve,"Jun 30, 2021",1-yr,"€ 30,000",Lorient,Ligue 1,2020-2021
27,Malamine Doumbouya,€ 385,"€ 20,000",DM,20,Reserve,"Jun 30, 2021",1-yr,"€ 20,000",Lorient,Ligue 1,2020-2021
0,Memphis Depay,"€ 110,769","€ 5,760,000",LW,26,Starter,"Jun 30, 2021",1-yr,"€ 5,760,000",Lyon,Ligue 1,2020-2021
1,Anthony Lopes,"€ 92,308","€ 4,800,000",GK,30,Starter,"Jun 30, 2023",3-yrs,"€ 14,400,000",Lyon,Ligue 1,2020-2021
2,Islam Slimani,"€ 87,692","€ 4,560,000",CF,32,Starter,"Jun 30, 2022",2-yrs,"€ 9,120,000",Lyon,Ligue 1,2020-2021
3,Houssem Aouar,"€ 71,538","€ 3,720,000",CM,22,Reserve,"Jun 30, 2023",3-yrs,"€ 11,160,000",Lyon,Ligue 1,2020-2021
4,Thiago Mendes,"€ 69,231","€ 3,600,000",DM,28,Reserve,"Jun 30, 2023",3-yrs,"€ 10,800,000",Lyon,Ligue 1,2020-2021
5,Maxwel Cornet,"€ 68,654","€ 3,570,000",LB,24,Starter,"Jun 30, 2023",3-yrs,"€ 10,710,000",Lyon,Ligue 1,2020-2021
6,Lucas Paquetá,"€ 62,500","€ 3,250,000",AM,23,Reserve,"Jun 30, 2025",5-yrs,"€ 16,250,000",Lyon,Ligue 1,2020-2021
7,Jason Denayer,"€ 50,577","€ 2,630,000",CB,25,Reserve,"Jun 30, 2022",2-yrs,"€ 5,260,000",Lyon,Ligue 1,2020-2021
8,Marcelo,"€ 46,346","€ 2,410,000",CB,33,Reserve,"Jun 30, 2023",3-yrs,"€ 7,230,000",Lyon,Ligue 1,2020-2021
9,Bruno Guimarães,"€ 46,154","€ 2,400,000",CM,23,Starter,"Jun 30, 2024",4-yrs,"€ 9,600,000",Lyon,Ligue 1,2020-2021
10,Léo Dubois,"€ 38,077","€ 1,980,000",RB,26,Reserve,"Jun 30, 2024",4-yrs,"€ 7,920,000",Lyon,Ligue 1,2020-2021
11,Mattia De Sciglio,"€ 37,885","€ 1,970,000",RB,28,Starter,"Jun 30, 2021",1-yr,"€ 1,970,000",Lyon,Ligue 1,2020-2021
12,Karl Toko Ekambi,"€ 29,423","€ 1,530,000",CF,28,Reserve,"Jun 30, 2024",4-yrs,"€ 6,120,000",Lyon,Ligue 1,2020-2021
13,Tino Kadewere,"€ 20,769","€ 1,080,000",CF,25,Reserve,"Jun 30, 2024",4-yrs,"€ 4,320,000",Lyon,Ligue 1,2020-2021
14,Julian Pollersbeck,"€ 19,423","€ 1,010,000",GK,26,Reserve,"Jun 30, 2024",4-yrs,"€ 4,040,000",Lyon,Ligue 1,2020-2021
15,Djamel Eddine Benlamri,"€ 16,538","€ 860,000",CB,31,Starter,"Jun 30, 2021",1-yr,"€ 860,000",Lyon,Ligue 1,2020-2021
16,Melvin Bard,"€ 13,654","€ 710,000",LB,20,Starter,"Jun 30, 2024",4-yrs,"€ 2,840,000",Lyon,Ligue 1,2020-2021
17,Maxence Caqueret,"€ 12,115","€ 630,000",CM,20,Starter,"Jun 30, 2023",3-yrs,"€ 1,890,000",Lyon,Ligue 1,2020-2021
18,Sinaly Diomandé,"€ 11,731","€ 610,000",CB,19,Starter,"Jun 30, 2025",5-yrs,"€ 3,050,000",Lyon,Ligue 1,2020-2021
19,Cenk Özkacar,"€ 11,346","€ 590,000",CB,20,Reserve,"Jun 30, 2025",5-yrs,"€ 2,950,000",Lyon,Ligue 1,2020-2021
20,Camilo,"€ 8,846","€ 460,000",CM,21,Reserve,"Jun 30, 2024",4-yrs,"€ 1,840,000",Lyon,Ligue 1,2020-2021
21,Rayan Cherki,"€ 5,769","€ 300,000",AM,17,Starter,"Jun 30, 2023",3-yrs,"€ 900,000",Lyon,Ligue 1,2020-2021
22,Yahya Soumaré,"€ 5,385","€ 280,000",RW,20,Reserve,"Jun 30, 2023",3-yrs,"€ 840,000",Lyon,Ligue 1,2020-2021
23,Malcolm Barcola,"€ 5,385","€ 280,000",GK,21,Reserve,"Jun 30, 2022",2-yrs,"€ 560,000",Lyon,Ligue 1,2020-2021
0,Dimitri Payet,"€ 115,385","€ 6,000,000",LW,33,Reserve,"Jun 30, 2024",4-yrs,"€ 24,000,000",Marseille,Ligue 1,2020-2021
1,Florian Thauvin,"€ 97,308","€ 5,060,000",RW,28,Starter,"Jun 30, 2021",1-yr,"€ 5,060,000",Marseille,Ligue 1,2020-2021
2,Arkadiusz Milik,"€ 92,308","€ 4,800,000",CF,26,Reserve,"Jun 30, 2022",2-yrs,"€ 9,600,000",Marseille,Ligue 1,2020-2021
3,Valère Germain,"€ 76,154","€ 3,960,000",CF,30,Reserve,"Jun 30, 2021",1-yr,"€ 3,960,000",Marseille,Ligue 1,2020-2021
4,Steve Mandanda,"€ 69,231","€ 3,600,000",GK,35,Starter,"Jun 30, 2024",4-yrs,"€ 14,400,000",Marseille,Ligue 1,2020-2021
5,Darío Benedetto,"€ 59,615","€ 3,100,000",CF,30,Starter,"Jun 30, 2023",3-yrs,"€ 9,300,000",Marseille,Ligue 1,2020-2021
6,Duje Caleta-Car,"€ 38,846","€ 2,020,000",CB,24,Starter,"Jun 30, 2023",3-yrs,"€ 6,060,000",Marseille,Ligue 1,2020-2021
7,Valentin Rongier,"€ 33,077","€ 1,720,000",CM,26,Starter,"Jun 30, 2024",4-yrs,"€ 6,880,000",Marseille,Ligue 1,2020-2021
8,Pol Lirola,"€ 31,346","€ 1,630,000",RB,23,Reserve,"Jun 30, 2021",1-yr,"€ 1,630,000",Marseille,Ligue 1,2020-2021
9,Boubacar Kamara,"€ 27,692","€ 1,440,000",DM,21,Starter,"Jun 30, 2022",2-yrs,"€ 2,880,000",Marseille,Ligue 1,2020-2021
10,Michaël Cuisance,"€ 21,731","€ 1,130,000",CM,21,Starter,"Jun 30, 2021",1-yr,"€ 1,130,000",Marseille,Ligue 1,2020-2021
11,Hiroki Sakai,"€ 21,154","€ 1,100,000",RB,30,Starter,"Jun 30, 2022",2-yrs,"€ 2,200,000",Marseille,Ligue 1,2020-2021
12,Jordan Amavi,"€ 19,615","€ 1,020,000",LB,26,Starter,"Jun 30, 2025",5-yrs,"€ 5,100,000",Marseille,Ligue 1,2020-2021
13,Leonardo Balerdi,"€ 19,038","€ 990,000",CB,22,Starter,"Jun 30, 2021",1-yr,"€ 990,000",Marseille,Ligue 1,2020-2021
14,Luis Henrique,"€ 17,115","€ 890,000",LW,19,Reserve,"Jun 30, 2025",5-yrs,"€ 4,450,000",Marseille,Ligue 1,2020-2021
15,Olivier Ntcham,"€ 16,731","€ 870,000",CM,24,Reserve,"Jun 30, 2021",1-yr,"€ 870,000",Marseille,Ligue 1,2020-2021
16,Franco Tongya,"€ 15,385","€ 800,000",AM,18,Reserve,"Jun 30, 2025",5-yrs,"€ 4,000,000",Marseille,Ligue 1,2020-2021
17,Álvaro González,"€ 12,692","€ 660,000",CB,31,Starter,"Jun 30, 2024",4-yrs,"€ 2,640,000",Marseille,Ligue 1,2020-2021
18,Yohann Pelé,"€ 11,154","€ 580,000",GK,38,Reserve,"Jun 30, 2021",1-yr,"€ 580,000",Marseille,Ligue 1,2020-2021
19,Yuto Nagatomo,"€ 5,192","€ 270,000",LB,34,Reserve,"Jun 30, 2021",1-yr,"€ 270,000",Marseille,Ligue 1,2020-2021
20,Saîf-Eddine Khaoui,"€ 4,038","€ 210,000",AM,25,Reserve,"Jun 30, 2021",1-yr,"€ 210,000",Marseille,Ligue 1,2020-2021
21,Pape Gueye,"€ 2,692","€ 140,000",DM,22,Reserve,"Jun 30, 2024",4-yrs,"€ 560,000",Marseille,Ligue 1,2020-2021
22,Lucas Perrin,"€ 1,923","€ 100,000",CB,22,Reserve,"Jun 30, 2023",3-yrs,"€ 300,000",Marseille,Ligue 1,2020-2021
23,Alexandre Phliponeau,"€ 1,923","€ 100,000",DM,21,Reserve,"Jun 30, 2022",2-yrs,"€ 200,000",Marseille,Ligue 1,2020-2021
24,Christopher Rocchia,"€ 1,923","€ 100,000",LB,23,Reserve,"Jun 30, 2021",1-yr,"€ 100,000",Marseille,Ligue 1,2020-2021
25,Nassim Ahmed,"€ 1,923","€ 100,000",DM,20,Reserve,"Jun 30, 2023",3-yrs,"€ 300,000",Marseille,Ligue 1,2020-2021
26,Simon Ngapandouetnbu,"€ 1,538","€ 80,000",GK,17,Reserve,"Jun 30, 2022",2-yrs,"€ 160,000",Marseille,Ligue 1,2020-2021
27,Ugo Bertelli,"€ 1,538","€ 80,000",CM,17,Reserve,"Jun 30, 2023",3-yrs,"€ 240,000",Marseille,Ligue 1,2020-2021
28,Richecard Richard,"€ 1,538","€ 80,000",RB,18,Reserve,"Jun 30, 2023",3-yrs,"€ 240,000",Marseille,Ligue 1,2020-2021
29,Aaron Kamardin,"€ 1,538","€ 80,000",CB,18,Reserve,"Jun 30, 2023",3-yrs,"€ 240,000",Marseille,Ligue 1,2020-2021
30,Jorès Rahou,"€ 1,538","€ 80,000",AM,18,Reserve,"Jun 30, 2023",3-yrs,"€ 240,000",Marseille,Ligue 1,2020-2021
31,Cheick Souaré,"€ 1,538","€ 80,000",CM,18,Reserve,"Jun 30, 2023",3-yrs,"€ 240,000",Marseille,Ligue 1,2020-2021
0,Vincent Pajot,"€ 16,154","€ 840,000",DM,30,Reserve,"Jun 30, 2022",2-yrs,"€ 1,680,000",Metz,Ligue 1,2020-2021
1,Opa Nguette,"€ 16,154","€ 840,000",LW,26,Starter,"Jun 30, 2022",2-yrs,"€ 1,680,000",Metz,Ligue 1,2020-2021
2,Dylan Bronn,"€ 16,154","€ 840,000",CB,25,Starter,"Jun 30, 2024",4-yrs,"€ 3,360,000",Metz,Ligue 1,2020-2021
3,Farid Boulaya,"€ 13,462","€ 700,000",RW,27,Starter,"Jun 30, 2022",2-yrs,"€ 1,400,000",Metz,Ligue 1,2020-2021
4,Aaron Leya Iseka,"€ 11,538","€ 600,000",CF,23,Reserve,"Jun 30, 2021",1-yr,"€ 600,000",Metz,Ligue 1,2020-2021
5,Victorien Angban,"€ 10,000","€ 520,000",CM,24,Starter,"Jun 30, 2023",3-yrs,"€ 1,560,000",Metz,Ligue 1,2020-2021
6,Vagner,"€ 9,615","€ 500,000",RW,25,Reserve,"Jun 30, 2024",4-yrs,"€ 2,000,000",Metz,Ligue 1,2020-2021
7,Habib Maïga,"€ 8,654","€ 450,000",DM,25,Starter,"Jun 30, 2024",4-yrs,"€ 1,800,000",Metz,Ligue 1,2020-2021
8,John Boye,"€ 8,654","€ 450,000",CB,33,Reserve,"Jun 30, 2021",1-yr,"€ 450,000",Metz,Ligue 1,2020-2021
9,Thierry Ambrose,"€ 7,500","€ 390,000",CF,23,Reserve,"Jun 30, 2023",3-yrs,"€ 1,170,000",Metz,Ligue 1,2020-2021
10,Kévin N'Doram,"€ 7,500","€ 390,000",DM,25,Reserve,"Jun 30, 2024",4-yrs,"€ 1,560,000",Metz,Ligue 1,2020-2021
11,Alexandre Oukidja,"€ 5,577","€ 290,000",GK,32,Starter,"Jun 30, 2023",3-yrs,"€ 870,000",Metz,Ligue 1,2020-2021
12,Thomas Delaine,"€ 5,385","€ 280,000",LB,28,Reserve,"Jun 30, 2022",2-yrs,"€ 560,000",Metz,Ligue 1,2020-2021
13,Kiki Kouyaté,"€ 4,615","€ 240,000",CB,23,Starter,"Jun 30, 2024",4-yrs,"€ 960,000",Metz,Ligue 1,2020-2021
14,Fabien Centonze,"€ 4,038","€ 210,000",RB,25,Starter,"Jun 30, 2024",4-yrs,"€ 840,000",Metz,Ligue 1,2020-2021
15,Lamine Gueye,"€ 3,846","€ 200,000",RW,22,Starter,"Jun 30, 2024",4-yrs,"€ 800,000",Metz,Ligue 1,2020-2021
16,Mamadou Fofana,"€ 3,846","€ 200,000",DM,23,Reserve,"Jun 30, 2024",4-yrs,"€ 800,000",Metz,Ligue 1,2020-2021
17,Manuel Cabit,"€ 3,654","€ 190,000",LB,27,Reserve,"Jun 30, 2022",2-yrs,"€ 380,000",Metz,Ligue 1,2020-2021
18,Adama Traoré,"€ 3,654","€ 190,000",LW,25,Reserve,"Jun 30, 2022",2-yrs,"€ 380,000",Metz,Ligue 1,2020-2021
19,Marc-Aurèle Caillard,"€ 3,462","€ 180,000",GK,26,Reserve,"Jun 30, 2022",2-yrs,"€ 360,000",Metz,Ligue 1,2020-2021
20,Pape Sarr,"€ 3,462","€ 180,000",CM,18,Reserve,"Jun 30, 2025",5-yrs,"€ 900,000",Metz,Ligue 1,2020-2021
21,Ibrahima Niane,"€ 3,077","€ 160,000",CF,21,Reserve,"Jun 30, 2024",4-yrs,"€ 640,000",Metz,Ligue 1,2020-2021
22,Warren Tchimbembé,"€ 2,885","€ 150,000",RM,22,Starter,"Jun 30, 2024",4-yrs,"€ 600,000",Metz,Ligue 1,2020-2021
23,Ernest Boahene,"€ 2,885","€ 150,000",RB,20,Reserve,"Jun 30, 2021",1-yr,"€ 150,000",Metz,Ligue 1,2020-2021
24,Youssef Maziz,"€ 2,308","€ 120,000",LM,22,Reserve,"Jun 30, 2024",4-yrs,"€ 480,000",Metz,Ligue 1,2020-2021
25,Matthieu Udol,"€ 1,346","€ 70,000",LB,24,Starter,"Jun 30, 2024",4-yrs,"€ 280,000",Metz,Ligue 1,2020-2021
26,Papa Ndiaga Yade,€ 962,"€ 50,000",SS,21,Reserve,"Jun 30, 2024",4-yrs,"€ 200,000",Metz,Ligue 1,2020-2021
27,Boubacar Traoré,€ 577,"€ 30,000",CM,19,Reserve,"Jun 30, 2024",4-yrs,"€ 120,000",Metz,Ligue 1,2020-2021
28,Lenny Lacroix,€ 385,"€ 20,000",CB,17,Reserve,"Jun 30, 2023",3-yrs,"€ 60,000",Metz,Ligue 1,2020-2021
0,Wissam Ben Yedder,"€ 150,000","€ 7,800,000",CF,30,Starter,"Jun 30, 2024",4-yrs,"€ 31,200,000",Monaco,Ligue 1,2020-2021
1,Cesc Fàbregas,"€ 138,462","€ 7,200,000",CM,33,Reserve,"Jun 30, 2022",2-yrs,"€ 14,400,000",Monaco,Ligue 1,2020-2021
2,Gelson Martins,"€ 69,231","€ 3,600,000",RW,25,Starter,"Jun 30, 2024",4-yrs,"€ 14,400,000",Monaco,Ligue 1,2020-2021
3,Kevin Volland,"€ 69,231","€ 3,600,000",CF,28,Starter,"Jun 30, 2024",4-yrs,"€ 14,400,000",Monaco,Ligue 1,2020-2021
4,Djibril Sidibé,"€ 61,731","€ 3,210,000",RB,28,Reserve,"Jun 30, 2022",2-yrs,"€ 6,420,000",Monaco,Ligue 1,2020-2021
5,Benjamin Lecomte,"€ 59,423","€ 3,090,000",GK,29,Starter,"Jun 30, 2024",4-yrs,"€ 12,360,000",Monaco,Ligue 1,2020-2021
6,Krépin Diatta,"€ 57,692","€ 3,000,000",RW,21,Reserve,"Jun 30, 2025",5-yrs,"€ 15,000,000",Monaco,Ligue 1,2020-2021
7,Stevan Jovetic,"€ 47,692","€ 2,480,000",CF,31,Reserve,"Jun 30, 2021",1-yr,"€ 2,480,000",Monaco,Ligue 1,2020-2021
8,Aleksandr Golovin,"€ 43,654","€ 2,270,000",AM,24,Reserve,"Jun 30, 2024",4-yrs,"€ 9,080,000",Monaco,Ligue 1,2020-2021
9,Caio Henrique,"€ 42,115","€ 2,190,000",LB,23,Starter,"Jun 30, 2025",5-yrs,"€ 10,950,000",Monaco,Ligue 1,2020-2021
10,Guillermo Maripán,"€ 26,923","€ 1,400,000",CB,26,Reserve,"Jun 30, 2024",4-yrs,"€ 5,600,000",Monaco,Ligue 1,2020-2021
11,Florentino,"€ 25,385","€ 1,320,000",DM,21,Reserve,"Jun 30, 2021",1-yr,"€ 1,320,000",Monaco,Ligue 1,2020-2021
12,Radoslaw Majecki,"€ 23,654","€ 1,230,000",GK,21,Reserve,"Jun 30, 2024",4-yrs,"€ 4,920,000",Monaco,Ligue 1,2020-2021
13,Ruben Aguilar,"€ 23,462","€ 1,220,000",RB,27,Starter,"Jun 30, 2024",4-yrs,"€ 4,880,000",Monaco,Ligue 1,2020-2021
14,Fodé Ballo-Touré,"€ 21,731","€ 1,130,000",LB,24,Reserve,"Jun 30, 2023",3-yrs,"€ 3,390,000",Monaco,Ligue 1,2020-2021
15,Aurélien Tchouaméni,"€ 19,231","€ 1,000,000",DM,21,Starter,"Jun 30, 2024",4-yrs,"€ 4,000,000",Monaco,Ligue 1,2020-2021
16,Pietro Pellegri,"€ 17,115","€ 890,000",CF,19,Reserve,"Jun 30, 2022",2-yrs,"€ 1,780,000",Monaco,Ligue 1,2020-2021
17,Vito Mannone,"€ 16,538","€ 860,000",GK,32,Reserve,"Jun 30, 2022",2-yrs,"€ 1,720,000",Monaco,Ligue 1,2020-2021
18,Axel Disasi,"€ 13,846","€ 720,000",CB,22,Starter,"Jun 30, 2025",5-yrs,"€ 3,600,000",Monaco,Ligue 1,2020-2021
19,Youssef Aït Bennasser,"€ 12,885","€ 670,000",CM,24,Reserve,"Jun 30, 2021",1-yr,"€ 670,000",Monaco,Ligue 1,2020-2021
20,Willem Geubbels,"€ 11,538","€ 600,000",LW,19,Reserve,"Jun 30, 2023",3-yrs,"€ 1,800,000",Monaco,Ligue 1,2020-2021
21,Samuel Grandsir,"€ 11,154","€ 580,000",RW,24,Reserve,"Jun 30, 2023",3-yrs,"€ 1,740,000",Monaco,Ligue 1,2020-2021
22,Benoît Badiashile,"€ 11,154","€ 580,000",CB,19,Starter,"Jun 30, 2024",4-yrs,"€ 2,320,000",Monaco,Ligue 1,2020-2021
23,Sofiane Diop,"€ 10,577","€ 550,000",AM,20,Starter,"Jun 30, 2023",3-yrs,"€ 1,650,000",Monaco,Ligue 1,2020-2021
24,Chrislain Matsima,"€ 7,308","€ 380,000",CB,18,Reserve,"Jun 30, 2025",5-yrs,"€ 1,900,000",Monaco,Ligue 1,2020-2021
25,Youssouf Fofana,"€ 5,385","€ 280,000",CM,22,Starter,"Jun 30, 2024",4-yrs,"€ 1,120,000",Monaco,Ligue 1,2020-2021
26,Enzo Millot,€ 769,"€ 40,000",CM,18,Reserve,"Jun 30, 2022",2-yrs,"€ 80,000",Monaco,Ligue 1,2020-2021
27,Eliot Matazo,€ 769,"€ 40,000",CM,18,Reserve,"Jun 30, 2021",1-yr,"€ 40,000",Monaco,Ligue 1,2020-2021
0,Jordan Ferri,"€ 30,000","€ 1,560,000",CM,28,Starter,"Jun 30, 2023",3-yrs,"€ 4,680,000",Montpellier,Ligue 1,2020-2021
1,Florent Mollet,"€ 29,423","€ 1,530,000",AM,29,Starter,"Jun 30, 2023",3-yrs,"€ 4,590,000",Montpellier,Ligue 1,2020-2021
2,Andy Delort,"€ 27,692","€ 1,440,000",CF,29,Starter,"Jun 30, 2024",4-yrs,"€ 5,760,000",Montpellier,Ligue 1,2020-2021
3,Damien Le Tallec,"€ 26,923","€ 1,400,000",DM,30,Reserve,"Jun 30, 2022",2-yrs,"€ 2,800,000",Montpellier,Ligue 1,2020-2021
4,Téji Savanier,"€ 25,385","€ 1,320,000",CM,29,Starter,"Jun 30, 2023",3-yrs,"€ 3,960,000",Montpellier,Ligue 1,2020-2021
5,Gaëtan Laborde,"€ 25,385","€ 1,320,000",CF,26,Starter,"Jun 30, 2023",3-yrs,"€ 3,960,000",Montpellier,Ligue 1,2020-2021
6,Jonas Omlin,"€ 16,154","€ 840,000",GK,27,Starter,"Jun 30, 2024",4-yrs,"€ 3,360,000",Montpellier,Ligue 1,2020-2021
7,Junior Sambia,"€ 12,500","€ 650,000",RB,24,Starter,"Jun 30, 2022",2-yrs,"€ 1,300,000",Montpellier,Ligue 1,2020-2021
8,Keagan Dolly,"€ 12,308","€ 640,000",LW,28,Reserve,"Jun 30, 2021",1-yr,"€ 640,000",Montpellier,Ligue 1,2020-2021
9,Pedro Mendes,"€ 10,577","€ 550,000",CB,30,Starter,"Jun 30, 2023",3-yrs,"€ 1,650,000",Montpellier,Ligue 1,2020-2021
10,Petar Skuletic,"€ 10,577","€ 550,000",CF,30,Reserve,"Jun 30, 2021",1-yr,"€ 550,000",Montpellier,Ligue 1,2020-2021
11,Stephy Mavididi,"€ 9,615","€ 500,000",CF,22,Reserve,"Jun 30, 2024",4-yrs,"€ 2,000,000",Montpellier,Ligue 1,2020-2021
12,Daniel Congré,"€ 8,846","€ 460,000",CB,35,Starter,"Jun 30, 2021",1-yr,"€ 460,000",Montpellier,Ligue 1,2020-2021
13,Ambroise Oyongo,"€ 8,654","€ 450,000",LB,29,Starter,"Jun 30, 2022",2-yrs,"€ 900,000",Montpellier,Ligue 1,2020-2021
14,Mihailo Ristic,"€ 8,654","€ 450,000",LM,25,Reserve,"Jun 30, 2022",2-yrs,"€ 900,000",Montpellier,Ligue 1,2020-2021
15,Arnaud Souquet,"€ 8,269","€ 430,000",RB,28,Reserve,"Jun 30, 2023",3-yrs,"€ 1,290,000",Montpellier,Ligue 1,2020-2021
16,Hilton,"€ 8,269","€ 430,000",CB,43,Reserve,"Jun 30, 2021",1-yr,"€ 430,000",Montpellier,Ligue 1,2020-2021
17,Mathías Suárez,"€ 8,077","€ 420,000",RB,24,Reserve,"Jun 30, 2023",3-yrs,"€ 1,260,000",Montpellier,Ligue 1,2020-2021
18,Nicolas Cozza,"€ 5,962","€ 310,000",CB,22,Reserve,"Jun 30, 2022",2-yrs,"€ 620,000",Montpellier,Ligue 1,2020-2021
19,Il-lok Yun,"€ 3,846","€ 200,000",LW,28,Reserve,"Jun 30, 2021",1-yr,"€ 200,000",Montpellier,Ligue 1,2020-2021
20,Dimitry Bertaud,"€ 1,923","€ 100,000",GK,22,Reserve,"Jun 30, 2022",2-yrs,"€ 200,000",Montpellier,Ligue 1,2020-2021
21,Elye Wahi,"€ 1,923","€ 100,000",CF,18,Reserve,"Jun 30, 2025",5-yrs,"€ 500,000",Montpellier,Ligue 1,2020-2021
22,Joris Chotard,"€ 1,154","€ 60,000",DM,19,Starter,"Jun 30, 2024",4-yrs,"€ 240,000",Montpellier,Ligue 1,2020-2021
23,Yanis Ammour,"€ 1,154","€ 60,000",CF,21,Reserve,"Jun 30, 2021",1-yr,"€ 60,000",Montpellier,Ligue 1,2020-2021
24,Samy Benchamma,€ 769,"€ 40,000",CM,20,Reserve,"Jun 30, 2021",1-yr,"€ 40,000",Montpellier,Ligue 1,2020-2021
25,Béni Makouana,€ 577,"€ 30,000",CF,18,Reserve,"Jun 30, 2021",1-yr,"€ 30,000",Montpellier,Ligue 1,2020-2021
26,Clément Vidal,€ 385,"€ 20,000",CB,20,Reserve,"Jun 30, 2022",2-yrs,"€ 40,000",Montpellier,Ligue 1,2020-2021
27,Thibault Tamas,€ 385,"€ 20,000",LB,19,Reserve,"Jun 30, 2022",2-yrs,"€ 40,000",Montpellier,Ligue 1,2020-2021
28,Matis Carvalho,€ 385,"€ 20,000",GK,21,Reserve,"Jun 30, 2022",2-yrs,"€ 40,000",Montpellier,Ligue 1,2020-2021
0,Moses Simon,"€ 34,615","€ 1,800,000",LW,25,Reserve,"Jun 30, 2024",4-yrs,"€ 7,200,000",Nantes,Ligue 1,2020-2021
1,Kalifa Coulibaly,"€ 28,846","€ 1,500,000",CF,29,Reserve,"Jun 30, 2022",2-yrs,"€ 3,000,000",Nantes,Ligue 1,2020-2021
2,Nicolas Pallois,"€ 25,385","€ 1,320,000",CB,33,Starter,"Jun 30, 2022",2-yrs,"€ 2,640,000",Nantes,Ligue 1,2020-2021
3,Jean-Kévin Augustin,"€ 23,077","€ 1,200,000",CF,23,Reserve,"Jun 30, 2022",2-yrs,"€ 2,400,000",Nantes,Ligue 1,2020-2021
4,Andrei Girotto,"€ 20,769","€ 1,080,000",CB,28,Reserve,"Jun 30, 2024",4-yrs,"€ 4,320,000",Nantes,Ligue 1,2020-2021
5,Alban Lafont,"€ 19,615","€ 1,020,000",GK,22,Reserve,"Jun 30, 2021",1-yr,"€ 1,020,000",Nantes,Ligue 1,2020-2021
6,Ludovic Blas,"€ 18,462","€ 960,000",AM,23,Starter,"Jun 30, 2024",4-yrs,"€ 3,840,000",Nantes,Ligue 1,2020-2021
7,Dennis Appiah,"€ 18,462","€ 960,000",RB,28,Starter,"Jun 30, 2023",3-yrs,"€ 2,880,000",Nantes,Ligue 1,2020-2021
8,Renaud Emond,"€ 17,308","€ 900,000",CF,29,Reserve,"Jun 30, 2022",2-yrs,"€ 1,800,000",Nantes,Ligue 1,2020-2021
9,Anthony Limbombe,"€ 17,308","€ 900,000",LW,26,Reserve,"Jun 30, 2023",3-yrs,"€ 2,700,000",Nantes,Ligue 1,2020-2021
10,Sébastien Corchia,"€ 17,308","€ 900,000",RB,30,Starter,"Jun 30, 2023",3-yrs,"€ 2,700,000",Nantes,Ligue 1,2020-2021
11,Fábio,"€ 15,000","€ 780,000",RB,30,Reserve,"Jun 30, 2022",2-yrs,"€ 1,560,000",Nantes,Ligue 1,2020-2021
12,Pedro Chirivella,"€ 13,846","€ 720,000",DM,23,Starter,"Jun 30, 2023",3-yrs,"€ 2,160,000",Nantes,Ligue 1,2020-2021
13,Imran Louza,"€ 11,538","€ 600,000",CM,21,Reserve,"Jun 30, 2024",4-yrs,"€ 2,400,000",Nantes,Ligue 1,2020-2021
14,Abdoulaye Touré,"€ 10,385","€ 540,000",DM,26,Starter,"Jun 30, 2022",2-yrs,"€ 1,080,000",Nantes,Ligue 1,2020-2021
15,Charles Traoré,"€ 10,385","€ 540,000",LB,29,Reserve,"Jun 30, 2023",3-yrs,"€ 1,620,000",Nantes,Ligue 1,2020-2021
16,Jean-Charles Castelletto,"€ 10,385","€ 540,000",CB,26,Reserve,"Jun 30, 2023",3-yrs,"€ 1,620,000",Nantes,Ligue 1,2020-2021
17,Marcus Coco,"€ 9,231","€ 480,000",RW,24,Reserve,"Jun 30, 2023",3-yrs,"€ 1,440,000",Nantes,Ligue 1,2020-2021
18,Randal Kolo Muani,"€ 6,923","€ 360,000",CF,22,Starter,"Jun 30, 2022",2-yrs,"€ 720,000",Nantes,Ligue 1,2020-2021
19,Abdoul Kader Bamba,"€ 6,154","€ 320,000",RW,26,Starter,"Jun 30, 2024",4-yrs,"€ 1,280,000",Nantes,Ligue 1,2020-2021
20,Thomas Basila,"€ 5,577","€ 290,000",CB,21,starter,"Jun 30, 2021",1-yr,"€ 290,000",Nantes,Ligue 1,2020-2021
21,Denis Petric,"€ 4,231","€ 220,000",GK,32,Starter,"Jun 30, 2022",2-yrs,"€ 440,000",Nantes,Ligue 1,2020-2021
22,Batista Mendy,"€ 2,308","€ 120,000",DM,21,Reserve,"Jun 30, 2021",1-yr,"€ 120,000",Nantes,Ligue 1,2020-2021
23,Roli Pereira de Sa,"€ 1,154","€ 60,000",AM,24,Reserve,"Jun 30, 2022",2-yrs,"€ 120,000",Nantes,Ligue 1,2020-2021
24,Charly Jan,"€ 1,154","€ 60,000",GK,21,Reserve,"Jun 30, 2022",2-yrs,"€ 120,000",Nantes,Ligue 1,2020-2021
25,Bridge Ndilu,"€ 1,154","€ 60,000",CF,20,Starter,"Jun 30, 2024",4-yrs,"€ 240,000",Nantes,Ligue 1,2020-2021
0,Kasper Dolberg,"€ 57,692","€ 3,000,000",CF,23,Starter,"Jun 30, 2024",4-yrs,"€ 12,000,000",Nice,Ligue 1,2020-2021
1,William Saliba,"€ 44,423","€ 2,310,000",CB,19,Reserve,"Jun 30, 2021",1-yr,"€ 2,310,000",Nice,Ligue 1,2020-2021
2,Youcef Atal,"€ 34,615","€ 1,800,000",RB,24,Reserve,"Jun 30, 2023",3-yrs,"€ 5,400,000",Nice,Ligue 1,2020-2021
3,Rony Lopes,"€ 34,231","€ 1,780,000",RW,25,Starter,"Jun 30, 2021",1-yr,"€ 1,780,000",Nice,Ligue 1,2020-2021
4,Morgan Schneiderlin,"€ 29,615","€ 1,540,000",DM,31,Starter,"Jun 30, 2021",1-yr,"€ 1,540,000",Nice,Ligue 1,2020-2021
5,Dante,"€ 28,846","€ 1,500,000",CB,37,Starter,"Jun 30, 2022",2-yrs,"€ 3,000,000",Nice,Ligue 1,2020-2021
6,Myziane Maolida,"€ 23,269","€ 1,210,000",CF,21,Reserve,"Jun 30, 2023",3-yrs,"€ 3,630,000",Nice,Ligue 1,2020-2021
7,Alexis Claude-Maurice,"€ 23,077","€ 1,200,000",LW,22,Reserve,"Jun 30, 2024",4-yrs,"€ 4,800,000",Nice,Ligue 1,2020-2021
8,Stanley Nsoki,"€ 22,500","€ 1,170,000",LB,21,Reserve,"Jun 30, 2023",3-yrs,"€ 3,510,000",Nice,Ligue 1,2020-2021
9,Jeff Reine-Adélaïde,"€ 21,731","€ 1,130,000",CM,23,Reserve,"Jun 30, 2021",1-yr,"€ 1,130,000",Nice,Ligue 1,2020-2021
10,Walter Benítez,"€ 19,808","€ 1,030,000",GK,28,Starter,"Jun 30, 2023",3-yrs,"€ 3,090,000",Nice,Ligue 1,2020-2021
11,Jean-Clair Todibo,"€ 15,000","€ 780,000",CB,21,Reserve,"Jun 30, 2021",1-yr,"€ 780,000",Nice,Ligue 1,2020-2021
12,Jordan Lotomba,"€ 14,615","€ 760,000",RB,22,Starter,"Jun 30, 2025",5-yrs,"€ 3,800,000",Nice,Ligue 1,2020-2021
13,Robson Bambu,"€ 12,692","€ 660,000",CB,23,Starter,"Jun 30, 2025",5-yrs,"€ 3,300,000",Nice,Ligue 1,2020-2021
14,Danilo,"€ 8,654","€ 450,000",DM,24,Reserve,"Jun 30, 2023",3-yrs,"€ 1,350,000",Nice,Ligue 1,2020-2021
15,Amine Gouiri,"€ 8,077","€ 420,000",LW,20,Starter,"Jun 30, 2024",4-yrs,"€ 1,680,000",Nice,Ligue 1,2020-2021
16,Hassane Kamara,"€ 8,077","€ 420,000",LB,26,Starter,"Jun 30, 2024",4-yrs,"€ 1,680,000",Nice,Ligue 1,2020-2021
17,Yoan Cardinale,"€ 6,346","€ 330,000",GK,26,Reserve,"Jun 30, 2021",1-yr,"€ 330,000",Nice,Ligue 1,2020-2021
18,Pierre Lees Melou,"€ 5,577","€ 290,000",CM,27,Starter,"Jun 30, 2023",3-yrs,"€ 870,000",Nice,Ligue 1,2020-2021
19,Hicham Boudaoui,"€ 5,577","€ 290,000",CM,21,Reserve,"Jun 30, 2023",3-yrs,"€ 870,000",Nice,Ligue 1,2020-2021
20,Dan Ndoye,"€ 3,846","€ 200,000",RW,20,Reserve,"Jun 30, 2021",1-yr,"€ 200,000",Nice,Ligue 1,2020-2021
21,Deji Sotona,"€ 3,654","€ 190,000",LW,18,Reserve,"Jun 30, 2023",3-yrs,"€ 570,000",Nice,Ligue 1,2020-2021
22,Andy Pelmard,"€ 2,500","€ 130,000",CB,20,Starter,"Jun 30, 2021",1-yr,"€ 130,000",Nice,Ligue 1,2020-2021
23,Alexis Trouillet,"€ 1,154","€ 60,000",CM,20,Reserve,"Jun 30, 2024",4-yrs,"€ 240,000",Nice,Ligue 1,2020-2021
24,Flavius Daniliuc,€ 769,"€ 40,000",CB,19,Reserve,"Jun 30, 2024",4-yrs,"€ 160,000",Nice,Ligue 1,2020-2021
25,Khéphren Thuram,€ 577,"€ 30,000",DM,19,Reserve,"Jun 30, 2022",2-yrs,"€ 60,000",Nice,Ligue 1,2020-2021
26,Teddy Boulhendi,€ 385,"€ 20,000",GK,19,Reserve,"Jun 30, 2021",1-yr,"€ 20,000",Nice,Ligue 1,2020-2021
0,Anthony Briancon,"€ 18,462","€ 960,000",CB,26,Starter,"Jun 30, 2022",2-yrs,"€ 1,920,000",Nimes,Ligue 1,2020-2021
1,Lucas Deaux,"€ 11,538","€ 600,000",DM,32,Starter,"Jun 30, 2021",1-yr,"€ 600,000",Nimes,Ligue 1,2020-2021
2,Renaud Ripart,"€ 11,538","€ 600,000",RM,27,Starter,"Jun 30, 2023",3-yrs,"€ 1,800,000",Nimes,Ligue 1,2020-2021
3,Moussa Koné,"€ 9,231","€ 480,000",CF,24,Starter,"Jun 30, 2023",3-yrs,"€ 1,440,000",Nimes,Ligue 1,2020-2021
4,Pablo Martinez,"€ 9,231","€ 480,000",CB,31,Reserve,"Jun 30, 2022",2-yrs,"€ 960,000",Nimes,Ligue 1,2020-2021
5,Zinedine Ferhat,"€ 9,231","€ 480,000",RM,27,Starter,"Jun 30, 2022",2-yrs,"€ 960,000",Nimes,Ligue 1,2020-2021
6,Baptiste Reynet,"€ 8,846","€ 460,000",GK,30,Starter,"Jun 30, 2022",2-yrs,"€ 920,000",Nimes,Ligue 1,2020-2021
7,Nolan Roux,"€ 7,115","€ 370,000",CF,32,Reserve,"Jun 30, 2021",1-yr,"€ 370,000",Nimes,Ligue 1,2020-2021
8,Andrés Cubas,"€ 6,731","€ 350,000",DM,24,Starter,"Jun 30, 2024",4-yrs,"€ 1,400,000",Nimes,Ligue 1,2020-2021
9,Loïck Landre,"€ 6,346","€ 330,000",CB,28,Reserve,"Jun 30, 2021",1-yr,"€ 330,000",Nimes,Ligue 1,2020-2021
10,Naomichi Ueda,"€ 6,154","€ 320,000",CB,26,Reserve,"Jun 30, 2021",1-yr,"€ 320,000",Nimes,Ligue 1,2020-2021
11,Niclas Eliasson,"€ 5,962","€ 310,000",LM,25,Reserve,"Jun 30, 2023",3-yrs,"€ 930,000",Nimes,Ligue 1,2020-2021
12,Patrick Burner,"€ 5,577","€ 290,000",RB,24,Reserve,"Jun 30, 2024",4-yrs,"€ 1,160,000",Nimes,Ligue 1,2020-2021
13,Birger Meling,"€ 5,192","€ 270,000",LB,26,Starter,"Jun 30, 2023",3-yrs,"€ 810,000",Nimes,Ligue 1,2020-2021
14,Lamine Fomba,"€ 5,192","€ 270,000",CM,23,Reserve,"Jun 30, 2023",3-yrs,"€ 810,000",Nimes,Ligue 1,2020-2021
15,Sidy Sarr,"€ 4,615","€ 240,000",DM,24,Reserve,"Jun 30, 2023",3-yrs,"€ 720,000",Nimes,Ligue 1,2020-2021
16,Florian Miguel,"€ 4,231","€ 220,000",LB,24,Starter,"Jun 30, 2021",1-yr,"€ 220,000",Nimes,Ligue 1,2020-2021
17,Sofiane Alakouch,"€ 3,269","€ 170,000",RB,22,Starter,"Jun 30, 2021",1-yr,"€ 170,000",Nimes,Ligue 1,2020-2021
18,Karim Aribi,"€ 3,077","€ 160,000",CF,26,Reserve,"Jun 30, 2024",4-yrs,"€ 640,000",Nimes,Ligue 1,2020-2021
19,Haris Duljevic,"€ 3,077","€ 160,000",LM,27,Reserve,"Jun 30, 2022",2-yrs,"€ 320,000",Nimes,Ligue 1,2020-2021
20,Gaëtan Paquiez,"€ 2,500","€ 130,000",RB,26,Reserve,"Jun 30, 2022",2-yrs,"€ 260,000",Nimes,Ligue 1,2020-2021
21,Yassine Benrahou,"€ 2,308","€ 120,000",AM,22,Starter,"Jun 30, 2023",3-yrs,"€ 360,000",Nimes,Ligue 1,2020-2021
22,Clément Depres,"€ 1,923","€ 100,000",CF,26,Reserve,"Jun 30, 2022",2-yrs,"€ 200,000",Nimes,Ligue 1,2020-2021
23,Antoine Valerio,"€ 1,154","€ 60,000",CM,21,Reserve,"Jun 30, 2022",2-yrs,"€ 120,000",Nimes,Ligue 1,2020-2021
24,Lucas Buades,"€ 1,154","€ 60,000",RM,23,Reserve,"Jun 30, 2022",2-yrs,"€ 120,000",Nimes,Ligue 1,2020-2021
25,Kelyan Guessoum,"€ 1,154","€ 60,000",CB,21,Reserve,"Jun 30, 2022",2-yrs,"€ 120,000",Nimes,Ligue 1,2020-2021
26,Marco Majouga,€ 962,"€ 50,000",RW,19,Reserve,"Jun 30, 2021",1-yr,"€ 50,000",Nimes,Ligue 1,2020-2021
27,Mattéo Ahlinvi,€ 962,"€ 50,000",DM,21,Reserve,"Jun 30, 2021",1-yr,"€ 50,000",Nimes,Ligue 1,2020-2021
28,Lucas Dias,€ 962,"€ 50,000",GK,21,Reserve,"Jun 30, 2022",2-yrs,"€ 100,000",Nimes,Ligue 1,2020-2021
29,Sami Ben Amar,€ 577,"€ 30,000",CF,22,Reserve,"Jun 30, 2021",1-yr,"€ 30,000",Nimes,Ligue 1,2020-2021
0,Neymar,"€ 1,049,038","€ 54,550,000",LW,28,Starter,"Jun 30, 2025",5-yrs,"€ 272,750,000",Psg,Ligue 1,2020-2021
1,Kylian Mbappé,"€ 484,231","€ 25,180,000",CF,22,Starter,"Jun 30, 2022",2-yrs,"€ 50,360,000",Psg,Ligue 1,2020-2021
2,Marquinhos,"€ 276,923","€ 14,400,000",CB,26,Starter,"Jun 30, 2024",4-yrs,"€ 57,600,000",Psg,Ligue 1,2020-2021
3,Marco Verratti,"€ 276,923","€ 14,400,000",CM,28,Reserve,"Jun 30, 2024",4-yrs,"€ 57,600,000",Psg,Ligue 1,2020-2021
4,Ángel Di María,"€ 253,846","€ 13,200,000",RW,33,Reserve,"Jun 30, 2021",1-yr,"€ 13,200,000",Psg,Ligue 1,2020-2021
5,Keylor Navas,"€ 230,769","€ 12,000,000",GK,34,Starter,"Jun 30, 2024",4-yrs,"€ 48,000,000",Psg,Ligue 1,2020-2021
6,Mauro Icardi,"€ 184,615","€ 9,600,000",CF,27,Reserve,"Jun 30, 2024",4-yrs,"€ 38,400,000",Psg,Ligue 1,2020-2021
7,Leandro Paredes,"€ 173,077","€ 9,000,000",DM,26,Reserve,"Jun 30, 2023",3-yrs,"€ 27,000,000",Psg,Ligue 1,2020-2021
8,Juan Bernat,"€ 161,538","€ 8,400,000",LB,27,Reserve,"Jun 30, 2025",5-yrs,"€ 42,000,000",Psg,Ligue 1,2020-2021
9,Presnel Kimpembe,"€ 154,615","€ 8,040,000",CB,25,Starter,"Jun 30, 2024",4-yrs,"€ 32,160,000",Psg,Ligue 1,2020-2021
10,Ander Herrera,"€ 150,000","€ 7,800,000",CM,31,Starter,"Jun 30, 2024",4-yrs,"€ 31,200,000",Psg,Ligue 1,2020-2021
11,Julian Draxler,"€ 138,462","€ 7,200,000",AM,27,Reserve,"Jun 30, 2024",4-yrs,"€ 28,800,000",Psg,Ligue 1,2020-2021
12,Idrissa Gueye,"€ 115,385","€ 6,000,000",DM,31,Starter,"Jun 30, 2023",3-yrs,"€ 18,000,000",Psg,Ligue 1,2020-2021
13,Abdou Diallo,"€ 103,846","€ 5,400,000",CB,24,Reserve,"Jun 30, 2024",4-yrs,"€ 21,600,000",Psg,Ligue 1,2020-2021
14,Layvin Kurzawa,"€ 103,846","€ 5,400,000",LB,28,Reserve,"Jun 30, 2024",4-yrs,"€ 21,600,000",Psg,Ligue 1,2020-2021
15,Pablo Sarabia,"€ 103,846","€ 5,400,000",RW,28,Starter,"Jun 30, 2024",4-yrs,"€ 21,600,000",Psg,Ligue 1,2020-2021
16,Alessandro Florenzi,"€ 100,962","€ 5,250,000",RB,29,Starter,"Jun 30, 2021",1-yr,"€ 5,250,000",Psg,Ligue 1,2020-2021
17,Thilo Kehrer,"€ 94,615","€ 4,920,000",CB,24,Reserve,"Jun 30, 2023",3-yrs,"€ 14,760,000",Psg,Ligue 1,2020-2021
18,Rafinha,"€ 62,500","€ 3,250,000",CM,27,Starter,"Jun 30, 2023",3-yrs,"€ 9,750,000",Psg,Ligue 1,2020-2021
19,Sergio Rico,"€ 39,423","€ 2,050,000",GK,27,Reserve,"Jun 30, 2024",4-yrs,"€ 8,200,000",Psg,Ligue 1,2020-2021
20,Danilo Pereira,"€ 30,192","€ 1,570,000",DM,29,Reserve,"Jun 30, 2021",1-yr,"€ 1,570,000",Psg,Ligue 1,2020-2021
21,Colin Dagba,"€ 11,346","€ 590,000",RB,22,Reserve,"Jun 30, 2024",4-yrs,"€ 2,360,000",Psg,Ligue 1,2020-2021
22,Alexandre Letellier,"€ 10,962","€ 570,000",GK,30,Reserve,"Jun 30, 2022",2-yrs,"€ 1,140,000",Psg,Ligue 1,2020-2021
23,Timothée Pembélé,"€ 8,269","€ 430,000",CB,18,Reserve,"Jun 30, 2024",4-yrs,"€ 1,720,000",Psg,Ligue 1,2020-2021
24,Denis Franchi,"€ 7,115","€ 370,000",GK,18,Reserve,"Jun 30, 2023",3-yrs,"€ 1,110,000",Psg,Ligue 1,2020-2021
25,Mathyas Randriamamy,"€ 7,115","€ 370,000",GK,17,Reserve,"Jun 30, 2021",1-yr,"€ 370,000",Psg,Ligue 1,2020-2021
26,Mitchel Bakker,"€ 7,115","€ 370,000",LB,20,Starter,"Jun 30, 2023",3-yrs,"€ 1,110,000",Psg,Ligue 1,2020-2021
27,Yanis Saidani,"€ 7,115","€ 370,000",GK,19,Reserve,"Jun 30, 2021",1-yr,"€ 370,000",Psg,Ligue 1,2020-2021
28,Maxen Kapo,€ 577,"€ 30,000",DM,20,Reserve,"Jun 30, 2022",2-yrs,"€ 60,000",Psg,Ligue 1,2020-2021
29,Kays Ruiz-Atil,€ 385,"€ 20,000",CM,18,Reserve,"Jun 30, 2021",1-yr,"€ 20,000",Psg,Ligue 1,2020-2021
0,Valon Berisha,"€ 14,231","€ 740,000",CM,27,Starter,"Jun 30, 2024",4-yrs,"€ 2,960,000",Reims,Ligue 1,2020-2021
1,Predrag Rajkovic,"€ 13,846","€ 720,000",GK,25,Reserve,"Jun 30, 2023",3-yrs,"€ 2,160,000",Reims,Ligue 1,2020-2021
2,Thomas Foket,"€ 13,846","€ 720,000",RB,26,Starter,"Jun 30, 2023",3-yrs,"€ 2,160,000",Reims,Ligue 1,2020-2021
3,Arbër Zeneli,"€ 13,462","€ 700,000",LW,25,Reserve,"Jun 30, 2023",3-yrs,"€ 2,100,000",Reims,Ligue 1,2020-2021
4,Xavier Chavalerin,"€ 10,769","€ 560,000",DM,29,Reserve,"Jun 30, 2022",2-yrs,"€ 1,120,000",Reims,Ligue 1,2020-2021
5,Yunis Abdelhamid,"€ 9,231","€ 480,000",CB,33,Starter,"Jun 30, 2022",2-yrs,"€ 960,000",Reims,Ligue 1,2020-2021
6,Wout Faes,"€ 8,077","€ 420,000",CB,22,Reserve,"Jun 30, 2024",4-yrs,"€ 1,680,000",Reims,Ligue 1,2020-2021
7,Dario Maresic,"€ 7,692","€ 400,000",CB,21,Starter,"Jun 30, 2024",4-yrs,"€ 1,600,000",Reims,Ligue 1,2020-2021
8,Moussa Doumbia,"€ 7,500","€ 390,000",LW,26,Starter,"Jun 30, 2022",2-yrs,"€ 780,000",Reims,Ligue 1,2020-2021
9,Mathieu Cafaro,"€ 7,500","€ 390,000",AM,23,Reserve,"Jun 30, 2022",2-yrs,"€ 780,000",Reims,Ligue 1,2020-2021
10,Kaj Sierhuis,"€ 7,308","€ 380,000",CF,22,Starter,"Jun 30, 2024",4-yrs,"€ 1,520,000",Reims,Ligue 1,2020-2021
11,Moreto Cassamá,"€ 7,115","€ 370,000",CM,22,Reserve,"Jun 30, 2024",4-yrs,"€ 1,480,000",Reims,Ligue 1,2020-2021
12,Dereck Kutesa,"€ 5,385","€ 280,000",RW,23,Starter,"Jun 30, 2023",3-yrs,"€ 840,000",Reims,Ligue 1,2020-2021
13,Mouhamadou Drammeh,"€ 4,808","€ 250,000",DM,21,Starter,"Jun 30, 2022",2-yrs,"€ 500,000",Reims,Ligue 1,2020-2021
14,El Bilal Touré,"€ 4,808","€ 250,000",CF,19,Starter,"Jun 30, 2024",4-yrs,"€ 1,000,000",Reims,Ligue 1,2020-2021
15,Ghislain Konan,"€ 4,423","€ 230,000",LB,25,Reserve,"Jun 30, 2022",2-yrs,"€ 460,000",Reims,Ligue 1,2020-2021
16,Boulaye Dia,"€ 3,269","€ 170,000",CF,24,Reserve,"Jun 30, 2022",2-yrs,"€ 340,000",Reims,Ligue 1,2020-2021
17,Thibault De Smet,"€ 2,885","€ 150,000",LB,22,Starter,"Jun 30, 2024",4-yrs,"€ 600,000",Reims,Ligue 1,2020-2021
18,Nathanaël Mbuku,€ 769,"€ 40,000",LW,18,Reserve,"Jun 30, 2023",3-yrs,"€ 120,000",Reims,Ligue 1,2020-2021
19,Marshall Munetsi,€ 769,"€ 40,000",DM,24,Reserve,"Jun 30, 2024",4-yrs,"€ 160,000",Reims,Ligue 1,2020-2021
20,Dialy Ndiaye,€ 577,"€ 30,000",GK,21,Reserve,"Jun 30, 2024",4-yrs,"€ 120,000",Reims,Ligue 1,2020-2021
21,Yehvann Diouf,€ 577,"€ 30,000",GK,21,Starter,"Jun 30, 2023",3-yrs,"€ 90,000",Reims,Ligue 1,2020-2021
22,Fodé Doucouré,€ 577,"€ 30,000",RB,19,Reserve,"Jun 30, 2023",3-yrs,"€ 90,000",Reims,Ligue 1,2020-2021
0,Steven Nzonzi,"€ 92,308","€ 4,800,000",DM,32,Starter,"Jun 30, 2021",1-yr,"€ 4,800,000",Rennes,Ligue 1,2020-2021
1,Clément Grenier,"€ 64,615","€ 3,360,000",CM,30,Reserve,"Jun 30, 2021",1-yr,"€ 3,360,000",Rennes,Ligue 1,2020-2021
2,M'Baye Niang,"€ 50,769","€ 2,640,000",CF,26,Reserve,"Jun 30, 2023",3-yrs,"€ 7,920,000",Rennes,Ligue 1,2020-2021
3,Benjamin Bourigeaud,"€ 32,308","€ 1,680,000",CM,27,Starter,"Jun 30, 2023",3-yrs,"€ 5,040,000",Rennes,Ligue 1,2020-2021
4,Adrien Hunou,"€ 32,308","€ 1,680,000",CF,27,Reserve,"Jun 30, 2023",3-yrs,"€ 5,040,000",Rennes,Ligue 1,2020-2021
5,Flavien Tait,"€ 27,692","€ 1,440,000",LW,28,Reserve,"Jun 30, 2023",3-yrs,"€ 4,320,000",Rennes,Ligue 1,2020-2021
6,Jonas Martin,"€ 27,692","€ 1,440,000",CM,30,Reserve,"Jun 30, 2022",2-yrs,"€ 2,880,000",Rennes,Ligue 1,2020-2021
7,Serhou Guirassy,"€ 25,192","€ 1,310,000",CF,24,Starter,"Jun 30, 2025",5-yrs,"€ 6,550,000",Rennes,Ligue 1,2020-2021
8,Martin Terrier,"€ 24,808","€ 1,290,000",LW,23,Starter,"Jun 30, 2025",5-yrs,"€ 6,450,000",Rennes,Ligue 1,2020-2021
9,Jérémy Doku,"€ 16,154","€ 840,000",RW,18,Starter,"Jun 30, 2025",5-yrs,"€ 4,200,000",Rennes,Ligue 1,2020-2021
10,Dalbert,"€ 15,577","€ 810,000",LB,27,Starter,"Jun 30, 2021",1-yr,"€ 810,000",Rennes,Ligue 1,2020-2021
11,Eduardo Camavinga,"€ 15,385","€ 800,000",CM,18,Reserve,"Jun 30, 2022",2-yrs,"€ 1,600,000",Rennes,Ligue 1,2020-2021
12,Romain Salin,"€ 13,269","€ 690,000",GK,36,Reserve,"Jun 30, 2022",2-yrs,"€ 1,380,000",Rennes,Ligue 1,2020-2021
13,Romain Del Castillo,"€ 12,885","€ 670,000",RW,24,Starter,"Jun 30, 2022",2-yrs,"€ 1,340,000",Rennes,Ligue 1,2020-2021
14,Alfred Gomis,"€ 10,577","€ 550,000",GK,27,Starter,"Jun 30, 2025",5-yrs,"€ 2,750,000",Rennes,Ligue 1,2020-2021
15,Hamari Traoré,"€ 6,923","€ 360,000",RB,29,Starter,"Jun 30, 2023",3-yrs,"€ 1,080,000",Rennes,Ligue 1,2020-2021
16,Faitout Maouassa,"€ 6,923","€ 360,000",LB,22,Reserve,"Jun 30, 2022",2-yrs,"€ 720,000",Rennes,Ligue 1,2020-2021
17,Damien Da Silva,"€ 6,731","€ 350,000",CB,32,Starter,"Jun 30, 2021",1-yr,"€ 350,000",Rennes,Ligue 1,2020-2021
18,Yann Gboho,"€ 4,423","€ 230,000",LW,20,Reserve,"Jun 30, 2023",3-yrs,"€ 690,000",Rennes,Ligue 1,2020-2021
19,Nayef Aguerd,"€ 4,231","€ 220,000",CB,24,Starter,"Jun 30, 2024",4-yrs,"€ 880,000",Rennes,Ligue 1,2020-2021
20,Gerzino Nyamsi,"€ 3,846","€ 200,000",CB,24,Reserve,"Jun 30, 2024",4-yrs,"€ 800,000",Rennes,Ligue 1,2020-2021
21,Adrien Truffert,"€ 2,885","€ 150,000",LB,19,Reserve,"Jun 30, 2025",5-yrs,"€ 750,000",Rennes,Ligue 1,2020-2021
22,Pépé Bonet,"€ 2,500","€ 130,000",GK,17,Reserve,"Jun 30, 2022",2-yrs,"€ 260,000",Rennes,Ligue 1,2020-2021
23,Brandon Soppy,"€ 2,500","€ 130,000",RB,18,Reserve,"Jun 30, 2022",2-yrs,"€ 260,000",Rennes,Ligue 1,2020-2021
24,James Léa Siliki,"€ 1,346","€ 70,000",CM,24,Reserve,"Jun 30, 2023",3-yrs,"€ 210,000",Rennes,Ligue 1,2020-2021
0,Ryad Boudebouz,"€ 43,846","€ 2,280,000",AM,30,Reserve,"Jun 30, 2022",2-yrs,"€ 4,560,000",St Etienne,Ligue 1,2020-2021
1,Romain Hamouma,"€ 30,962","€ 1,610,000",RW,33,Starter,"Jun 30, 2021",1-yr,"€ 1,610,000",St Etienne,Ligue 1,2020-2021
2,Mathieu Debuchy,"€ 28,846","€ 1,500,000",RB,35,Reserve,"Jun 30, 2021",1-yr,"€ 1,500,000",St Etienne,Ligue 1,2020-2021
3,Kévin Monnet-Paquet,"€ 28,077","€ 1,460,000",LW,32,Reserve,"Jun 30, 2021",1-yr,"€ 1,460,000",St Etienne,Ligue 1,2020-2021
4,Timothée Kolodziejczak,"€ 27,885","€ 1,450,000",CB,29,Starter,"Jun 30, 2022",2-yrs,"€ 2,900,000",St Etienne,Ligue 1,2020-2021
5,Denis Bouanga,"€ 25,769","€ 1,340,000",LW,26,Starter,"Jun 30, 2023",3-yrs,"€ 4,020,000",St Etienne,Ligue 1,2020-2021
6,Pape Abou Cissé,"€ 18,269","€ 950,000",CB,25,Reserve,"Jun 30, 2021",1-yr,"€ 950,000",St Etienne,Ligue 1,2020-2021
7,Panagiotis Retsos,"€ 18,269","€ 950,000",CB,22,Starter,"Jun 30, 2021",1-yr,"€ 950,000",St Etienne,Ligue 1,2020-2021
8,Gabriel Silva,"€ 14,038","€ 730,000",LB,29,Reserve,"Jun 30, 2023",3-yrs,"€ 2,190,000",St Etienne,Ligue 1,2020-2021
9,Zaydou Youssouf,"€ 13,462","€ 700,000",CM,21,Reserve,"Jun 30, 2023",3-yrs,"€ 2,100,000",St Etienne,Ligue 1,2020-2021
10,Arnaud Nordin,"€ 11,154","€ 580,000",LW,22,Starter,"Jun 30, 2022",2-yrs,"€ 1,160,000",St Etienne,Ligue 1,2020-2021
11,Miguel Trauco,"€ 10,769","€ 560,000",LB,28,Reserve,"Jun 30, 2022",2-yrs,"€ 1,120,000",St Etienne,Ligue 1,2020-2021
12,Harold Moukoudi,"€ 9,615","€ 500,000",CB,23,Reserve,"Jun 30, 2023",3-yrs,"€ 1,500,000",St Etienne,Ligue 1,2020-2021
13,Jessy Moulin,"€ 8,077","€ 420,000",GK,35,Starter,"Jun 30, 2022",2-yrs,"€ 840,000",St Etienne,Ligue 1,2020-2021
14,Adil Aouchiche,"€ 6,154","€ 320,000",AM,18,Starter,"Jun 30, 2023",3-yrs,"€ 960,000",St Etienne,Ligue 1,2020-2021
15,Mahdi Camara,"€ 5,769","€ 300,000",CM,22,Starter,"Jun 30, 2024",4-yrs,"€ 1,200,000",St Etienne,Ligue 1,2020-2021
16,Alpha Sissoko,"€ 5,192","€ 270,000",RB,23,Reserve,"Jun 30, 2022",2-yrs,"€ 540,000",St Etienne,Ligue 1,2020-2021
17,Maxence Rivera,"€ 4,808","€ 250,000",RW,18,Reserve,"Jun 30, 2024",4-yrs,"€ 1,000,000",St Etienne,Ligue 1,2020-2021
18,Boubacar Fall,"€ 4,808","€ 250,000",GK,19,Reserve,"Jun 30, 2023",3-yrs,"€ 750,000",St Etienne,Ligue 1,2020-2021
19,Bilal Benkhedim,"€ 4,808","€ 250,000",AM,19,Reserve,"Jun 30, 2022",2-yrs,"€ 500,000",St Etienne,Ligue 1,2020-2021
20,Abdoulaye Sidibé,"€ 4,231","€ 220,000",LW,18,Reserve,"Jun 30, 2022",2-yrs,"€ 440,000",St Etienne,Ligue 1,2020-2021
21,Charles Abi,"€ 4,231","€ 220,000",CF,20,Reserve,"Jun 30, 2024",4-yrs,"€ 880,000",St Etienne,Ligue 1,2020-2021
22,Yvann Maçon,"€ 4,231","€ 220,000",LB,22,Starter,"Jun 30, 2024",4-yrs,"€ 880,000",St Etienne,Ligue 1,2020-2021
23,Saïdou Sow,"€ 4,038","€ 210,000",CB,18,Reserve,"Jun 30, 2023",3-yrs,"€ 630,000",St Etienne,Ligue 1,2020-2021
24,Stefan Bajic,"€ 4,038","€ 210,000",GK,19,Reserve,"Jun 30, 2022",2-yrs,"€ 420,000",St Etienne,Ligue 1,2020-2021
25,Aimen Moueffek,"€ 4,038","€ 210,000",RB,19,Starter,"Jun 30, 2024",4-yrs,"€ 840,000",St Etienne,Ligue 1,2020-2021
26,Yvan Neyou,"€ 3,654","€ 190,000",DM,24,Starter,"Jun 30, 2024",4-yrs,"€ 760,000",St Etienne,Ligue 1,2020-2021
27,Etienne Green,"€ 1,923","€ 100,000",GK,20,Reserve,"Jun 30, 2024",4-yrs,"€ 400,000",St Etienne,Ligue 1,2020-2021
28,Lucas Gourna-Douath,"€ 1,923","€ 100,000",CM,17,Reserve,"Jun 30, 2023",3-yrs,"€ 300,000",St Etienne,Ligue 1,2020-2021
0,Frédéric Guilbert,"€ 44,423","€ 2,310,000",RB,26,Starter,"Jun 30, 2021",1-yr,"€ 2,310,000",Strasbourg,Ligue 1,2020-2021
1,Matz Sels,"€ 20,769","€ 1,080,000",GK,28,Reserve,"Jun 30, 2024",4-yrs,"€ 4,320,000",Strasbourg,Ligue 1,2020-2021
2,Stefan Mitrovic,"€ 18,462","€ 960,000",CB,30,Starter,"Jun 30, 2022",2-yrs,"€ 1,920,000",Strasbourg,Ligue 1,2020-2021
3,Jean-Eudes Aholou,"€ 17,885","€ 930,000",DM,26,Starter,"Jun 30, 2021",1-yr,"€ 930,000",Strasbourg,Ligue 1,2020-2021
4,Sanjin Prcic,"€ 16,154","€ 840,000",CM,27,Starter,"Jun 30, 2022",2-yrs,"€ 1,680,000",Strasbourg,Ligue 1,2020-2021
5,Lamine Koné,"€ 16,154","€ 840,000",CB,32,Starter,"Jun 30, 2021",1-yr,"€ 840,000",Strasbourg,Ligue 1,2020-2021
6,Alexander Djiku,"€ 16,154","€ 840,000",CB,26,Reserve,"Jun 30, 2023",3-yrs,"€ 2,520,000",Strasbourg,Ligue 1,2020-2021
7,Habib Diallo,"€ 11,731","€ 610,000",CF,25,Reserve,"Jun 30, 2025",5-yrs,"€ 3,050,000",Strasbourg,Ligue 1,2020-2021
8,Dimitri Liénard,"€ 11,731","€ 610,000",CM,32,Starter,"Jun 30, 2021",1-yr,"€ 610,000",Strasbourg,Ligue 1,2020-2021
9,Majeed Waris,"€ 10,962","€ 570,000",CF,29,Starter,"Jun 30, 2022",2-yrs,"€ 1,140,000",Strasbourg,Ligue 1,2020-2021
10,Ludovic Ajorque,"€ 9,423","€ 490,000",CF,26,Starter,"Jun 30, 2024",4-yrs,"€ 1,960,000",Strasbourg,Ligue 1,2020-2021
11,Adrien Thomasson,"€ 8,462","€ 440,000",AM,27,Reserve,"Jun 30, 2024",4-yrs,"€ 1,760,000",Strasbourg,Ligue 1,2020-2021
12,Idriss Saadi,"€ 7,500","€ 390,000",CF,28,Reserve,"Jun 30, 2021",1-yr,"€ 390,000",Strasbourg,Ligue 1,2020-2021
13,Lebo Mothiba,"€ 7,500","€ 390,000",CF,25,Reserve,"Jun 30, 2023",3-yrs,"€ 1,170,000",Strasbourg,Ligue 1,2020-2021
14,Eiji Kawashima,"€ 7,115","€ 370,000",GK,37,Reserve,"Jun 30, 2023",3-yrs,"€ 1,110,000",Strasbourg,Ligue 1,2020-2021
15,Jean-Ricner Bellegarde,"€ 6,538","€ 340,000",CM,22,Reserve,"Jun 30, 2023",3-yrs,"€ 1,020,000",Strasbourg,Ligue 1,2020-2021
16,Ibrahima Sissoko,"€ 6,346","€ 330,000",DM,23,Reserve,"Jun 30, 2024",4-yrs,"€ 1,320,000",Strasbourg,Ligue 1,2020-2021
17,Bingourou Kamara,"€ 5,577","€ 290,000",GK,24,Starter,"Jun 30, 2023",3-yrs,"€ 870,000",Strasbourg,Ligue 1,2020-2021
18,Ismaël Aaneba,"€ 4,808","€ 250,000",RB,21,Reserve,"Jun 30, 2021",1-yr,"€ 250,000",Strasbourg,Ligue 1,2020-2021
19,Kévin Zohi,"€ 3,846","€ 200,000",CF,24,Reserve,"Jun 30, 2021",1-yr,"€ 200,000",Strasbourg,Ligue 1,2020-2021
20,Mahame Siby,"€ 2,500","€ 130,000",DM,24,Reserve,"Jun 30, 2023",3-yrs,"€ 390,000",Strasbourg,Ligue 1,2020-2021
21,Mehdi Chahiri,"€ 2,500","€ 130,000",LW,24,Starter,"Jun 30, 2024",4-yrs,"€ 520,000",Strasbourg,Ligue 1,2020-2021
22,Lionel Carole,€ 769,"€ 40,000",LB,29,Starter,"Jun 30, 2021",1-yr,"€ 40,000",Strasbourg,Ligue 1,2020-2021
23,Anthony Caci,€ 577,"€ 30,000",LB,23,Reserve,"Jun 30, 2022",2-yrs,"€ 60,000",Strasbourg,Ligue 1,2020-2021
24,Mohamed Simakan,€ 385,"€ 20,000",CB,20,Reserve,"Jun 30, 2023",3-yrs,"€ 60,000",Strasbourg,Ligue 1,2020-2021
