club_name,player_name,age,position,club_involved_name,fee,transfer_movement,transfer_period,fee_cleaned,league_name,year,season
Dynamo Moscow,Aleksandr Kokorin,22,Centre-Forward,Anzhi,£17.10m,in,Summer,17.1,Premier Liga,2013,2013/2014
Dynamo Moscow,Igor Denisov,29,Defensive Midfield,Anzhi,£13.50m,in,Summer,13.5,Premier Liga,2013,2013/2014
Dynamo Moscow,Yuri Zhirkov,29,Left-Back,Anzhi,£9.90m,in,Summer,9.9,Premier Liga,2013,2013/2014
Dynamo Moscow,Christopher Samba,29,Centre-Back,Anzhi,£9.00m,in,Summer,9,Premier Liga,2013,2013/2014
Dynamo Moscow,Vladimir Gabulov,29,Goalkeeper,Anzhi,£6.30m,in,Summer,6.3,Premier Liga,2013,2013/2014
Dynamo Moscow,Aleksey Ionov,24,Right Winger,Anzhi,£4.50m,in,Summer,4.5,Premier Liga,2013,2013/2014
Dynamo Moscow,Alan Kasaev,27,Left Winger,Rubin Kazan,Loan fee:£450Th.,in,Summer,0.45,Premier Liga,2013,2013/2014
Dynamo Moscow,Vladimir Dyadyun,24,Centre-Forward,Rubin Kazan,£360Th.,in,Summer,0.36,Premier Liga,2013,2013/2014
Dynamo Moscow,Douglas,25,Centre-Back,Twente FC,Free transfer,in,Summer,0,Premier Liga,2013,2013/2014
Dynamo Moscow,George Florescu,29,Defensive Midfield,Astra Giurgiu,Free transfer,in,Summer,0,Premier Liga,2013,2013/2014
Dynamo Moscow,Roman Zobnin,19,Central Midfield,Dynamo M II,-,in,Summer,0,Premier Liga,2013,2013/2014
Dynamo Moscow,Andrey Panyukov,18,Centre-Forward,Dynamo M II,-,in,Summer,0,Premier Liga,2013,2013/2014
Dynamo Moscow,Boris Rotenberg,27,Right-Back,Olympiakos N.,"End of loanJun 30, 2013",in,Summer,0,Premier Liga,2013,2013/2014
Dynamo Moscow,Fedor Smolov,23,Centre-Forward,Anzhi,"End of loanJun 30, 2013",in,Summer,0,Premier Liga,2013,2013/2014
Dynamo Moscow,Vladimir Kisenkov,31,Right-Back,Rostov,"End of loanJun 30, 2013",in,Summer,0,Premier Liga,2013,2013/2014
Dynamo Moscow,Andriy Voronin,33,Second Striker,F. Düsseldorf,"End of loanJun 30, 2013",in,Summer,0,Premier Liga,2013,2013/2014
Dynamo Moscow,Tomislav Dujmovic,32,Central Midfield,Mordovia,"End of loanJun 30, 2013",in,Summer,0,Premier Liga,2013,2013/2014
Dynamo Moscow,Igor Shitov,26,Right-Back,Mordovia,"End of loanJun 30, 2013",in,Summer,0,Premier Liga,2013,2013/2014
Dynamo Moscow,Gordon Schildenfeld,28,Centre-Back,PAOK Salonika,"End of loanJun 30, 2013",in,Summer,0,Premier Liga,2013,2013/2014
Dynamo Moscow,Aleksandr Kokorin,22,Centre-Forward,Anzhi,£17.10m,out,Summer,17.1,Premier Liga,2013,2013/2014
Dynamo Moscow,Denis Kolodin,31,Centre-Back,Volga NN,Free transfer,out,Summer,0,Premier Liga,2013,2013/2014
Dynamo Moscow,Tomislav Dujmovic,32,Central Midfield,RNK Split,Free transfer,out,Summer,0,Premier Liga,2013,2013/2014
Dynamo Moscow,Yuri Kirillov,23,Defensive Midfield,Ural,Free transfer,out,Summer,0,Premier Liga,2013,2013/2014
Dynamo Moscow,Igor Semshov,35,Central Midfield,KS Samara,Free transfer,out,Summer,0,Premier Liga,2013,2013/2014
Dynamo Moscow,Ivan Solovjev,20,Left Winger,Zenit S-Pb,Free transfer,out,Summer,0,Premier Liga,2013,2013/2014
Dynamo Moscow,Vladimir Kisenkov,31,Right-Back,Tom Tomsk,Free transfer,out,Summer,0,Premier Liga,2013,2013/2014
Dynamo Moscow,Alexandru Epureanu,26,Centre-Back,Anzhi,Loan,out,Summer,0,Premier Liga,2013,2013/2014
Dynamo Moscow,Pavel Solomatin,20,Centre-Forward,Anzhi,Loan,out,Summer,0,Premier Liga,2013,2013/2014
Dynamo Moscow,Alan Gatagov,22,Left Midfield,Anzhi,Loan,out,Summer,0,Premier Liga,2013,2013/2014
Dynamo Moscow,Otman Bakkal,28,Attacking Midfield,Feyenoord,Free transfer,out,Summer,0,Premier Liga,2013,2013/2014
Dynamo Moscow,Vladimir Rykov,25,Centre-Back,Tom Tomsk,Loan,out,Summer,0,Premier Liga,2013,2013/2014
Dynamo Moscow,Pavel Ignatovich,24,Left Winger,Tom Tomsk,Loan,out,Summer,0,Premier Liga,2013,2013/2014
Dynamo Moscow,Aleksandr Sapeta,24,Central Midfield,Ural,Loan,out,Summer,0,Premier Liga,2013,2013/2014
Dynamo Moscow,Gordon Schildenfeld,28,Centre-Back,Panathinaikos,Loan,out,Summer,0,Premier Liga,2013,2013/2014
Dynamo Moscow,Jakob Jantscher,24,Left Midfield,RB Salzburg,"End of loanJun 30, 2013",out,Summer,0,Premier Liga,2013,2013/2014
Volga Nizhniy Novgorod,Luton Shelton,27,Left Winger,Karabükspor,Free transfer,in,Summer,0,Premier Liga,2013,2013/2014
Volga Nizhniy Novgorod,Denis Kolodin,31,Centre-Back,Dynamo Moscow,Free transfer,in,Summer,0,Premier Liga,2013,2013/2014
Volga Nizhniy Novgorod,Roman Kontsedalov,27,Central Midfield,Spartak Nalchik,Free transfer,in,Summer,0,Premier Liga,2013,2013/2014
Volga Nizhniy Novgorod,Piotr Polczak,26,Centre-Back,Terek Grozny,Free transfer,in,Summer,0,Premier Liga,2013,2013/2014
Volga Nizhniy Novgorod,Leandro,28,Right-Back,Arsenal Kyiv,Free transfer,in,Summer,0,Premier Liga,2013,2013/2014
Volga Nizhniy Novgorod,Marcin Kowalczyk,28,Centre-Back,Slask Wroclaw,Free transfer,in,Summer,0,Premier Liga,2013,2013/2014
Volga Nizhniy Novgorod,Sergei Pareiko,36,Goalkeeper,Wisla Kraków,Free transfer,in,Summer,0,Premier Liga,2013,2013/2014
Volga Nizhniy Novgorod,Evgeni Aldonin,33,Defensive Midfield,CSKA Moscow,Free transfer,in,Summer,0,Premier Liga,2013,2013/2014
Volga Nizhniy Novgorod,Milan Rodic,22,Left-Back,Zenit S-Pb,Loan,in,Summer,0,Premier Liga,2013,2013/2014
Volga Nizhniy Novgorod,Artur Nigmatullin,22,Goalkeeper,CSKA Moscow II,?,in,Summer,NA,Premier Liga,2013,2013/2014
Volga Nizhniy Novgorod,Mulumba Mukendi,28,Centre-Forward,Ruzomberok,?,in,Summer,NA,Premier Liga,2013,2013/2014
Volga Nizhniy Novgorod,Mikhail Komarov,29,Goalkeeper,Atlantas,?,in,Summer,NA,Premier Liga,2013,2013/2014
Volga Nizhniy Novgorod,Artem Danilenko,23,Centre-Forward,Khimik,?,in,Summer,NA,Premier Liga,2013,2013/2014
Volga Nizhniy Novgorod,Dmitri Sychev,29,Centre-Forward,Loko Moscow,Loan,in,Summer,0,Premier Liga,2013,2013/2014
Volga Nizhniy Novgorod,Mikhail Kostyukov,21,Right Winger,Khimik,?,in,Summer,NA,Premier Liga,2013,2013/2014
Volga Nizhniy Novgorod,Dmitri Bulykin,33,Centre-Forward,Without Club,-,in,Summer,0,Premier Liga,2013,2013/2014
Volga Nizhniy Novgorod,Aleksey Pomerko,23,Central Midfield,Khimki,"End of loanJun 30, 2013",in,Summer,0,Premier Liga,2013,2013/2014
Volga Nizhniy Novgorod,Nikita Malyarov,23,Central Midfield,Ufa,"End of loanJun 30, 2013",in,Summer,0,Premier Liga,2013,2013/2014
Volga Nizhniy Novgorod,Ilya Abaev,31,Goalkeeper,Loko Moscow,£900Th.,out,Summer,0.9,Premier Liga,2013,2013/2014
Volga Nizhniy Novgorod,Mikhail Kerzhakov,26,Goalkeeper,Anzhi,£450Th.,out,Summer,0.45,Premier Liga,2013,2013/2014
Volga Nizhniy Novgorod,Aleksandr Kharitonov,30,Left Midfield,Enisey,Free transfer,out,Summer,0,Premier Liga,2013,2013/2014
Volga Nizhniy Novgorod,Mihaita Plesan,30,Central Midfield,CS U Craiova,Free transfer,out,Summer,0,Premier Liga,2013,2013/2014
Volga Nizhniy Novgorod,Egor Tarakanov,26,Left-Back,Torpedo Moscow,Free transfer,out,Summer,0,Premier Liga,2013,2013/2014
Volga Nizhniy Novgorod,Dmitri Aydov,31,Centre-Back,Torpedo Moscow,Free transfer,out,Summer,0,Premier Liga,2013,2013/2014
Volga Nizhniy Novgorod,Aleksandr Belozerov,31,Centre-Back,Ural,Free transfer,out,Summer,0,Premier Liga,2013,2013/2014
Volga Nizhniy Novgorod,Ruslan Adzhindzhal,39,Central Midfield,KS Samara,Free transfer,out,Summer,0,Premier Liga,2013,2013/2014
Volga Nizhniy Novgorod,Aleksandr Salugin,24,Centre-Forward,Torpedo Moscow,Free transfer,out,Summer,0,Premier Liga,2013,2013/2014
Volga Nizhniy Novgorod,Romeo Castelen,30,Right Winger,RKC Waalwijk,Free transfer,out,Summer,0,Premier Liga,2013,2013/2014
Volga Nizhniy Novgorod,Dmitri Kudryashov,30,Central Midfield,Torpedo Moscow,Free transfer,out,Summer,0,Premier Liga,2013,2013/2014
Volga Nizhniy Novgorod,Gia Grigalava,23,Centre-Back,KS Samara,?,out,Summer,NA,Premier Liga,2013,2013/2014
Volga Nizhniy Novgorod,Valeri Kichin,20,Left-Back,Khimik,Loan,out,Summer,0,Premier Liga,2013,2013/2014
Volga Nizhniy Novgorod,Nikolay Zaytsev,24,Centre-Back,Spartak V-kavkaz,?,out,Summer,NA,Premier Liga,2013,2013/2014
Volga Nizhniy Novgorod,Mikhail Kostyukov,21,Right Winger,Khimik,Loan,out,Summer,0,Premier Liga,2013,2013/2014
Volga Nizhniy Novgorod,Aleksey Pomerko,23,Central Midfield,Shinnik,?,out,Summer,NA,Premier Liga,2013,2013/2014
Volga Nizhniy Novgorod,Shamil Asildarov,30,Centre-Forward,Without Club,-,out,Summer,0,Premier Liga,2013,2013/2014
Volga Nizhniy Novgorod,Aleksey Sapogov,25,Centre-Forward,Without Club,-,out,Summer,0,Premier Liga,2013,2013/2014
Volga Nizhniy Novgorod,Artur Sarkisov,26,Right Winger,Loko Moscow,"End of loanJun 30, 2013",out,Summer,0,Premier Liga,2013,2013/2014
Volga Nizhniy Novgorod,Artur Nigmatullin,22,Goalkeeper,CSKA Moscow II,"End of loanJun 30, 2013",out,Summer,0,Premier Liga,2013,2013/2014
Volga Nizhniy Novgorod,Piotr Polczak,26,Centre-Back,Terek Grozny,"End of loanJun 30, 2013",out,Summer,0,Premier Liga,2013,2013/2014
Ural Yekaterinburg,Artur Sarkisov,26,Right Winger,Loko Moscow,£270Th.,in,Summer,0.27,Premier Liga,2013,2013/2014
Ural Yekaterinburg,Vladimir Koman,24,Attacking Midfield,Krasnodar,Loan fee:£180Th.,in,Summer,0.18,Premier Liga,2013,2013/2014
Ural Yekaterinburg,Andrey Gorbanets,27,Left Midfield,Tom Tomsk,Free transfer,in,Summer,0,Premier Liga,2013,2013/2014
Ural Yekaterinburg,Aleksey Solosin,25,Goalkeeper,SKA-Energia,Free transfer,in,Summer,0,Premier Liga,2013,2013/2014
Ural Yekaterinburg,Aleksandr Belozerov,31,Centre-Back,Volga NN,Free transfer,in,Summer,0,Premier Liga,2013,2013/2014
Ural Yekaterinburg,Yuri Kirillov,23,Defensive Midfield,Dynamo Moscow,Free transfer,in,Summer,0,Premier Liga,2013,2013/2014
Ural Yekaterinburg,Toto Tamuz,25,Centre-Forward,Hapoel Tel Aviv,Free transfer,in,Summer,0,Premier Liga,2013,2013/2014
Ural Yekaterinburg,Sölvi Ottesen,29,Centre-Back,FC Copenhagen,Free transfer,in,Summer,0,Premier Liga,2013,2013/2014
Ural Yekaterinburg,Serder Serderov,19,Left Winger,Anzhi,Loan,in,Summer,0,Premier Liga,2013,2013/2014
Ural Yekaterinburg,Evgeniy Pomazan,24,Goalkeeper,Anzhi,Loan,in,Summer,0,Premier Liga,2013,2013/2014
Ural Yekaterinburg,Aleksandr Sapeta,24,Central Midfield,Dynamo Moscow,Loan,in,Summer,0,Premier Liga,2013,2013/2014
Ural Yekaterinburg,Aleksandr Erokhin,23,Attacking Midfield,SKA-Energia,Loan,in,Summer,0,Premier Liga,2013,2013/2014
Ural Yekaterinburg,Lasha Gvalia,21,Central Midfield,FC Dila,?,in,Summer,NA,Premier Liga,2013,2013/2014
Ural Yekaterinburg,Maksim Volkov,25,Central Midfield,Baltika,"End of loanJun 30, 2013",in,Summer,0,Premier Liga,2013,2013/2014
Ural Yekaterinburg,Grigori Lyubimov,20,Goalkeeper,Octane,"End of loanJun 30, 2013",in,Summer,0,Premier Liga,2013,2013/2014
Ural Yekaterinburg,Grigori Lyubimov,20,Goalkeeper,Unknown,Free transfer,out,Summer,0,Premier Liga,2013,2013/2014
Ural Yekaterinburg,Dmitri Ryzhov,23,Centre-Forward,Enisey,Free transfer,out,Summer,0,Premier Liga,2013,2013/2014
Ural Yekaterinburg,Aleksandr Kotlyarov,29,Goalkeeper,Luch Vladivostok,Free transfer,out,Summer,0,Premier Liga,2013,2013/2014
Ural Yekaterinburg,Aleksandr Marenich,24,Left Winger,Spartak 2,Free transfer,out,Summer,0,Premier Liga,2013,2013/2014
Ural Yekaterinburg,Maksim Volkov,25,Central Midfield,Sokol Saratov,Free transfer,out,Summer,0,Premier Liga,2013,2013/2014
Ural Yekaterinburg,Konstantin Skrylnikov,33,Left Midfield,Fakel Voronezh,Free transfer,out,Summer,0,Premier Liga,2013,2013/2014
Ural Yekaterinburg,Ivan Drannikov,26,Left-Back,Neftekhimik,Free transfer,out,Summer,0,Premier Liga,2013,2013/2014
Ural Yekaterinburg,Aleksey Revyakin,31,Centre-Back,Fakel Voronezh,Free transfer,out,Summer,0,Premier Liga,2013,2013/2014
Ural Yekaterinburg,Dmitri Yashin,31,Goalkeeper,Shinnik,Free transfer,out,Summer,0,Premier Liga,2013,2013/2014
Ural Yekaterinburg,Adessoye Oyewole,30,Centre-Back,Gazovik Orenburg,Loan,out,Summer,0,Premier Liga,2013,2013/2014
Ural Yekaterinburg,Maksim Semakin,29,Central Midfield,Ufa,?,out,Summer,NA,Premier Liga,2013,2013/2014
Ural Yekaterinburg,Ivan Melnik,21,Defensive Midfield,Dinamo S-Pb,Loan,out,Summer,0,Premier Liga,2013,2013/2014
Ural Yekaterinburg,Anton Kobyalko,27,Centre-Forward,Gazovik Orenburg,?,out,Summer,NA,Premier Liga,2013,2013/2014
Ural Yekaterinburg,Mikhail Biryukov,26,Centre-Forward,SKVO,?,out,Summer,NA,Premier Liga,2013,2013/2014
Ural Yekaterinburg,Artem Solovei,22,Right Midfield,Without Club,-,out,Summer,0,Premier Liga,2013,2013/2014
Ural Yekaterinburg,Branimir Petrovic,31,Central Midfield,Without Club,-,out,Summer,0,Premier Liga,2013,2013/2014
Ural Yekaterinburg,Denis Matyugin,21,Centre-Forward,Ural II,-,out,Summer,0,Premier Liga,2013,2013/2014
Ural Yekaterinburg,Evgeniy Pomazan,24,Goalkeeper,Anzhi,"End of loanAug 30, 2013",out,Summer,0,Premier Liga,2013,2013/2014
Ural Yekaterinburg,Serder Serderov,19,Left Winger,Anzhi,"End of loanAug 15, 2013",out,Summer,0,Premier Liga,2013,2013/2014
Ural Yekaterinburg,Dmitri Arapov,20,Goalkeeper,Ural II,-,out,Summer,0,Premier Liga,2013,2013/2014
Ural Yekaterinburg,Kantemir Berkhamov,25,Central Midfield,Without Club,-,out,Summer,0,Premier Liga,2013,2013/2014
Ural Yekaterinburg,Maksim Astafjev,30,Right Winger,Sibir,"End of loanJun 30, 2013",out,Summer,0,Premier Liga,2013,2013/2014
Amkar Perm,Thomas Phibel,27,Centre-Back,Widzew Lodz,£315Th.,in,Summer,0.315,Premier Liga,2013,2013/2014
Amkar Perm,Janusz Gol,27,Defensive Midfield,Legia Warszawa,£270Th.,in,Summer,0.27,Premier Liga,2013,2013/2014
Amkar Perm,Petar Zanev,27,Left-Back,Volyn Lutsk,Free transfer,in,Summer,0,Premier Liga,2013,2013/2014
Amkar Perm,Makhach Gadzhiev,25,Right Midfield,SK Tavriya,Free transfer,in,Summer,0,Premier Liga,2013,2013/2014
Amkar Perm,Dmitri Kayumov,21,Attacking Midfield,Spartak II,Loan,in,Summer,0,Premier Liga,2013,2013/2014
Amkar Perm,Nikolay Fadeev,20,Right-Back,Spartak II,Loan,in,Summer,0,Premier Liga,2013,2013/2014
Amkar Perm,Nikolaos Karelis,21,Centre-Forward,Panathinaikos,£54Th.,out,Summer,0.054,Premier Liga,2013,2013/2014
Amkar Perm,Michal Breznanik,28,Left Midfield,Sparta Praha,Free transfer,out,Summer,0,Premier Liga,2013,2013/2014
Amkar Perm,Nikola Mijailovic,31,Left-Back,Red Star,Free transfer,out,Summer,0,Premier Liga,2013,2013/2014
Amkar Perm,Vitali Grishin,32,Left Midfield,Khimki,Free transfer,out,Summer,0,Premier Liga,2013,2013/2014
Amkar Perm,Vadim Gagloev,24,Defensive Midfield,Mordovia,?,out,Summer,NA,Premier Liga,2013,2013/2014
Amkar Perm,Naim Sharifi,21,Right-Back,SV Kapfenberg,?,out,Summer,NA,Premier Liga,2013,2013/2014
Amkar Perm,Mikhail Smirnov,23,Centre-Back,Neftekhimik,Loan,out,Summer,0,Premier Liga,2013,2013/2014
Amkar Perm,Federico Rasic,22,Centre-Forward,Gimnasia,"End of loanJun 30, 2014",out,Summer,0,Premier Liga,2013,2013/2014
Amkar Perm,Nikita Burmistrov,24,Right Winger,Anzhi,"End of loanAug 14, 2013",out,Summer,0,Premier Liga,2013,2013/2014
Amkar Perm,Aleksey Popov,35,Centre-Back,Retired,-,out,Summer,0,Premier Liga,2013,2013/2014
Terek Grozny,Ismail Aissati,25,Attacking Midfield,Antalyaspor,£2.97m,in,Summer,2.97,Premier Liga,2013,2013/2014
Terek Grozny,Gheorghe Grozav,22,Left Winger,Petrolul,£1.98m,in,Summer,1.98,Premier Liga,2013,2013/2014
Terek Grozny,Jeremy Bokila,24,Centre-Forward,Zulte Waregem,£720Th.,in,Summer,0.72,Premier Liga,2013,2013/2014
Terek Grozny,Evgeniy Gorodov,27,Goalkeeper,Krasnodar,£270Th.,in,Summer,0.27,Premier Liga,2013,2013/2014
Terek Grozny,Evgeni Kobozev,23,Goalkeeper,Ufa,£203Th.,in,Summer,0.203,Premier Liga,2013,2013/2014
Terek Grozny,Ivan Temnikov,24,Right-Back,Rubin Kazan,Loan,in,Summer,0,Premier Liga,2013,2013/2014
Terek Grozny,Artem Radkov,28,Centre-Back,BATE Borisov,Loan,in,Summer,0,Premier Liga,2013,2013/2014
Terek Grozny,Zaur Sadaev,23,Centre-Forward,B. Jerusalem,"End of loanJun 30, 2013",in,Summer,0,Premier Liga,2013,2013/2014
Terek Grozny,Piotr Polczak,26,Centre-Back,Volga NN,"End of loanJun 30, 2013",in,Summer,0,Premier Liga,2013,2013/2014
Terek Grozny,Piotr Polczak,26,Centre-Back,Volga NN,Free transfer,out,Summer,0,Premier Liga,2013,2013/2014
Terek Grozny,Oleg Vlasov,28,Attacking Midfield,Torpedo Moscow,Free transfer,out,Summer,0,Premier Liga,2013,2013/2014
Terek Grozny,Aleksandr Pavlenko,28,Central Midfield,KS Samara,Free transfer,out,Summer,0,Premier Liga,2013,2013/2014
Terek Grozny,Martin Jiranek,34,Centre-Back,Tom Tomsk,Free transfer,out,Summer,0,Premier Liga,2013,2013/2014
Terek Grozny,Ezechiel Ndouasel,25,Centre-Forward,Konyaspor,Loan,out,Summer,0,Premier Liga,2013,2013/2014
Terek Grozny,Adlan Katsaev,25,Attacking Midfield,Luch Vladivostok,Loan,out,Summer,0,Premier Liga,2013,2013/2014
Terek Grozny,Igor Usminskiy,36,Goalkeeper,Retired,-,out,Summer,0,Premier Liga,2013,2013/2014
Terek Grozny,Anton Amelchenko,28,Goalkeeper,Loko Moscow,"End of loanJun 30, 2013",out,Summer,0,Premier Liga,2013,2013/2014
Tom Tomsk,Mladen Bozovic,28,Goalkeeper,Videoton FC,Free transfer,in,Summer,0,Premier Liga,2013,2013/2014
Tom Tomsk,Vladimir Kisenkov,31,Right-Back,Dynamo Moscow,Free transfer,in,Summer,0,Premier Liga,2013,2013/2014
Tom Tomsk,Martin Jiranek,34,Centre-Back,Terek Grozny,Free transfer,in,Summer,0,Premier Liga,2013,2013/2014
Tom Tomsk,Kirill Panchenko,23,Second Striker,Mordovia,Free transfer,in,Summer,0,Premier Liga,2013,2013/2014
Tom Tomsk,Ádám Pintér,25,Centre-Back,Real Zaragoza,Free transfer,in,Summer,0,Premier Liga,2013,2013/2014
Tom Tomsk,Zhivko Milanov,28,Right-Back,FC Vaslui,Free transfer,in,Summer,0,Premier Liga,2013,2013/2014
Tom Tomsk,Gabriel Muresan,31,Defensive Midfield,CFR Cluj,Free transfer,in,Summer,0,Premier Liga,2013,2013/2014
Tom Tomsk,Jan Holenda,28,Centre-Forward,Rostov,Loan,in,Summer,0,Premier Liga,2013,2013/2014
Tom Tomsk,Maksim Bordachev,27,Left-Back,BATE Borisov,Loan,in,Summer,0,Premier Liga,2013,2013/2014
Tom Tomsk,Eugene Starikov,24,Centre-Forward,Zenit II,Loan,in,Summer,0,Premier Liga,2013,2013/2014
Tom Tomsk,Kornel Salata,28,Centre-Back,Rostov,Loan,in,Summer,0,Premier Liga,2013,2013/2014
Tom Tomsk,Pavel Ignatovich,24,Left Winger,Dynamo Moscow,Loan,in,Summer,0,Premier Liga,2013,2013/2014
Tom Tomsk,Igor Portnyagin,24,Centre-Forward,Rubin Kazan,Loan,in,Summer,0,Premier Liga,2013,2013/2014
Tom Tomsk,Vladimir Rykov,25,Centre-Back,Dynamo Moscow,Loan,in,Summer,0,Premier Liga,2013,2013/2014
Tom Tomsk,Maksim Astafjev,30,Right Winger,Sibir,?,in,Summer,NA,Premier Liga,2013,2013/2014
Tom Tomsk,Mikhail Komkov,28,Right Midfield,Kuban Krasnodar,Loan,in,Summer,0,Premier Liga,2013,2013/2014
Tom Tomsk,Eugen Sidorenco,24,Left Winger,H.Nazareth Illit,?,in,Summer,NA,Premier Liga,2013,2013/2014
Tom Tomsk,Evgeniy Bashkirov,21,Central Midfield,Zenit II,?,in,Summer,NA,Premier Liga,2013,2013/2014
Tom Tomsk,Yuri Petrakov,22,Central Midfield,Khimik,"End of loanOct 7, 2013",in,Summer,0,Premier Liga,2013,2013/2014
Tom Tomsk,Evgeniy Chernov,20,Left-Back,Gazovik Orenburg,"End of loanJun 30, 2013",in,Summer,0,Premier Liga,2013,2013/2014
Tom Tomsk,Daniil Gavilovskiy,23,Goalkeeper,Khimik,"End of loanJun 30, 2013",in,Summer,0,Premier Liga,2013,2013/2014
Tom Tomsk,Yaroslav Ovsyannikov,20,Left-Back,Sibiryak Bratsk,"End of loanJun 30, 2013",in,Summer,0,Premier Liga,2013,2013/2014
Tom Tomsk,Mikhail Bashilov,20,Defensive Midfield,Irtysh Omsk,"End of loanJun 30, 2013",in,Summer,0,Premier Liga,2013,2013/2014
Tom Tomsk,Aleksandr Dimidko,27,Centre-Back,Mordovia,Free transfer,out,Summer,0,Premier Liga,2013,2013/2014
Tom Tomsk,Andrey Gorbanets,27,Left Midfield,Ural,Free transfer,out,Summer,0,Premier Liga,2013,2013/2014
Tom Tomsk,Anton Khazov,34,Centre-Forward,Gazovik Orenburg,Free transfer,out,Summer,0,Premier Liga,2013,2013/2014
Tom Tomsk,Vitali Astakhov,34,Goalkeeper,Gazovik Orenburg,Free transfer,out,Summer,0,Premier Liga,2013,2013/2014
Tom Tomsk,Aleksey Sazonov,20,Centre-Forward,Syzran-2003,Free transfer,out,Summer,0,Premier Liga,2013,2013/2014
Tom Tomsk,Denis Voronov,22,Centre-Back,Khimki,Free transfer,out,Summer,0,Premier Liga,2013,2013/2014
Tom Tomsk,Viktor Stroev,26,Centre-Back,Fakel Voronezh,Free transfer,out,Summer,0,Premier Liga,2013,2013/2014
Tom Tomsk,Ivan Nagibin,27,Central Midfield,Ufa,Free transfer,out,Summer,0,Premier Liga,2013,2013/2014
Tom Tomsk,Daniil Gavilovskiy,23,Goalkeeper,Khimik,?,out,Summer,NA,Premier Liga,2013,2013/2014
Tom Tomsk,Evgeniy Chernov,20,Left-Back,Khimik,Loan,out,Summer,0,Premier Liga,2013,2013/2014
Tom Tomsk,Mikhail Bashilov,20,Defensive Midfield,Tyumen,Loan,out,Summer,0,Premier Liga,2013,2013/2014
Tom Tomsk,Yaroslav Ovsyannikov,20,Left-Back,Volga Uljanovsk,Loan,out,Summer,0,Premier Liga,2013,2013/2014
Tom Tomsk,Kirill Pogrebnyak,21,Centre-Forward,Fakel Voronezh,Loan,out,Summer,0,Premier Liga,2013,2013/2014
Tom Tomsk,Yuri Petrakov,22,Central Midfield,Khimik,Loan,out,Summer,0,Premier Liga,2013,2013/2014
Tom Tomsk,Dmitri Nikitinskiy,21,Left-Back,Tambov,Loan,out,Summer,0,Premier Liga,2013,2013/2014
Tom Tomsk,Sergey Bendz,30,Centre-Back,Kuban Krasnodar,"End of loanJun 30, 2013",out,Summer,0,Premier Liga,2013,2013/2014
Tom Tomsk,Evgeniy Bashkirov,21,Central Midfield,Zenit II,"End of loanJun 30, 2013",out,Summer,0,Premier Liga,2013,2013/2014
Tom Tomsk,Aleksandr Zotov,22,Central Midfield,Spartak Moscow,"End of loanJun 30, 2013",out,Summer,0,Premier Liga,2013,2013/2014
Tom Tomsk,Aleksandr Kasyan,24,Centre-Forward,Karpaty,"End of loanJun 30, 2013",out,Summer,0,Premier Liga,2013,2013/2014
Tom Tomsk,Ilya Zuev,19,Centre-Back,Zenit II,"End of loanJun 30, 2013",out,Summer,0,Premier Liga,2013,2013/2014
Anzhi Makhachkala,Aleksandr Kokorin,22,Centre-Forward,Dynamo Moscow,£17.10m,in,Summer,17.1,Premier Liga,2013,2013/2014
Anzhi Makhachkala,Igor Denisov,29,Defensive Midfield,Zenit S-Pb,£13.50m,in,Summer,13.5,Premier Liga,2013,2013/2014
Anzhi Makhachkala,Christopher Samba,29,Centre-Back,QPR,£10.44m,in,Summer,10.44,Premier Liga,2013,2013/2014
Anzhi Makhachkala,Aleksey Ionov,24,Right Winger,Kuban Krasnodar,£4.50m,in,Summer,4.5,Premier Liga,2013,2013/2014
Anzhi Makhachkala,Ilya Maksimov,26,Central Midfield,KS Samara,£3.60m,in,Summer,3.6,Premier Liga,2013,2013/2014
Anzhi Makhachkala,Gia Grigalava,24,Centre-Back,KS Samara,£1.80m,in,Summer,1.8,Premier Liga,2013,2013/2014
Anzhi Makhachkala,Benoît Angbwa,31,Right-Back,KS Samara,£1.35m,in,Summer,1.35,Premier Liga,2013,2013/2014
Anzhi Makhachkala,Kamil Agalarov,25,Defensive Midfield,Rostov,£720Th.,in,Summer,0.72,Premier Liga,2013,2013/2014
Anzhi Makhachkala,Mikhail Kerzhakov,26,Goalkeeper,Volga NN,£450Th.,in,Summer,0.45,Premier Liga,2013,2013/2014
Anzhi Makhachkala,Abdul Razak,20,Central Midfield,Man City,Loan,in,Summer,0,Premier Liga,2013,2013/2014
Anzhi Makhachkala,Karlen Mkrtchyan,24,Defensive Midfield,Metallurg D.,Loan,in,Summer,0,Premier Liga,2013,2013/2014
Anzhi Makhachkala,Alan Gatagov,22,Left Midfield,Dynamo Moscow,Loan,in,Summer,0,Premier Liga,2013,2013/2014
Anzhi Makhachkala,Pavel Solomatin,20,Centre-Forward,Dynamo Moscow,Loan,in,Summer,0,Premier Liga,2013,2013/2014
Anzhi Makhachkala,Vladimir Sobolev,22,Right Midfield,Dynamo M II,Loan,in,Summer,0,Premier Liga,2013,2013/2014
Anzhi Makhachkala,Alexandru Epureanu,26,Centre-Back,Dynamo Moscow,Loan,in,Summer,0,Premier Liga,2013,2013/2014
Anzhi Makhachkala,Vadim Demidov,26,Centre-Back,E. Frankfurt,Free transfer,in,Summer,0,Premier Liga,2013,2013/2014
Anzhi Makhachkala,Dele Adeleye,24,Centre-Back,Without Club,-,in,Summer,0,Premier Liga,2013,2013/2014
Anzhi Makhachkala,Evgeniy Pomazan,24,Goalkeeper,Ural,"End of loanAug 30, 2013",in,Summer,0,Premier Liga,2013,2013/2014
Anzhi Makhachkala,Serder Serderov,19,Left Winger,Ural,"End of loanAug 15, 2013",in,Summer,0,Premier Liga,2013,2013/2014
Anzhi Makhachkala,Islamnur Abdulavov,19,Centre-Forward,Anzhi II,-,in,Summer,0,Premier Liga,2013,2013/2014
Anzhi Makhachkala,Nikita Burmistrov,24,Right Winger,Amkar Perm,"End of loanAug 14, 2013",in,Summer,0,Premier Liga,2013,2013/2014
Anzhi Makhachkala,Willian,25,Right Winger,Chelsea,£31.95m,out,Summer,31.95,Premier Liga,2013,2013/2014
Anzhi Makhachkala,Aleksandr Kokorin,22,Centre-Forward,Dynamo Moscow,£17.10m,out,Summer,17.1,Premier Liga,2013,2013/2014
Anzhi Makhachkala,Igor Denisov,29,Defensive Midfield,Dynamo Moscow,£13.50m,out,Summer,13.5,Premier Liga,2013,2013/2014
Anzhi Makhachkala,Moubarak Boussoufa,29,Attacking Midfield,Loko Moscow,£13.50m,out,Summer,13.5,Premier Liga,2013,2013/2014
Anzhi Makhachkala,Lassana Diarra,28,Defensive Midfield,Loko Moscow,£10.80m,out,Summer,10.8,Premier Liga,2013,2013/2014
Anzhi Makhachkala,Yuri Zhirkov,29,Left-Back,Dynamo Moscow,£9.90m,out,Summer,9.9,Premier Liga,2013,2013/2014
Anzhi Makhachkala,Christopher Samba,29,Centre-Back,Dynamo Moscow,£9.00m,out,Summer,9,Premier Liga,2013,2013/2014
Anzhi Makhachkala,Oleg Shatov,23,Attacking Midfield,Zenit S-Pb,£6.30m,out,Summer,6.3,Premier Liga,2013,2013/2014
Anzhi Makhachkala,Vladimir Gabulov,29,Goalkeeper,Dynamo Moscow,£6.30m,out,Summer,6.3,Premier Liga,2013,2013/2014
Anzhi Makhachkala,Aleksey Ionov,24,Right Winger,Dynamo Moscow,£4.50m,out,Summer,4.5,Premier Liga,2013,2013/2014
Anzhi Makhachkala,Arseni Logashov,22,Right-Back,Loko Moscow,£2.70m,out,Summer,2.7,Premier Liga,2013,2013/2014
Anzhi Makhachkala,Mehdi Carcela-González,24,Right Winger,Standard Liège,£900Th.,out,Summer,0.9,Premier Liga,2013,2013/2014
Anzhi Makhachkala,João Carlos,31,Centre-Back,Spartak Moscow,£675Th.,out,Summer,0.675,Premier Liga,2013,2013/2014
Anzhi Makhachkala,Kamil Agalarov,25,Defensive Midfield,Rostov,£540Th.,out,Summer,0.54,Premier Liga,2013,2013/2014
Anzhi Makhachkala,Samuel Eto'o,32,Centre-Forward,Chelsea,Free transfer,out,Summer,0,Premier Liga,2013,2013/2014
Anzhi Makhachkala,Evgeniy Pomazan,24,Goalkeeper,Ural,Loan,out,Summer,0,Premier Liga,2013,2013/2014
Anzhi Makhachkala,Serder Serderov,19,Left Winger,Ural,Loan,out,Summer,0,Premier Liga,2013,2013/2014
Anzhi Makhachkala,Fedor Smolov,23,Centre-Forward,Dynamo Moscow,"End of loanJun 30, 2013",out,Summer,0,Premier Liga,2013,2013/2014
Anzhi Makhachkala,Emir Spahic,32,Centre-Back,Sevilla FC,"End of loanJun 30, 2013",out,Summer,0,Premier Liga,2013,2013/2014
Rubin Kazan,Mubarak Wakaso,23,Central Midfield,Espanyol,£5.40m,in,Summer,5.4,Premier Liga,2013,2013/2014
Rubin Kazan,Chris Mavinga,22,Centre-Back,Stade Rennais,£4.50m,in,Summer,4.5,Premier Liga,2013,2013/2014
Rubin Kazan,Vladislav Kulik,28,Central Midfield,Kuban Krasnodar,£3.24m,in,Summer,3.24,Premier Liga,2013,2013/2014
Rubin Kazan,Inal Getigezhev,26,Left-Back,Rostov,£2.25m,in,Summer,2.25,Premier Liga,2013,2013/2014
Rubin Kazan,Ruslan Mukhametshin,31,Centre-Forward,Mordovia,£450Th.,in,Summer,0.45,Premier Liga,2013,2013/2014
Rubin Kazan,Aleksandr Prudnikov,24,Centre-Forward,Spartak V-kavkaz,Free transfer,in,Summer,0,Premier Liga,2013,2013/2014
Rubin Kazan,Dmitri Torbinski,29,Central Midfield,Loko Moscow,Free transfer,in,Summer,0,Premier Liga,2013,2013/2014
Rubin Kazan,Sardar Azmoun,18,Centre-Forward,Rubin Kazan II,-,in,Summer,0,Premier Liga,2013,2013/2014
Rubin Kazan,Nelson Haedo Valdez,29,Centre-Forward,Valencia,"End of loanJun 30, 2013",in,Summer,0,Premier Liga,2013,2013/2014
Rubin Kazan,Igor Portnyagin,24,Centre-Forward,KS Samara,"End of loanJun 30, 2013",in,Summer,0,Premier Liga,2013,2013/2014
Rubin Kazan,Cristian Ansaldi,26,Left-Back,Zenit S-Pb,£7.20m,out,Summer,7.2,Premier Liga,2013,2013/2014
Rubin Kazan,Nelson Haedo Valdez,29,Centre-Forward,Valencia,£2.70m,out,Summer,2.7,Premier Liga,2013,2013/2014
Rubin Kazan,Alan Kasaev,27,Left Winger,Dynamo Moscow,Loan fee:£450Th.,out,Summer,0.45,Premier Liga,2013,2013/2014
Rubin Kazan,Vladimir Dyadyun,24,Centre-Forward,Dynamo Moscow,£360Th.,out,Summer,0.36,Premier Liga,2013,2013/2014
Rubin Kazan,Gökhan Töre,21,Right Winger,Besiktas,Loan fee:£315Th.,out,Summer,0.315,Premier Liga,2013,2013/2014
Rubin Kazan,Aleksey Eremenko Jr.,30,Attacking Midfield,Kairat Almaty,£180Th.,out,Summer,0.18,Premier Liga,2013,2013/2014
Rubin Kazan,Vitali Kaleshin,32,Right-Back,Krasnodar,Free transfer,out,Summer,0,Premier Liga,2013,2013/2014
Rubin Kazan,Alireza Haghighi,25,Goalkeeper,Persepolis,Loan,out,Summer,0,Premier Liga,2013,2013/2014
Rubin Kazan,Ivan Temnikov,24,Right-Back,Terek Grozny,Loan,out,Summer,0,Premier Liga,2013,2013/2014
Rubin Kazan,Sergey Davydov,27,Centre-Forward,Aktobe,Loan,out,Summer,0,Premier Liga,2013,2013/2014
Rubin Kazan,Igor Portnyagin,24,Centre-Forward,Tom Tomsk,Loan,out,Summer,0,Premier Liga,2013,2013/2014
Krylya Sovetov Samara,Jan Mucha,30,Goalkeeper,Everton,Free transfer,in,Summer,0,Premier Liga,2013,2013/2014
Krylya Sovetov Samara,Felicio Brown Forbes,21,Centre-Forward,FSV Frankfurt,Free transfer,in,Summer,0,Premier Liga,2013,2013/2014
Krylya Sovetov Samara,Ruslan Adzhindzhal,39,Central Midfield,Volga NN,Free transfer,in,Summer,0,Premier Liga,2013,2013/2014
Krylya Sovetov Samara,Igor Semshov,35,Central Midfield,Dynamo Moscow,Free transfer,in,Summer,0,Premier Liga,2013,2013/2014
Krylya Sovetov Samara,Aleksandr Pavlenko,28,Central Midfield,Terek Grozny,Free transfer,in,Summer,0,Premier Liga,2013,2013/2014
Krylya Sovetov Samara,Gia Grigalava,23,Centre-Back,Volga NN,?,in,Summer,NA,Premier Liga,2013,2013/2014
Krylya Sovetov Samara,Nadson,28,Centre-Back,KRC Genk,?,in,Summer,NA,Premier Liga,2013,2013/2014
Krylya Sovetov Samara,Raïs M'Bolhi,27,Goalkeeper,G. Ajaccio,"End of loanJun 30, 2013",in,Summer,0,Premier Liga,2013,2013/2014
Krylya Sovetov Samara,Pablo Zeballos,27,Second Striker,CS Emelec,"End of loanJun 30, 2013",in,Summer,0,Premier Liga,2013,2013/2014
Krylya Sovetov Samara,Ilya Maksimov,26,Central Midfield,Anzhi,£3.60m,out,Summer,3.6,Premier Liga,2013,2013/2014
Krylya Sovetov Samara,Gia Grigalava,24,Centre-Back,Anzhi,£1.80m,out,Summer,1.8,Premier Liga,2013,2013/2014
Krylya Sovetov Samara,Benoît Angbwa,31,Right-Back,Anzhi,£1.35m,out,Summer,1.35,Premier Liga,2013,2013/2014
Krylya Sovetov Samara,Raïs M'Bolhi,27,Goalkeeper,CSKA Sofia,Free transfer,out,Summer,0,Premier Liga,2013,2013/2014
Krylya Sovetov Samara,Roman Grigoryan,30,Attacking Midfield,Vityaz Podolsk,Free transfer,out,Summer,0,Premier Liga,2013,2013/2014
Krylya Sovetov Samara,Dmitri Golubev,21,Left-Back,Mordovia,Loan,out,Summer,0,Premier Liga,2013,2013/2014
Krylya Sovetov Samara,Viktor Svezhov,22,Central Midfield,Torpedo Moscow,Loan,out,Summer,0,Premier Liga,2013,2013/2014
Krylya Sovetov Samara,Steeve Joseph-Reinette,29,Right-Back,Retired,-,out,Summer,0,Premier Liga,2013,2013/2014
Krylya Sovetov Samara,Aleksandr Makarov,34,Goalkeeper,Retired,-,out,Summer,0,Premier Liga,2013,2013/2014
Krylya Sovetov Samara,Shamil Lakhiyalov,33,Second Striker,Retired,-,out,Summer,0,Premier Liga,2013,2013/2014
Krylya Sovetov Samara,Igor Portnyagin,24,Centre-Forward,Rubin Kazan,"End of loanJun 30, 2013",out,Summer,0,Premier Liga,2013,2013/2014
Kuban Krasnodar,Lorenzo Melgarejo,23,Left Winger,Benfica,£4.50m,in,Summer,4.5,Premier Liga,2013,2013/2014
Kuban Krasnodar,Gonzalo Bueno,20,Left Winger,Nacional,£3.60m,in,Summer,3.6,Premier Liga,2013,2013/2014
Kuban Krasnodar,Mohammed Rabiu,23,Defensive Midfield,Évian,£2.70m,in,Summer,2.7,Premier Liga,2013,2013/2014
Kuban Krasnodar,Nikita Bezlikhotnov,22,Right Winger,Torpedo Moscow,Free transfer,in,Summer,0,Premier Liga,2013,2013/2014
Kuban Krasnodar,Djibril Cissé,31,Centre-Forward,QPR,Free transfer,in,Summer,0,Premier Liga,2013,2013/2014
Kuban Krasnodar,Vladislav Ignatjev,26,Right-Back,Krasnodar,?,in,Summer,NA,Premier Liga,2013,2013/2014
Kuban Krasnodar,Arsen Khubulov,22,Right Winger,Spartak V-kavkaz,?,in,Summer,NA,Premier Liga,2013,2013/2014
Kuban Krasnodar,Igor Paderin,23,Centre-Forward,Tyumen,"End of loanJun 30, 2013",in,Summer,0,Premier Liga,2013,2013/2014
Kuban Krasnodar,Sergey Bendz,30,Centre-Back,Tom Tomsk,"End of loanJun 30, 2013",in,Summer,0,Premier Liga,2013,2013/2014
Kuban Krasnodar,Mikhail Komkov,28,Right Midfield,Khimki,"End of loanJun 30, 2013",in,Summer,0,Premier Liga,2013,2013/2014
Kuban Krasnodar,Aras Özbiliz,23,Right Winger,Spartak Moscow,£7.20m,out,Summer,7.2,Premier Liga,2013,2013/2014
Kuban Krasnodar,Aleksey Ionov,24,Right Winger,Anzhi,£4.50m,out,Summer,4.5,Premier Liga,2013,2013/2014
Kuban Krasnodar,Vladislav Kulik,28,Central Midfield,Rubin Kazan,£3.24m,out,Summer,3.24,Premier Liga,2013,2013/2014
Kuban Krasnodar,Marcos Pizzelli,28,Attacking Midfield,Krasnodar,£1.53m,out,Summer,1.53,Premier Liga,2013,2013/2014
Kuban Krasnodar,Nikolay Zhilyaev,26,Right Winger,Ufa,Free transfer,out,Summer,0,Premier Liga,2013,2013/2014
Kuban Krasnodar,Igor Lolo,30,Right-Back,Rostov,Free transfer,out,Summer,0,Premier Liga,2013,2013/2014
Kuban Krasnodar,Igor Paderin,23,Centre-Forward,Unknown,Free transfer,out,Summer,0,Premier Liga,2013,2013/2014
Kuban Krasnodar,Mikhail Komkov,28,Right Midfield,Tom Tomsk,Loan,out,Summer,0,Premier Liga,2013,2013/2014
Kuban Krasnodar,Nikita Bezlikhotnov,23,Right Winger,Metallurg D.,Loan,out,Summer,0,Premier Liga,2013,2013/2014
Kuban Krasnodar,Daniel Niculae,30,Centre-Forward,Without Club,-,out,Summer,0,Premier Liga,2013,2013/2014
Kuban Krasnodar,Leandro,28,Right-Back,Arsenal Kyiv,"End of loanJun 30, 2013",out,Summer,0,Premier Liga,2013,2013/2014
CSKA Moscow,Vitinho,19,Left Winger,Botafogo,£8.55m,in,Summer,8.55,Premier Liga,2013,2013/2014
CSKA Moscow,Georgi Milanov,21,Attacking Midfield,Litex Lovetch,£3.24m,in,Summer,3.24,Premier Liga,2013,2013/2014
CSKA Moscow,Steven Zuber,21,Left Midfield,Grasshoppers,£3.24m,in,Summer,3.24,Premier Liga,2013,2013/2014
CSKA Moscow,Konstantin Bazelyuk,20,Centre-Forward,CSKA Moscow II,-,in,Summer,0,Premier Liga,2013,2013/2014
CSKA Moscow,Vyacheslav Karavaev,18,Right-Back,CSKA Moscow II,-,in,Summer,0,Premier Liga,2013,2013/2014
CSKA Moscow,Evgeni Aldonin,33,Defensive Midfield,Mordovia,"End of loanJun 30, 2013",in,Summer,0,Premier Liga,2013,2013/2014
CSKA Moscow,Vágner Love,29,Centre-Forward,SD Luneng,£10.80m,out,Summer,10.8,Premier Liga,2013,2013/2014
CSKA Moscow,Tomas Necid,23,Centre-Forward,PAOK Salonika,Loan,out,Summer,0,Premier Liga,2013,2013/2014
CSKA Moscow,Evgeni Aldonin,33,Defensive Midfield,Volga NN,Free transfer,out,Summer,0,Premier Liga,2013,2013/2014
CSKA Moscow,Pavel Mamaev,24,Central Midfield,Krasnodar,Loan,out,Summer,0,Premier Liga,2013,2013/2014
FK Rostov,Byung-soo Yoo,25,Centre-Forward,Hilal,£1.35m,in,Summer,1.35,Premier Liga,2013,2013/2014
FK Rostov,Kamil Agalarov,25,Defensive Midfield,Anzhi,£540Th.,in,Summer,0.54,Premier Liga,2013,2013/2014
FK Rostov,Hrvoje Milic,24,Left-Back,NK Istra,£315Th.,in,Summer,0.315,Premier Liga,2013,2013/2014
FK Rostov,Azim Fatullaev,27,Defensive Midfield,Enisey,£270Th.,in,Summer,0.27,Premier Liga,2013,2013/2014
FK Rostov,Igor Lolo,30,Right-Back,Kuban Krasnodar,Free transfer,in,Summer,0,Premier Liga,2013,2013/2014
FK Rostov,Artem Dzyuba,24,Centre-Forward,Spartak Moscow,Loan,in,Summer,0,Premier Liga,2013,2013/2014
FK Rostov,Jano Ananidze,20,Attacking Midfield,Spartak Moscow,Loan,in,Summer,0,Premier Liga,2013,2013/2014
FK Rostov,Aleksandr Vasiljev,21,Right Winger,CSKA Moscow II,Free transfer,in,Summer,0,Premier Liga,2013,2013/2014
FK Rostov,Anton Amelchenko,28,Goalkeeper,Loko Moscow,?,in,Summer,NA,Premier Liga,2013,2013/2014
FK Rostov,Igor Khudobyak,28,Attacking Midfield,Karpaty,Loan,in,Summer,0,Premier Liga,2013,2013/2014
FK Rostov,Bastos,22,Centre-Back,Petro Luanda,?,in,Summer,NA,Premier Liga,2013,2013/2014
FK Rostov,Arseni Logashov,22,Right-Back,Loko Moscow,Loan,in,Summer,0,Premier Liga,2013,2013/2014
FK Rostov,Inal Getigezhev,26,Left-Back,Rubin Kazan,£2.25m,out,Summer,2.25,Premier Liga,2013,2013/2014
FK Rostov,Kamil Agalarov,25,Defensive Midfield,Anzhi,£720Th.,out,Summer,0.72,Premier Liga,2013,2013/2014
FK Rostov,Razvan Cocis,30,Central Midfield,Goverla,Free transfer,out,Summer,0,Premier Liga,2013,2013/2014
FK Rostov,Dmitri Kruglov,29,Left-Back,Levadia,Free transfer,out,Summer,0,Premier Liga,2013,2013/2014
FK Rostov,Dmitri Kirichenko,36,Centre-Forward,Mordovia,Free transfer,out,Summer,0,Premier Liga,2013,2013/2014
FK Rostov,Jan Holenda,28,Centre-Forward,Tom Tomsk,Loan,out,Summer,0,Premier Liga,2013,2013/2014
FK Rostov,Khoren Bayramyan,21,Left Midfield,Rotor Volgograd,Loan,out,Summer,0,Premier Liga,2013,2013/2014
FK Rostov,Kornel Salata,28,Centre-Back,Tom Tomsk,Loan,out,Summer,0,Premier Liga,2013,2013/2014
FK Rostov,Andrey Vasiljev,21,Right-Back,Dinamo S-Pb,Loan,out,Summer,0,Premier Liga,2013,2013/2014
FK Rostov,Isaac Okoronkwo,35,Centre-Back,Retired,-,out,Summer,0,Premier Liga,2013,2013/2014
FK Rostov,Vladimir Kisenkov,31,Right-Back,Dynamo Moscow,"End of loanJun 30, 2013",out,Summer,0,Premier Liga,2013,2013/2014
FK Rostov,Andrey Ivanov,24,Left-Back,Loko Moscow,"End of loanJun 30, 2013",out,Summer,0,Premier Liga,2013,2013/2014
FK Rostov,Nikolay Zabolotnyi,23,Goalkeeper,Spartak Moscow,"End of loanJun 30, 2013",out,Summer,0,Premier Liga,2013,2013/2014
FK Rostov,Eugene Starikov,24,Centre-Forward,Zenit II,"End of loanJun 30, 2013",out,Summer,0,Premier Liga,2013,2013/2014
FK Rostov,Maksim Belyaev,21,Centre-Back,Loko Moscow,"End of loanJun 30, 2013",out,Summer,0,Premier Liga,2013,2013/2014
FK Rostov,Danko Lazovic,30,Second Striker,Zenit S-Pb,"End of loanJun 30, 2013",out,Summer,0,Premier Liga,2013,2013/2014
Zenit St. Petersburg,Cristian Ansaldi,26,Left-Back,Rubin Kazan,£7.20m,in,Summer,7.2,Premier Liga,2013,2013/2014
Zenit St. Petersburg,Oleg Shatov,23,Attacking Midfield,Anzhi,£6.30m,in,Summer,6.3,Premier Liga,2013,2013/2014
Zenit St. Petersburg,Igor Smolnikov,25,Right-Back,Krasnodar,£5.40m,in,Summer,5.4,Premier Liga,2013,2013/2014
Zenit St. Petersburg,Yuri Lodygin,23,Goalkeeper,Skoda Xanthi,£720Th.,in,Summer,0.72,Premier Liga,2013,2013/2014
Zenit St. Petersburg,Anatoliy Tymoshchuk,34,Defensive Midfield,Bayern Munich,Free transfer,in,Summer,0,Premier Liga,2013,2013/2014
Zenit St. Petersburg,Andrey Arshavin,32,Second Striker,Arsenal,Free transfer,in,Summer,0,Premier Liga,2013,2013/2014
Zenit St. Petersburg,Ivan Solovjev,20,Left Winger,Dynamo Moscow,Free transfer,in,Summer,0,Premier Liga,2013,2013/2014
Zenit St. Petersburg,Pavel Mogilevets,20,Central Midfield,Zenit II,-,in,Summer,0,Premier Liga,2013,2013/2014
Zenit St. Petersburg,Danko Lazovic,30,Second Striker,Rostov,"End of loanJun 30, 2013",in,Summer,0,Premier Liga,2013,2013/2014
Zenit St. Petersburg,Igor Denisov,29,Defensive Midfield,Anzhi,£13.50m,out,Summer,13.5,Premier Liga,2013,2013/2014
Zenit St. Petersburg,Bruno Alves,31,Centre-Back,Fenerbahce,£4.95m,out,Summer,4.95,Premier Liga,2013,2013/2014
Zenit St. Petersburg,Milan Rodic,22,Left-Back,Volga NN,Loan,out,Summer,0,Premier Liga,2013,2013/2014
Zenit St. Petersburg,Luka Djordjevic,19,Centre-Forward,Twente FC,Loan,out,Summer,0,Premier Liga,2013,2013/2014
Zenit St. Petersburg,Sergey Semak,37,Central Midfield,Retired,-,out,Summer,0,Premier Liga,2013,2013/2014
Lokomotiv Moscow,Moubarak Boussoufa,29,Attacking Midfield,Anzhi,£13.50m,in,Summer,13.5,Premier Liga,2013,2013/2014
Lokomotiv Moscow,Lassana Diarra,28,Defensive Midfield,Anzhi,£10.80m,in,Summer,10.8,Premier Liga,2013,2013/2014
Lokomotiv Moscow,Arseni Logashov,22,Right-Back,Anzhi,£2.70m,in,Summer,2.7,Premier Liga,2013,2013/2014
Lokomotiv Moscow,Ilya Abaev,31,Goalkeeper,Volga NN,£900Th.,in,Summer,0.9,Premier Liga,2013,2013/2014
Lokomotiv Moscow,Taras Mykhalyk,29,Centre-Back,Dynamo Kyiv,Free transfer,in,Summer,0,Premier Liga,2013,2013/2014
Lokomotiv Moscow,Sergey Tkachev,24,Attacking Midfield,Metalist,?,in,Summer,NA,Premier Liga,2013,2013/2014
Lokomotiv Moscow,Dmitri Sychev,29,Centre-Forward,Dinamo Minsk,"End of loanJul 15, 2013",in,Summer,0,Premier Liga,2013,2013/2014
Lokomotiv Moscow,Aleksey Shirokov,24,Goalkeeper,Lokomotiv 2,Loan,in,Summer,0,Premier Liga,2013,2013/2014
Lokomotiv Moscow,Anton Amelchenko,28,Goalkeeper,Terek Grozny,"End of loanJun 30, 2013",in,Summer,0,Premier Liga,2013,2013/2014
Lokomotiv Moscow,Andrey Ivanov,24,Left-Back,Rostov,"End of loanJun 30, 2013",in,Summer,0,Premier Liga,2013,2013/2014
Lokomotiv Moscow,Artur Sarkisov,26,Right Winger,Volga NN,"End of loanJun 30, 2013",in,Summer,0,Premier Liga,2013,2013/2014
Lokomotiv Moscow,Manuel da Costa,27,Centre-Back,Nacional,"End of loanJun 30, 2013",in,Summer,0,Premier Liga,2013,2013/2014
Lokomotiv Moscow,Maksim Belyaev,21,Centre-Back,Rostov,"End of loanJun 30, 2013",in,Summer,0,Premier Liga,2013,2013/2014
Lokomotiv Moscow,Aleksandr Filtsov,23,Goalkeeper,Krasnodar,"End of loanJun 30, 2013",in,Summer,0,Premier Liga,2013,2013/2014
Lokomotiv Moscow,Denis Glushakov,26,Central Midfield,Spartak Moscow,£7.20m,out,Summer,7.2,Premier Liga,2013,2013/2014
Lokomotiv Moscow,Manuel da Costa,27,Centre-Back,Sivasspor,£1.98m,out,Summer,1.98,Premier Liga,2013,2013/2014
Lokomotiv Moscow,Aleksandr Filtsov,23,Goalkeeper,Krasnodar,£1.80m,out,Summer,1.8,Premier Liga,2013,2013/2014
Lokomotiv Moscow,Artur Sarkisov,26,Right Winger,Ural,£270Th.,out,Summer,0.27,Premier Liga,2013,2013/2014
Lokomotiv Moscow,Dmitri Torbinski,29,Central Midfield,Rubin Kazan,Free transfer,out,Summer,0,Premier Liga,2013,2013/2014
Lokomotiv Moscow,Anton Amelchenko,28,Goalkeeper,Rostov,?,out,Summer,NA,Premier Liga,2013,2013/2014
Lokomotiv Moscow,Dmitri Sychev,29,Centre-Forward,Volga NN,Loan,out,Summer,0,Premier Liga,2013,2013/2014
Lokomotiv Moscow,Arseni Logashov,22,Right-Back,Rostov,Loan,out,Summer,0,Premier Liga,2013,2013/2014
Lokomotiv Moscow,Dmitri Loskov,39,Attacking Midfield,Career break,-,out,Summer,0,Premier Liga,2013,2013/2014
Spartak Moscow,Denis Glushakov,26,Central Midfield,Loko Moscow,£7.20m,in,Summer,7.2,Premier Liga,2013,2013/2014
Spartak Moscow,Aras Özbiliz,23,Right Winger,Kuban Krasnodar,£7.20m,in,Summer,7.2,Premier Liga,2013,2013/2014
Spartak Moscow,Tino Costa,28,Central Midfield,Valencia,£5.85m,in,Summer,5.85,Premier Liga,2013,2013/2014
Spartak Moscow,Serdar Tasci,26,Centre-Back,VfB Stuttgart,£3.60m,in,Summer,3.6,Premier Liga,2013,2013/2014
Spartak Moscow,José Manuel Jurado,27,Attacking Midfield,FC Schalke 04,£2.70m,in,Summer,2.7,Premier Liga,2013,2013/2014
Spartak Moscow,Lucas Barrios,28,Centre-Forward,GZ Evergrande,£2.70m,in,Summer,2.7,Premier Liga,2013,2013/2014
Spartak Moscow,João Carlos,31,Centre-Back,Anzhi,£675Th.,in,Summer,0.675,Premier Liga,2013,2013/2014
Spartak Moscow,Welliton,26,Centre-Forward,Grêmio,"End of loanAug 20, 2013",in,Summer,0,Premier Liga,2013,2013/2014
Spartak Moscow,Nikolay Zabolotnyi,23,Goalkeeper,Rostov,"End of loanJun 30, 2013",in,Summer,0,Premier Liga,2013,2013/2014
Spartak Moscow,Aleksandr Zotov,22,Central Midfield,Tom Tomsk,"End of loanJun 30, 2013",in,Summer,0,Premier Liga,2013,2013/2014
Spartak Moscow,Soslan Dzhanaev,26,Goalkeeper,Spartak V-kavkaz,"End of loanJun 30, 2013",in,Summer,0,Premier Liga,2013,2013/2014
Spartak Moscow,Emmanuel Emenike,26,Centre-Forward,Fenerbahce,£11.70m,out,Summer,11.7,Premier Liga,2013,2013/2014
Spartak Moscow,Ari,27,Centre-Forward,Krasnodar,£360Th.,out,Summer,0.36,Premier Liga,2013,2013/2014
Spartak Moscow,Artem Dzyuba,24,Centre-Forward,Rostov,Loan,out,Summer,0,Premier Liga,2013,2013/2014
Spartak Moscow,Jano Ananidze,20,Attacking Midfield,Rostov,Loan,out,Summer,0,Premier Liga,2013,2013/2014
Spartak Moscow,Welliton,26,Centre-Forward,São Paulo,Loan,out,Summer,0,Premier Liga,2013,2013/2014
Spartak Moscow,Nicolás Pareja,29,Centre-Back,Sevilla FC,Loan,out,Summer,0,Premier Liga,2013,2013/2014
Spartak Moscow,Aleksandr Zotov,22,Central Midfield,Shinnik,Loan,out,Summer,0,Premier Liga,2013,2013/2014
Spartak Moscow,Aleksandr Kozlov,20,Centre-Forward,Spartak 2,-,out,Summer,0,Premier Liga,2013,2013/2014
Spartak Moscow,José Manuel Jurado,27,Attacking Midfield,FC Schalke 04,"End of loanJun 30, 2013",out,Summer,0,Premier Liga,2013,2013/2014
Spartak Moscow,Ognjen Vukojevic,29,Defensive Midfield,Dynamo Kyiv,"End of loanJun 30, 2013",out,Summer,0,Premier Liga,2013,2013/2014
FK Krasnodar,Andreas Granqvist,28,Centre-Back,Genoa,£4.50m,in,Summer,4.5,Premier Liga,2013,2013/2014
FK Krasnodar,Artur Jedrzejczyk,25,Centre-Back,Legia Warszawa,£1.98m,in,Summer,1.98,Premier Liga,2013,2013/2014
FK Krasnodar,Aleksandr Filtsov,23,Goalkeeper,Loko Moscow,£1.80m,in,Summer,1.8,Premier Liga,2013,2013/2014
FK Krasnodar,Ricardo Laborde,25,Right Winger,Anorthosis,£1.53m,in,Summer,1.53,Premier Liga,2013,2013/2014
FK Krasnodar,Marcos Pizzelli,28,Attacking Midfield,Kuban Krasnodar,£1.53m,in,Summer,1.53,Premier Liga,2013,2013/2014
FK Krasnodar,Ari,27,Centre-Forward,Spartak Moscow,£360Th.,in,Summer,0.36,Premier Liga,2013,2013/2014
FK Krasnodar,Yuri Gazinskiy,23,Central Midfield,Torpedo Moscow,£225Th.,in,Summer,0.225,Premier Liga,2013,2013/2014
FK Krasnodar,Vitali Kaleshin,32,Right-Back,Rubin Kazan,Free transfer,in,Summer,0,Premier Liga,2013,2013/2014
FK Krasnodar,Gerard Gohou,24,Centre-Forward,K. Erciyesspor,Free transfer,in,Summer,0,Premier Liga,2013,2013/2014
FK Krasnodar,Ruslan Bolov,19,Centre-Forward,Spartak Nalchik,?,in,Summer,NA,Premier Liga,2013,2013/2014
FK Krasnodar,Pavel Mamaev,24,Central Midfield,CSKA Moscow,Loan,in,Summer,0,Premier Liga,2013,2013/2014
FK Krasnodar,Aleksandr Erokhin,23,Attacking Midfield,SKA-Energia,"End of loanJun 30, 2013",in,Summer,0,Premier Liga,2013,2013/2014
FK Krasnodar,Igor Smolnikov,25,Right-Back,Zenit S-Pb,£5.40m,out,Summer,5.4,Premier Liga,2013,2013/2014
FK Krasnodar,Evgeniy Gorodov,27,Goalkeeper,Terek Grozny,£270Th.,out,Summer,0.27,Premier Liga,2013,2013/2014
FK Krasnodar,Vladimir Koman,24,Attacking Midfield,Ural,Loan fee:£180Th.,out,Summer,0.18,Premier Liga,2013,2013/2014
FK Krasnodar,Nukri Revishvili,26,Goalkeeper,FC Dila,Free transfer,out,Summer,0,Premier Liga,2013,2013/2014
FK Krasnodar,Vladislav Ignatjev,26,Right-Back,Kuban Krasnodar,?,out,Summer,NA,Premier Liga,2013,2013/2014
FK Krasnodar,Igor Lambarskiy,20,Attacking Midfield,Enisey,Loan,out,Summer,0,Premier Liga,2013,2013/2014
FK Krasnodar,Aleksandr Erokhin,23,Attacking Midfield,SKA-Energia,?,out,Summer,NA,Premier Liga,2013,2013/2014
FK Krasnodar,Moussa Konaté,20,Centre-Forward,Genoa,Loan,out,Summer,0,Premier Liga,2013,2013/2014
FK Krasnodar,Nikola Drincic,28,Defensive Midfield,Without Club,-,out,Summer,0,Premier Liga,2013,2013/2014
FK Krasnodar,Aleksandr Filtsov,23,Goalkeeper,Loko Moscow,"End of loanJun 30, 2013",out,Summer,0,Premier Liga,2013,2013/2014
FK Krasnodar,Adolphe Teikeu,23,Centre-Back,Metalurg Z.,"End of loanJun 30, 2013",out,Summer,0,Premier Liga,2013,2013/2014
Dynamo Moscow,Aleksey Kozlov,27,Right-Back,Kuban Krasnodar,?,in,Winter,NA,Premier Liga,2013,2013/2014
Dynamo Moscow,Alexandru Epureanu,27,Centre-Back,Anzhi,"End of loanDec 31, 2013",in,Winter,0,Premier Liga,2013,2013/2014
Dynamo Moscow,Pavel Solomatin,20,Centre-Forward,Anzhi,"End of loanDec 31, 2013",in,Winter,0,Premier Liga,2013,2013/2014
Dynamo Moscow,Alan Gatagov,22,Left Midfield,Anzhi,"End of loanDec 31, 2013",in,Winter,0,Premier Liga,2013,2013/2014
Dynamo Moscow,Alexandru Epureanu,27,Centre-Back,Anzhi,Free transfer,out,Winter,0,Premier Liga,2013,2013/2014
Dynamo Moscow,Nikita Chicherin,23,Right-Back,Volga NN,Free transfer,out,Winter,0,Premier Liga,2013,2013/2014
Dynamo Moscow,Igor Shitov,27,Right-Back,Mordovia,Free transfer,out,Winter,0,Premier Liga,2013,2013/2014
Dynamo Moscow,Fedor Smolov,23,Centre-Forward,Anzhi,Loan,out,Winter,0,Premier Liga,2013,2013/2014
Dynamo Moscow,Andrey Panyukov,19,Centre-Forward,Spartak Nalchik,Loan,out,Winter,0,Premier Liga,2013,2013/2014
Volga Nizhniy Novgorod,Nikita Chicherin,23,Right-Back,Dynamo Moscow,Free transfer,in,Winter,0,Premier Liga,2013,2013/2014
Volga Nizhniy Novgorod,Ariel Borysiuk,22,Defensive Midfield,1.FC K'lautern,Loan,in,Winter,0,Premier Liga,2013,2013/2014
Volga Nizhniy Novgorod,Artur Sarkisov,27,Right Winger,Ural,?,in,Winter,NA,Premier Liga,2013,2013/2014
Volga Nizhniy Novgorod,Artur Minosyan,24,Attacking Midfield,Chernomorets N.,?,in,Winter,NA,Premier Liga,2013,2013/2014
Volga Nizhniy Novgorod,Valeri Kichin,21,Left-Back,Khimik,"End of loanDec 31, 2013",in,Winter,0,Premier Liga,2013,2013/2014
Volga Nizhniy Novgorod,Matija Dvornekovic,25,Right Winger,Torpedo Moscow,Loan,out,Winter,0,Premier Liga,2013,2013/2014
Volga Nizhniy Novgorod,Valeri Kichin,21,Left-Back,Ufa,Loan,out,Winter,0,Premier Liga,2013,2013/2014
Ural Yekaterinburg,Denis Dorozhkin,26,Centre-Forward,Spartak Nalchik,£90Th.,in,Winter,0.09,Premier Liga,2013,2013/2014
Ural Yekaterinburg,Artem Fidler,30,Defensive Midfield,Kuban Krasnodar,Free transfer,in,Winter,0,Premier Liga,2013,2013/2014
Ural Yekaterinburg,Nikolay Zabolotnyi,23,Goalkeeper,Spartak Moscow,Free transfer,in,Winter,0,Premier Liga,2013,2013/2014
Ural Yekaterinburg,Vladimir Khozin,24,Centre-Back,Spartak V-kavkaz,Free transfer,in,Winter,0,Premier Liga,2013,2013/2014
Ural Yekaterinburg,Alan Bagaev,22,Centre-Back,S2V,Free transfer,in,Winter,0,Premier Liga,2013,2013/2014
Ural Yekaterinburg,Aleksandr Stavpets,24,Right Winger,Rotor Volgograd,?,in,Winter,NA,Premier Liga,2013,2013/2014
Ural Yekaterinburg,Arsen Goshokov,22,Centre-Forward,Spartak Nalchik,?,in,Winter,NA,Premier Liga,2013,2013/2014
Ural Yekaterinburg,Nikolay Safronidi,30,Left Midfield,Ufa,Free transfer,out,Winter,0,Premier Liga,2013,2013/2014
Ural Yekaterinburg,Milan Vjestica,34,Centre-Back,Dinamo S-Pb,Free transfer,out,Winter,0,Premier Liga,2013,2013/2014
Ural Yekaterinburg,Yuri Kirillov,23,Defensive Midfield,Atlantas,Free transfer,out,Winter,0,Premier Liga,2013,2013/2014
Ural Yekaterinburg,Anatoli Gerk,29,Attacking Midfield,Tambov,Free transfer,out,Winter,0,Premier Liga,2013,2013/2014
Ural Yekaterinburg,Toto Tamuz,25,Centre-Forward,Petrolul,Free transfer,out,Winter,0,Premier Liga,2013,2013/2014
Ural Yekaterinburg,Aleksey Solosin,26,Goalkeeper,Khimki,Free transfer,out,Winter,0,Premier Liga,2013,2013/2014
Ural Yekaterinburg,Artur Sarkisov,27,Right Winger,Volga NN,?,out,Winter,NA,Premier Liga,2013,2013/2014
Ural Yekaterinburg,Semen Pomogaev,20,Central Midfield,Dinamo S-Pb,Loan,out,Winter,0,Premier Liga,2013,2013/2014
Amkar Perm,Aleksey Nikitin,22,Centre-Back,Enisey,£405Th.,in,Winter,0.405,Premier Liga,2013,2013/2014
Amkar Perm,Damian Zbozien,24,Right-Back,Piast Gliwice,£180Th.,in,Winter,0.18,Premier Liga,2013,2013/2014
Amkar Perm,Fegor Ogude,26,Defensive Midfield,Vålerenga,£90Th.,in,Winter,0.09,Premier Liga,2013,2013/2014
Amkar Perm,Jakub Wawrzyniak,30,Left-Back,Legia Warszawa,£90Th.,in,Winter,0.09,Premier Liga,2013,2013/2014
Amkar Perm,Ivan Solovjev,20,Left Winger,Zenit S-Pb,Loan,in,Winter,0,Premier Liga,2013,2013/2014
Amkar Perm,Dzhamaldin Khodzhaniyazov,17,Centre-Back,Zenit II,Loan,in,Winter,0,Premier Liga,2013,2013/2014
Amkar Perm,Patrick Twumasi,19,Right Winger,Spartaks,Loan,in,Winter,0,Premier Liga,2013,2013/2014
Amkar Perm,Federico Rasic,21,Centre-Forward,Gimnasia,Loan,in,Winter,0,Premier Liga,2013,2013/2014
Amkar Perm,Mikhail Smirnov,23,Centre-Back,Neftekhimik,"End of loanDec 31, 2013",in,Winter,0,Premier Liga,2013,2013/2014
Amkar Perm,Makhach Gadzhiev,26,Right Midfield,Anzhi,Free transfer,out,Winter,0,Premier Liga,2013,2013/2014
Amkar Perm,Mitar Novakovic,32,Defensive Midfield,OFK Beograd,Free transfer,out,Winter,0,Premier Liga,2013,2013/2014
Amkar Perm,Vladimirs Kamess,25,Right Winger,Neftekhimik,Loan,out,Winter,0,Premier Liga,2013,2013/2014
Amkar Perm,Andrey Semenov,24,Centre-Back,Terek Grozny,?,out,Winter,NA,Premier Liga,2013,2013/2014
Amkar Perm,Artur Ryabokobylenko,22,Defensive Midfield,Spartak Nalchik,Loan,out,Winter,0,Premier Liga,2013,2013/2014
Amkar Perm,Sergey Volkov,33,Centre-Forward,Retired,-,out,Winter,0,Premier Liga,2013,2013/2014
Amkar Perm,Aleksey Popov,35,Centre-Back,Retired,-,out,Winter,0,Premier Liga,2013,2013/2014
Amkar Perm,Nikolay Fadeev,20,Right-Back,Spartak II,"End of loanDec 31, 2013",out,Winter,0,Premier Liga,2013,2013/2014
Terek Grozny,Daler Kuzyaev,20,Central Midfield,Neftekhimik,£270Th.,in,Winter,0.27,Premier Liga,2013,2013/2014
Terek Grozny,Vitali Gudiev,18,Goalkeeper,Spartak V-kavkaz,Free transfer,in,Winter,0,Premier Liga,2013,2013/2014
Terek Grozny,Andrey Semenov,24,Centre-Back,Amkar Perm,?,in,Winter,NA,Premier Liga,2013,2013/2014
Terek Grozny,Ezechiel Ndouasel,25,Centre-Forward,Konyaspor,"End of loanDec 31, 2013",in,Winter,0,Premier Liga,2013,2013/2014
Terek Grozny,Ezechiel Ndouasel,25,Centre-Forward,Club Africain,Loan fee:£90Th.,out,Winter,0.09,Premier Liga,2013,2013/2014
Terek Grozny,Dmitri Yatchenko,27,Right-Back,KS Samara,Free transfer,out,Winter,0,Premier Liga,2013,2013/2014
Terek Grozny,Jonathan Legear,26,Right Winger,KV Mechelen,Free transfer,out,Winter,0,Premier Liga,2013,2013/2014
Terek Grozny,Maciej Makuszewski,24,Right Winger,Lechia Gdansk,Loan,out,Winter,0,Premier Liga,2013,2013/2014
Terek Grozny,Zaur Sadaev,24,Centre-Forward,Lechia Gdansk,Loan,out,Winter,0,Premier Liga,2013,2013/2014
Terek Grozny,Artem Radkov,28,Centre-Back,BATE Borisov,"End of loanDec 31, 2013",out,Winter,0,Premier Liga,2013,2013/2014
Tom Tomsk,Maksim Bordachev,27,Left-Back,BATE Borisov,£392Th.,in,Winter,0.392,Premier Liga,2013,2013/2014
Tom Tomsk,Pavel Nekhajchik,25,Left Winger,BATE Borisov,£164Th.,in,Winter,0.164,Premier Liga,2013,2013/2014
Tom Tomsk,Yuri Petrakov,22,Central Midfield,Khimik,"End of loanOct 7, 2013",in,Winter,0,Premier Liga,2013,2013/2014
Tom Tomsk,Dmitri Nikitinskiy,21,Left-Back,Tambov,"End of loanDec 31, 2013",in,Winter,0,Premier Liga,2013,2013/2014
Tom Tomsk,Plamen Nikolov,28,Centre-Back,Litex Lovetch,Free transfer,out,Winter,0,Premier Liga,2013,2013/2014
Tom Tomsk,Maksim Astafjev,31,Right Winger,Sibir,?,out,Winter,NA,Premier Liga,2013,2013/2014
Tom Tomsk,Eugen Sidorenco,24,Left Winger,Khimik,Loan,out,Winter,0,Premier Liga,2013,2013/2014
Tom Tomsk,Yuri Petrakov,22,Central Midfield,Career break,-,out,Winter,0,Premier Liga,2013,2013/2014
Tom Tomsk,Maksim Bordachev,27,Left-Back,BATE Borisov,"End of loanDec 31, 2013",out,Winter,0,Premier Liga,2013,2013/2014
Anzhi Makhachkala,Alexandru Epureanu,27,Centre-Back,Dynamo Moscow,Free transfer,in,Winter,0,Premier Liga,2013,2013/2014
Anzhi Makhachkala,Anvar Gazimagomedov,25,Left Midfield,Dagdiesel,Free transfer,in,Winter,0,Premier Liga,2013,2013/2014
Anzhi Makhachkala,Vladimir Bystrov,29,Right Midfield,Zenit S-Pb,Loan,in,Winter,0,Premier Liga,2013,2013/2014
Anzhi Makhachkala,Makhach Gadzhiev,26,Right Midfield,Amkar Perm,Free transfer,in,Winter,0,Premier Liga,2013,2013/2014
Anzhi Makhachkala,Oleksandr Aliyev,28,Attacking Midfield,Dynamo 2 Kyiv,Free transfer,in,Winter,0,Premier Liga,2013,2013/2014
Anzhi Makhachkala,Abdul Razak,21,Central Midfield,Man City,Free transfer,in,Winter,0,Premier Liga,2013,2013/2014
Anzhi Makhachkala,Aleksandr Bukharov,28,Centre-Forward,Zenit S-Pb,Loan,in,Winter,0,Premier Liga,2013,2013/2014
Anzhi Makhachkala,Fedor Smolov,23,Centre-Forward,Dynamo Moscow,Loan,in,Winter,0,Premier Liga,2013,2013/2014
Anzhi Makhachkala,Diniyar Bilyaletdinov,28,Attacking Midfield,Spartak Moscow,Loan,in,Winter,0,Premier Liga,2013,2013/2014
Anzhi Makhachkala,Murad Qurbanov,21,Right-Back,Anzhi II,-,in,Winter,0,Premier Liga,2013,2013/2014
Anzhi Makhachkala,Gustavo Blanco Leschuk,22,Centre-Forward,Without Club,-,in,Winter,0,Premier Liga,2013,2013/2014
Anzhi Makhachkala,Lacina Traore,23,Centre-Forward,Monaco,£9.00m,out,Winter,9,Premier Liga,2013,2013/2014
Anzhi Makhachkala,Jucilei,25,Defensive Midfield,Al-Jazira,£5.40m,out,Winter,5.4,Premier Liga,2013,2013/2014
Anzhi Makhachkala,Dele Adeleye,25,Centre-Back,Ergotelis,Free transfer,out,Winter,0,Premier Liga,2013,2013/2014
Anzhi Makhachkala,Vadim Demidov,27,Centre-Back,SK Brann,Free transfer,out,Winter,0,Premier Liga,2013,2013/2014
Anzhi Makhachkala,Abdul Razak,21,Central Midfield,West Ham,Free transfer,out,Winter,0,Premier Liga,2013,2013/2014
Anzhi Makhachkala,Alexandru Epureanu,27,Centre-Back,Dynamo Moscow,"End of loanDec 31, 2013",out,Winter,0,Premier Liga,2013,2013/2014
Anzhi Makhachkala,Pavel Solomatin,20,Centre-Forward,Dynamo Moscow,"End of loanDec 31, 2013",out,Winter,0,Premier Liga,2013,2013/2014
Anzhi Makhachkala,Alan Gatagov,22,Left Midfield,Dynamo Moscow,"End of loanDec 31, 2013",out,Winter,0,Premier Liga,2013,2013/2014
Anzhi Makhachkala,Abdul Razak,21,Central Midfield,Man City,"End of loanDec 31, 2013",out,Winter,0,Premier Liga,2013,2013/2014
Rubin Kazan,Marko Devic,30,Centre-Forward,Metalist,£4.50m,in,Winter,4.5,Premier Liga,2013,2013/2014
Rubin Kazan,Taras Burlak,23,Centre-Back,Loko Moscow,£2.25m,in,Winter,2.25,Premier Liga,2013,2013/2014
Rubin Kazan,Ruslan Kambolov,24,Defensive Midfield,Neftekhimik,?,in,Winter,NA,Premier Liga,2013,2013/2014
Rubin Kazan,Kamil Mullin,19,Centre-Forward,Loko Moscow II,?,in,Winter,NA,Premier Liga,2013,2013/2014
Rubin Kazan,Arturs Karasausks,22,Centre-Forward,Skonto Riga,Loan,in,Winter,0,Premier Liga,2013,2013/2014
Rubin Kazan,Sergey Davydov,28,Centre-Forward,Aktobe,"End of loanDec 31, 2013",in,Winter,0,Premier Liga,2013,2013/2014
Rubin Kazan,Elmir Nabiullin,18,Left-Back,Rubin Kazan II,-,in,Winter,0,Premier Liga,2013,2013/2014
Rubin Kazan,Pavel Mogilevets,20,Central Midfield,Zenit S-Pb,Loan,in,Winter,0,Premier Liga,2013,2013/2014
Rubin Kazan,Yuri Nesterenko,22,Goalkeeper,Rubin Kazan II,-,in,Winter,0,Premier Liga,2013,2013/2014
Rubin Kazan,Alireza Haghighi,25,Goalkeeper,Persepolis,"End of loanDec 2, 2013",in,Winter,0,Premier Liga,2013,2013/2014
Rubin Kazan,Salomón Rondón,24,Centre-Forward,Zenit S-Pb,£16.20m,out,Winter,16.2,Premier Liga,2013,2013/2014
Rubin Kazan,Aleksandr Ryazantsev,27,Central Midfield,Zenit S-Pb,Free transfer,out,Winter,0,Premier Liga,2013,2013/2014
Rubin Kazan,Bibras Natcho,25,Central Midfield,PAOK Salonika,Free transfer,out,Winter,0,Premier Liga,2013,2013/2014
Rubin Kazan,Pablo Orbaiz,34,Defensive Midfield,Valle de Egüés,Free transfer,out,Winter,0,Premier Liga,2013,2013/2014
Rubin Kazan,Iván Marcano,26,Centre-Back,Olympiacos,Loan,out,Winter,0,Premier Liga,2013,2013/2014
Rubin Kazan,Alireza Haghighi,25,Goalkeeper,Covilhã,Loan,out,Winter,0,Premier Liga,2013,2013/2014
Krylya Sovetov Samara,Emin Makhmudov,21,Central Midfield,Spartak Moscow,£225Th.,in,Winter,0.225,Premier Liga,2013,2013/2014
Krylya Sovetov Samara,Dmitri Yatchenko,27,Right-Back,Terek Grozny,Free transfer,in,Winter,0,Premier Liga,2013,2013/2014
Krylya Sovetov Samara,Alan Chochiev,22,Attacking Midfield,Loko Moscow II,Free transfer,in,Winter,0,Premier Liga,2013,2013/2014
Krylya Sovetov Samara,Dmitri Golubev,21,Left-Back,Mordovia,"End of loanDec 31, 2013",in,Winter,0,Premier Liga,2013,2013/2014
Krylya Sovetov Samara,Pablo Zeballos,27,Second Striker,Botafogo,£810Th.,out,Winter,0.81,Premier Liga,2013,2013/2014
Krylya Sovetov Samara,Dmitri Golubev,21,Left-Back,Enisey,Loan,out,Winter,0,Premier Liga,2013,2013/2014
Krylya Sovetov Samara,Ognjen Koroman,35,Right Winger,Retired,-,out,Winter,0,Premier Liga,2013,2013/2014
Krylya Sovetov Samara,Emin Makhmudov,21,Central Midfield,Spartak Moscow,"End of loanDec 31, 2013",out,Winter,0,Premier Liga,2013,2013/2014
Kuban Krasnodar,Stanislav Manolev,28,Right-Back,PSV Eindhoven,Free transfer,in,Winter,0,Premier Liga,2013,2013/2014
Kuban Krasnodar,Alexei Koselev,20,Goalkeeper,Dacia,?,in,Winter,NA,Premier Liga,2013,2013/2014
Kuban Krasnodar,Nikita Bezlikhotnov,23,Right Winger,Metallurg D.,"End of loanDec 31, 2013",in,Winter,0,Premier Liga,2013,2013/2014
Kuban Krasnodar,Sergey Bendz,30,Centre-Back,Luch Vladivostok,Free transfer,out,Winter,0,Premier Liga,2013,2013/2014
Kuban Krasnodar,Artem Fidler,30,Defensive Midfield,Ural,Free transfer,out,Winter,0,Premier Liga,2013,2013/2014
Kuban Krasnodar,Djibril Cissé,32,Centre-Forward,SC Bastia,Free transfer,out,Winter,0,Premier Liga,2013,2013/2014
Kuban Krasnodar,David Tsoraev,30,Right Winger,SKA-Energia,Free transfer,out,Winter,0,Premier Liga,2013,2013/2014
Kuban Krasnodar,Aleksey Kozlov,27,Right-Back,Dynamo Moscow,?,out,Winter,NA,Premier Liga,2013,2013/2014
CSKA Moscow,Tomas Necid,24,Centre-Forward,PAOK Salonika,"End of loanDec 31, 2013",in,Winter,0,Premier Liga,2013,2013/2014
CSKA Moscow,Pavel Mamaev,25,Central Midfield,Krasnodar,"End of loanDec 31, 2013",in,Winter,0,Premier Liga,2013,2013/2014
CSKA Moscow,Ricardo Jesus,28,Centre-Forward,Atlético-GO,"End of loanDec 31, 2013",in,Winter,0,Premier Liga,2013,2013/2014
CSKA Moscow,Pavel Mamaev,25,Central Midfield,Krasnodar,£4.50m,out,Winter,4.5,Premier Liga,2013,2013/2014
CSKA Moscow,Ricardo Jesus,28,Centre-Forward,Querétaro FC,£180Th.,out,Winter,0.18,Premier Liga,2013,2013/2014
CSKA Moscow,Keisuke Honda,27,Attacking Midfield,AC Milan,Free transfer,out,Winter,0,Premier Liga,2013,2013/2014
CSKA Moscow,Tomas Necid,24,Centre-Forward,Slavia Prague,Loan,out,Winter,0,Premier Liga,2013,2013/2014
CSKA Moscow,Mark González,29,Left Winger,CDUC,Loan,out,Winter,0,Premier Liga,2013,2013/2014
CSKA Moscow,Dawid Janczyk,26,Centre-Forward,Without Club,-,out,Winter,0,Premier Liga,2013,2013/2014
FK Rostov,Georgi Gabulov,25,Central Midfield,Spartak V-kavkaz,Free transfer,in,Winter,0,Premier Liga,2013,2013/2014
FK Rostov,Roman Emeljanov,21,Defensive Midfield,Shakhtar II,Loan,in,Winter,0,Premier Liga,2013,2013/2014
FK Rostov,Andrey Vasiljev,21,Right-Back,Dinamo S-Pb,"End of loanDec 31, 2013",in,Winter,0,Premier Liga,2013,2013/2014
FK Rostov,Aleksandr Sheshukov,30,Centre-Back,Loko Moscow,£900Th.,out,Winter,0.9,Premier Liga,2013,2013/2014
FK Rostov,Aleksandr Vasiljev,21,Right Winger,Sibir,Loan,out,Winter,0,Premier Liga,2013,2013/2014
FK Rostov,Andrey Vasiljev,21,Right-Back,Arsenal Tula,Loan,out,Winter,0,Premier Liga,2013,2013/2014
Zenit St. Petersburg,Salomón Rondón,24,Centre-Forward,Rubin Kazan,£16.20m,in,Winter,16.2,Premier Liga,2013,2013/2014
Zenit St. Petersburg,Aleksandr Ryazantsev,27,Central Midfield,Rubin Kazan,Free transfer,in,Winter,0,Premier Liga,2013,2013/2014
Zenit St. Petersburg,Danko Lazovic,30,Second Striker,Partizan,Free transfer,out,Winter,0,Premier Liga,2013,2013/2014
Zenit St. Petersburg,Vladimir Bystrov,29,Right Midfield,Anzhi,Loan,out,Winter,0,Premier Liga,2013,2013/2014
Zenit St. Petersburg,Aleksandr Bukharov,28,Centre-Forward,Anzhi,Loan,out,Winter,0,Premier Liga,2013,2013/2014
Zenit St. Petersburg,Ivan Solovjev,20,Left Winger,Amkar Perm,Loan,out,Winter,0,Premier Liga,2013,2013/2014
Zenit St. Petersburg,Roman Shirokov,32,Central Midfield,Krasnodar,Loan,out,Winter,0,Premier Liga,2013,2013/2014
Zenit St. Petersburg,Yuri Zhevnov,32,Goalkeeper,Without Club,-,out,Winter,0,Premier Liga,2013,2013/2014
Zenit St. Petersburg,Pavel Mogilevets,20,Central Midfield,Rubin Kazan,Loan,out,Winter,0,Premier Liga,2013,2013/2014
Lokomotiv Moscow,Aleksandr Sheshukov,30,Centre-Back,Rostov,£900Th.,in,Winter,0.9,Premier Liga,2013,2013/2014
Lokomotiv Moscow,Felipe Caicedo,25,Centre-Forward,Al-Jazira,£6.30m,out,Winter,6.3,Premier Liga,2013,2013/2014
Lokomotiv Moscow,Taras Burlak,23,Centre-Back,Rubin Kazan,£2.25m,out,Winter,2.25,Premier Liga,2013,2013/2014
Lokomotiv Moscow,Dario Kresic,29,Goalkeeper,1.FSV Mainz 05,Free transfer,out,Winter,0,Premier Liga,2013,2013/2014
Lokomotiv Moscow,Andrey Ivanov,25,Left-Back,Sibir,Free transfer,out,Winter,0,Premier Liga,2013,2013/2014
Lokomotiv Moscow,Victor Obinna,26,Second Striker,Chievo Verona,Loan,out,Winter,0,Premier Liga,2013,2013/2014
Spartak Moscow,Patrick Ebert,26,Attacking Midfield,Real Valladolid,£1.17m,in,Winter,1.17,Premier Liga,2013,2013/2014
Spartak Moscow,Emin Makhmudov,21,Central Midfield,KS Samara,"End of loanDec 31, 2013",in,Winter,0,Premier Liga,2013,2013/2014
Spartak Moscow,Welliton,27,Centre-Forward,São Paulo,"End of loanDec 31, 2013",in,Winter,0,Premier Liga,2013,2013/2014
Spartak Moscow,Aiden McGeady,27,Left Winger,Everton,£1.80m,out,Winter,1.8,Premier Liga,2013,2013/2014
Spartak Moscow,Kim Källström,31,Central Midfield,Arsenal,Loan fee:£675Th.,out,Winter,0.675,Premier Liga,2013,2013/2014
Spartak Moscow,Marek Suchy,25,Centre-Back,FC Basel,Loan fee:£450Th.,out,Winter,0.45,Premier Liga,2013,2013/2014
Spartak Moscow,Welliton,27,Centre-Forward,Celta de Vigo,Loan fee:£360Th.,out,Winter,0.36,Premier Liga,2013,2013/2014
Spartak Moscow,Emin Makhmudov,21,Central Midfield,KS Samara,£225Th.,out,Winter,0.225,Premier Liga,2013,2013/2014
Spartak Moscow,Nikolay Zabolotnyi,23,Goalkeeper,Ural,Free transfer,out,Winter,0,Premier Liga,2013,2013/2014
Spartak Moscow,Juan Insaurralde,29,Centre-Back,PAOK Salonika,Loan,out,Winter,0,Premier Liga,2013,2013/2014
Spartak Moscow,Majeed Waris,22,Centre-Forward,Valenciennes FC,Loan,out,Winter,0,Premier Liga,2013,2013/2014
Spartak Moscow,Diniyar Bilyaletdinov,28,Attacking Midfield,Anzhi,Loan,out,Winter,0,Premier Liga,2013,2013/2014
Spartak Moscow,Soslan Dzhanaev,26,Goalkeeper,Without Club,-,out,Winter,0,Premier Liga,2013,2013/2014
FK Krasnodar,Pavel Mamaev,25,Central Midfield,CSKA Moscow,£4.50m,in,Winter,4.5,Premier Liga,2013,2013/2014
FK Krasnodar,Ragnar Sigurdsson,27,Centre-Back,FC Copenhagen,£3.83m,in,Winter,3.83,Premier Liga,2013,2013/2014
FK Krasnodar,Aleksey Pomerko,23,Central Midfield,Shinnik,?,in,Winter,NA,Premier Liga,2013,2013/2014
FK Krasnodar,Roman Shirokov,32,Central Midfield,Zenit S-Pb,Loan,in,Winter,0,Premier Liga,2013,2013/2014
FK Krasnodar,Ruslan Nakhushev,29,Centre-Back,Mordovia,Free transfer,out,Winter,0,Premier Liga,2013,2013/2014
FK Krasnodar,Ruslan Bolov,19,Centre-Forward,Spartak Nalchik,Loan,out,Winter,0,Premier Liga,2013,2013/2014
FK Krasnodar,Marcos Pizzelli,29,Attacking Midfield,Aktobe,Loan,out,Winter,0,Premier Liga,2013,2013/2014
FK Krasnodar,Pavel Mamaev,25,Central Midfield,CSKA Moscow,"End of loanDec 31, 2013",out,Winter,0,Premier Liga,2013,2013/2014
