player_id,current_club,current_club_country,market_value,joined,contract_expires,contract_option,on_loan_from,on_loan_from_country,loan_contract_expiry,player_agent,league_code,season
303657,inter milan,italy,6000000,2019-07-12,2024-06-30,,,,,Gr Sports,IT1,2016
33357,são paulo futebol clube,brazil,1000000,2021-03-08,2022-12-31,,,,,Gestifute,IT1,2016
44327,inter milan,italy,1000000,2011-01-01,2022-06-30,,,,,TMP SOCCER srl,IT1,2016
395083,stade reims,france,6000000,2021-07-14,2023-06-30,Option to buy,inter milan,italy,2022-06-30,NBS Group,IT1,2016
39118,unknown,NA,150000,2019-12-27,,,,,,RM soccer sueños de un crack,IT1,2016
55769,inter milan,italy,5000000,2014-01-30,2022-06-30,,,,,G.E.V. Sport&management srl,IT1,2016
25488,uc sampdoria,italy,2500000,2021-07-01,2024-06-30,,,,,P&P Sport Management S.A.M.,IT1,2016
131102,uc sampdoria,italy,7000000,2020-01-14,2023-06-30,,,,,,IT1,2016
55854,torino fc,italy,2000000,2019-07-01,2022-06-30,,,,,Pedro Aldave,IT1,2016
45567,san fernando cd,spain,400000,2020-08-13,2022-06-30,,,,,Branchini Associati S.p.A.,IT1,2016
60889,bologna fc 1909,italy,1000000,2019-08-29,2022-06-30,,,,,Fernando Felicevich,IT1,2016
365449,roda jc kerkrade,netherlands,450000,2021-08-11,2023-06-30,,,,,Stirr Associates,IT1,2016
28021,inter milan,italy,2500000,2012-07-09,2022-06-30,,,,,LIAN Sports Group,IT1,2016
21752,without club,NA,100000,2020-09-01,,,,,,Reset Group Srl,IT1,2016
35537,sociedade esportiva palmeiras,brazil,600000,2017-07-01,2021-12-31,,,,,Promoesport,IT1,2016
12249,al-shabab riyadh,saudi arabia,4500000,2020-09-15,2023-06-30,,,,,Dodici,IT1,2016
301238,ac monza,italy,3500000,2020-09-01,2024-06-30,,inter milan,italy,2022-06-30,Belloni Carlo Alberto,IT1,2016
68863,paris saint-germain,france,40000000,2020-07-01,2024-06-30,,,,,Relatives,IT1,2016
315865,fc empoli,italy,12000000,2021-08-25,2024-06-30,,inter milan,italy,2022-06-30,Mino Raiola,IT1,2016
377043,lr vicenza,italy,400000,2018-07-01,,,,,,,IT1,2016
84344,as roma,italy,2000000,2018-07-01,2022-06-30,,,,,Vigo Global Sport Services Srl,IT1,2016
79522,without club,NA,800000,2021-07-01,,,,,,Roberto Tukada,IT1,2016
39333,fenerbahce sk,turkey,1500000,2020-08-06,2022-06-30,Option for a further year,,,,FOOTALENT,IT1,2016
42460,inter milan,italy,10000000,2015-08-30,2022-06-30,,,,,,IT1,2016
244275,clube de regatas do flamengo,brazil,26000000,2020-01-28,2024-12-31,,,,,4ComM,IT1,2016
268590,hapoel jerusalem,israel,400000,2021-08-11,,,,,,Avenir Sport,IT1,2016
156617,inter milan,italy,40000000,2016-07-01,2022-06-30,,,,,Epic Team,IT1,2016
297630,cosenza calcio,italy,700000,2021-08-18,2022-06-30,,atalanta bc,italy,2022-06-30,P&P Sport Management S.A.M.,IT1,2016
37418,são paulo futebol clube,brazil,800000,2021-03-26,2022-12-31,,,,,TMP SOCCER srl,IT1,2016
46104,hertha bsc,germany,5000000,2021-07-27,2023-06-30,Option for a further year,,,,LIAN Sports Group,IT1,2016
149729,sl benfica,portugal,12000000,2021-07-13,2026-06-30,,,,,P&P Sport Management S.A.M.,IT1,2016
197471,inter milan,italy,15000000,2017-08-01,2023-06-30,,,,,Gr Sports,IT1,2016
39099,brescia calcio,italy,400000,2021-08-18,2022-06-30,,,,,GG11 s.r.l.,IT1,2016
249552,cercle brugge ,belgium,700000,2021-07-01,2022-06-30,Option to buy,cagliari calcio,italy,2022-06-30,,IT1,2016
451353,reggina 1914,italy,1000000,2021-07-01,2025-06-30,,,,,Vigo Global Sport Services Srl,IT1,2016
338672,genoa cfc,italy,12000000,2021-07-20,2026-06-30,,inter milan,italy,2022-06-30,Stirr Associates,IT1,2016
354898,red star belgrade,serbia,800000,2021-01-11,2024-06-30,,,,,,IT1,2016
145840,kv kortrijk,belgium,700000,2020-08-19,2022-06-30,,,,,Footballhouseplus,IT1,2016
127189,atlético de madrid,spain,15000000,2020-11-03,2024-06-30,,,,,Meïssa N'diaye,IT1,2016
27807,udinese calcio,italy,400000,2021-07-01,2023-06-30,,,,,Assist,IT1,2016
355611,ancona-matelica,italy,225000,2021-07-04,2022-06-30,,,,,Italian Managers Group s.r.l.,IT1,2016
334222,elche cf,spain,3500000,2021-07-01,2024-06-30,,,,,Relatives,IT1,2016
265072,fc pro vercelli 1892,italy,225000,2019-02-21,,,,,,,IT1,2016
200188,venezia fc,italy,3000000,2019-07-10,2023-06-30,club option 1 year,,,,,IT1,2016
60128,retired,NA,0,2021-08-11,,,,,,,IT1,2016
124715,without club,NA,10000000,2021-07-01,,,,,,LIAN Sports Group,IT1,2016
405197,napoli united,italy,0,2021-05-14,,,,,,ASPM,IT1,2016
40204,celtic fc,scotland,2000000,2021-08-03,2024-05-31,,,,,,IT1,2016
397824,unknown,NA,50000,2019-07-01,,,,,,,IT1,2016
5946,retired,NA,0,2019-07-01,,,,,,Gea World S.p.A.,IT1,2016
440869,busca calcio 1920,italy,0,2021-07-04,2022-06-30,,,,,,IT1,2016
173859,atalanta bc,italy,8000000,2021-08-24,2025-06-30,,,,,Alessandro Lucci - WSA,IT1,2016
84903,delfino pescara 1936,italy,300000,2020-09-08,2022-06-30,,,,,M.A.R.A.T. Football Management,IT1,2016
131098,atletico river plate montevideo,uruguay,400000,2021-04-13,,,,,,Marco Cusumano,IT1,2016
69374,besiktas jk,turkey,6000000,2019-07-01,2022-06-30,,,,,LIAN Sports Group,IT1,2016
59340,torino fc,italy,1500000,2017-01-04,2022-06-30,,,,,GG11 s.r.l.,IT1,2016
54929,club de regatas vasco da gama,brazil,800000,2018-08-03,2022-12-31,,,,,LIFEPRO,IT1,2016
163568,stade rennais fc,france,7000000,2020-09-29,2025-06-30,,,,,Branchini Associati S.p.A.,IT1,2016
393489,fc pavia 1911,italy,25000,2021-03-31,2021-06-30,,,,,,IT1,2016
337316,us levico terme,italy,50000,2020-09-01,2022-06-30,,,,,Officina Soccer,IT1,2016
386446,torino fc,italy,2500000,2018-07-01,2024-06-30,,,,,Gr Sports,IT1,2016
33571,bologna fc 1909,italy,1500000,2020-09-17,2022-06-30,,,,,Sergio Berti,IT1,2016
42345,retired,NA,0,2019-07-01,,,,,,All Stars Managament,IT1,2016
167727,torino fc,italy,35000000,2015-08-18,2022-06-30,,,,,,IT1,2016
26263,retired,NA,0,2021-07-01,,,,,,QUAN SPORTS MANAGEMENT ITALIA,IT1,2016
159288,without club,NA,300000,2021-07-01,,,,,,Relatives,IT1,2016
134883,torino fc,italy,5000000,2015-07-10,2022-06-30,,,,,Gr Sports,IT1,2016
201040,acf fiorentina,italy,5000000,2017-08-09,2024-06-30,,,,,Romano Eleven SAS,IT1,2016
148751,trabzonspor,turkey,2500000,2021-07-01,2024-06-30,,,,,,IT1,2016
21972,venezia fc,italy,75000,2020-01-15,2024-06-30,,,,,no agent,IT1,2016
145581,al-batin fc,saudi arabia,1500000,2021-07-06,2023-06-30,,,,,Arthurlegacy Sports M.L.,IT1,2016
397544,robeganese fulgor salzano,italy,0,2019-07-21,,,,,,no agent,IT1,2016
255473,bk häcken,sweden,700000,2021-07-15,2024-06-30,,,,,Global Soccer Management,IT1,2016
241889,us lecce,italy,2000000,2021-08-27,2023-06-30,,as monaco,france,2022-06-30,P&P Sport Management S.A.M.,IT1,2016
62415,al-fayha fc,saudi arabia,900000,2021-07-16,2022-06-30,,,,,ACE Management,IT1,2016
52893,guarani futebol clube (sp),brazil,200000,2021-05-25,2021-11-30,,,,,no agent,IT1,2016
140748,without club,NA,1800000,2021-06-24,2022-12-31,,,,,Elenko Sports Ltda.,IT1,2016
5755,retired,NA,0,2019-07-01,,,,,,Massimo Bocci,IT1,2016
312752,asd liventina,italy,50000,2021-08-01,2022-06-30,,,,,,IT1,2016
315788,lucchese 1905,italy,200000,2021-08-10,2023-06-30,,,,,FOOTBALL STARS AGENCY,IT1,2016
189452,fc cartagena,spain,1200000,2021-08-23,2022-06-30,,,,,Wasserman,IT1,2016
440878,pordenone calcio,italy,150000,2020-09-01,2023-06-30,,,,,N1SA,IT1,2016
245056,torino fc,italy,5000000,2016-07-29,2024-06-30,,,,,Friends & Football International LLC,IT1,2016
391408,imolese calcio 1919,italy,100000,2019-07-24,2022-06-30,,,,,GG11 s.r.l.,IT1,2016
309847,fc botosani,romania,100000,2021-07-01,2024-06-30,,,,,ELYX SPORTS,IT1,2016
349715,vis pesaro dal 1898,italy,150000,2020-10-08,2022-06-30,,,,,Vigo Global Sport Services Srl,IT1,2016
375816,ac perugia calcio,italy,800000,2021-08-26,2025-06-30,,uc sampdoria,italy,2022-06-30,PLAYER MANAGEMENT SRL,IT1,2016
81455,aris thessaloniki,greece,2000000,2021-08-07,2023-06-30,,,,,SportAgent LTD,IT1,2016
45581,us salernitana 1919,italy,600000,2021-07-21,2022-06-30,Option for a further year,,,,,IT1,2016
162569,atlanta united fc,united states,12500000,2017-03-21,2023-12-31,,,,,Agencia Secasports,IT1,2016
84545,without club,NA,1000000,2021-07-01,,,,,,Filippo Cavadini,IT1,2016
391421,acn siena 1904,italy,150000,2021-08-12,2023-06-30,,virtus entella,italy,2022-06-30,,IT1,2016
126729,ss lazio,italy,6500000,2015-07-01,2022-06-30,,,,,P&P Sport Management S.A.M.,IT1,2016
128907,derby county,england,500000,2021-08-07,2022-06-30,,,,,Sync Global Sports,IT1,2016
140804,ss lazio,italy,2200000,2016-07-22,2022-06-30,,,,,Relatives,IT1,2016
67864,johor darul ta'zim,malaysia,350000,2018-10-22,,,,,,Kiraht Sports,IT1,2016
111196,inter milan,italy,50000000,2018-07-01,2023-06-30,,,,,Mino Raiola,IT1,2016
253765,rsc anderlecht,belgium,4000000,2021-07-01,2025-06-30,,,,,SEG,IT1,2016
394309,umass lowell river hawks (massachusetts uni.),united states,200000,2019-08-05,,,,,,no agent,IT1,2016
34553,without club,NA,50000,2021-07-01,,,,,,no agent,IT1,2016
277361,joinville esporte clube (sc),brazil,325000,2021-02-18,,,,,,A10 PRO,IT1,2016
47065,without club,NA,200000,2021-07-01,,,,,,Alessandro Lucci - WSA,IT1,2016
391933,without club,NA,200000,2021-07-01,,,,,,Starbridge Srl,IT1,2016
363714,without club,NA,75000,2021-07-01,,,,,,PD SportManagement,IT1,2016
128220,ss lazio,italy,45000000,2016-08-31,2025-06-30,,,,,YOU FIRST SPORTS,IT1,2016
77825,torino fc,italy,2200000,2021-07-03,2024-06-30,,,,,P&P Sport Management S.A.M.,IT1,2016
82243,fc zürich,switzerland,800000,2021-08-07,2022-06-30,,,,,feel soccer GmbH,IT1,2016
188498,palm beach stars,united states,175000,2020-11-07,,,,,,EURODATA SPORT,IT1,2016
289061,spal,italy,1500000,2019-07-12,2024-06-30,,,,,Alessandro Lucci - WSA,IT1,2016
22318,genoa cfc,italy,200000,2018-07-01,2022-06-30,,,,,AGB Sport Management,IT1,2016
240260,slaven belupo koprivnica,croatia,300000,2020-08-11,2021-06-15,,,,,,IT1,2016
159026,ado den haag,netherlands,450000,2020-08-31,2022-06-30,,,,,Mino Raiola,IT1,2016
357802,nk dugopolje,croatia,150000,2020-08-28,,,,,,,IT1,2016
199733,ss lazio,italy,2500000,2013-07-01,2024-06-30,,,,,Gr Sports,IT1,2016
381284,unknown,NA,0,2019-07-01,,,,,,,IT1,2016
55957,defensor sporting club,uruguay,50000,2019-01-09,2021-12-31,,,,,no agent,IT1,2016
105521,ss lazio,italy,38000000,2016-07-27,2025-06-30,,,,,Gea World S.p.A.,IT1,2016
222209,ss lazio,italy,14000000,2013-01-31,2022-06-30,,,,,Relatives,IT1,2016
61449,without club,NA,1000000,2021-07-01,,,,,,,IT1,2016
377042,pordenone calcio,italy,1500000,2021-08-10,2024-06-30,,ssc napoli,italy,2022-06-30,GG11 s.r.l.,IT1,2016
19694,retired,NA,0,2019-07-01,,,,,,Graf Sports International,IT1,2016
238752,as monaco,monaco,8000000,2017-08-29,2022-06-30,,,,,P&P Sport Management S.A.M.,IT1,2016
266302,ss lazio,italy,70000000,2015-08-06,2024-06-30,,,,,Mateja Kezman,IT1,2016
242965,as cittadella,italy,375000,2021-07-15,2022-06-30,,,,,RDF Football,IT1,2016
26721,fatih karagümrük,turkey,1300000,2020-09-14,2022-06-30,,,,,Enzo Montepaono,IT1,2016
248483,melbourne victory,australia,750000,2021-07-21,2024-06-30,,,,,CAA Base Ltd,IT1,2016
44420,ss lazio,italy,2000000,2008-07-01,2022-06-30,,,,,Matteo Materazzi,IT1,2016
289087,without club,NA,500000,2021-07-01,,,,,,P&P Sport Management S.A.M.,IT1,2016
159372,ss lazio,italy,10000000,2021-07-16,2025-06-30,,,,,Bertolucci Sports,IT1,2016
228604,lr vicenza,italy,250000,2021-07-15,2023-06-30,,delfino pescara 1936,italy,2022-06-30,PLAYER MANAGEMENT SRL,IT1,2016
339566,without club,NA,200000,2021-07-01,,,,,,Football Service,IT1,2016
225335,yeni malatyaspor,turkey,2800000,2020-09-30,2022-06-30,Option for a further year,,,,Gestifute,IT1,2016
355501,as roma,italy,14000000,2019-07-01,2024-06-30,,,,,QUAN SPORTS MANAGEMENT ITALIA,IT1,2016
103916,reading fc,england,900000,2019-08-06,2022-06-30,,,,,Bertolucci Sports,IT1,2016
93128,ssc napoli,italy,48000000,2014-07-01,2023-06-30,,,,,LIAN Sports Group,IT1,2016
200174,benevento calcio,italy,2000000,2019-07-01,2022-06-30,,,,,Mino Raiola,IT1,2016
225874,pogon szczecin,poland,300000,2019-07-03,2022-06-30,,,,,BMG-SPORT,IT1,2016
415042,greensboro spartans (university of nc greensboro),united states,0,2021-08-01,,,,,,,IT1,2016
133964,ssc napoli,italy,48000000,2010-01-01,2022-06-30,,,,,G.E.V. Sport&management srl,IT1,2016
99254,parma calcio 1913,italy,3500000,2020-09-01,2024-06-30,,,,,M.A.R.A.T. Football Management,IT1,2016
112343,uc sampdoria,italy,5000000,2019-01-11,2026-06-30,,,,,PLAYER MANAGEMENT SRL,IT1,2016
317482,cagliari calcio,italy,10000000,2020-09-01,2024-06-30,,,,,LIAN Sports Group,IT1,2016
126656,ssc napoli,italy,3000000,2014-01-31,2022-06-30,,,,,Gestifute,IT1,2016
181136,ssc napoli,italy,50000000,2016-08-04,2024-06-30,Option for a further year,,,,BMG-SPORT,IT1,2016
433584,frosinone calcio,italy,400000,2021-07-28,2023-06-30,,ssc napoli,italy,2022-06-30,,IT1,2016
56416,ssc napoli,italy,9000000,2013-07-01,2022-06-30,Option for a further year,,,,Stirr Associates,IT1,2016
129444,rcd espanyol barcelona,spain,2500000,2016-08-26,2023-06-30,Option for a further year,,,,Sports and Management,IT1,2016
126422,everton fc,england,22000000,2020-09-05,2023-06-30,,,,,,IT1,2016
73097,paok thessaloniki,greece,1800000,2017-08-24,2023-06-30,Option for a further year,,,,BSM,IT1,2016
31067,ofi crete,greece,400000,2020-10-19,2023-06-30,,,,,Juzzt Football,IT1,2016
64793,cagliari calcio,italy,4000000,2017-08-30,2024-06-30,,,,,Branchini Associati S.p.A.,IT1,2016
351898,red bull bragantino,brazil,475000,2020-08-12,2024-08-07,,,,,BBM Sports,IT1,2016
191891,olympique marseille,france,22000000,2021-01-21,2022-06-30,Obligation to buy with conditions,ssc napoli,italy,2022-06-30,F-MG.com,IT1,2016
123261,us sassuolo,italy,3500000,2020-09-01,2023-06-30,,,,,Pietro Chiodi Soccer M.,IT1,2016
111347,fc empoli,italy,2000000,2021-08-27,2023-06-30,Option for a further year,,,,Football Now Limited,IT1,2016
278531,fc empoli,italy,2200000,2021-08-13,2023-06-30,Option to buy,ssc napoli,italy,2022-06-30,All Stars Managament,IT1,2016
197473,cagliari calcio,italy,4500000,2021-08-21,2024-06-30,Obligation to buy with conditions,parma calcio 1913,italy,2022-06-30,M.A.R.A.T. Football Management,IT1,2016
38593,trabzonspor,turkey,3000000,2021-07-01,2023-06-30,,,,,CSM Agency,IT1,2016
87052,suwon samsung bluewings,"korea, south",600000,2021-01-20,2021-12-31,both parties 2 years,,,,P&P Sport Management S.A.M.,IT1,2016
7825,ss lazio,italy,800000,2020-09-01,2022-06-30,,,,,Manuel García Quilón,IT1,2016
200056,ss lazio,italy,13000000,2021-07-01,2025-06-30,,,,,M.A.R.A.T. Football Management,IT1,2016
21151,without club,NA,300000,2021-07-01,,,,,,G.E.V. Sport&management srl,IT1,2016
84835,retired,NA,0,2021-07-01,,,,,,Field Management,IT1,2016
102017,chelsea fc,england,45000000,2018-07-14,2023-06-30,,,,,JSPORTS MANAGEMENT LTD,IT1,2016
61253,acf fiorentina,italy,1500000,2020-10-05,2022-06-30,Option for a further year,,,,Manuel García Quilón,IT1,2016
39799,retired,NA,0,2021-01-01,,,,,,StarFactory,IT1,2016
118689,as roma,italy,26000000,2019-07-01,2024-06-30,,,,,Reset Group Srl,IT1,2016
199258,ssc napoli,italy,15000000,2020-01-30,2024-06-30,,,,,Gr Sports,IT1,2016
312735,kocaelispor,turkey,350000,2021-08-21,2022-06-30,Option to buy,atalanta bc,italy,,Vargas - SportCapital EC,IT1,2016
199976,atalanta bc,italy,2000000,2012-06-22,2022-06-30,,,,,Gr Sports,IT1,2016
72441,atalanta bc,italy,15000000,2015-08-26,2023-06-30,,,,,Madeira Sports,IT1,2016
315856,ternana calcio,italy,600000,2021-07-27,2023-06-30,Buy-option with buy-back option,atalanta bc,italy,2022-06-30,M.A.R.A.T. Football Management,IT1,2016
315853,inter milan,italy,60000000,2017-08-30,2024-06-30,,,,,TMP SOCCER srl,IT1,2016
163582,fc crotone,italy,1300000,2018-08-08,2023-06-30,,,,,Promoesport,IT1,2016
337385,us catanzaro,italy,200000,2021-07-15,2023-06-30,,,,,Promoesport,IT1,2016
163600,feralpisalò,italy,300000,2021-07-15,2023-06-30,,,,,BC Group,IT1,2016
20005,sevilla fc,spain,9000000,2021-01-26,2024-06-30,,,,,Gr Sports,IT1,2016
294808,ac milan,italy,55000000,2019-07-01,2022-06-30,,,,,Ambition Group,IT1,2016
68306,acn siena 1904,italy,800000,2021-08-19,2025-06-30,,,,,TMP SOCCER srl,IT1,2016
197470,venezia fc,italy,5000000,2021-08-09,2023-06-30,Option to buy,ac milan,italy,2022-06-30,Gr Sports,IT1,2016
111227,ac milan,italy,4500000,2017-07-07,2022-06-30,,,,,M.A.R.A.T. Football Management,IT1,2016
392951,without club,NA,75000,2021-07-01,,,,,,,IT1,2016
57110,without club,NA,200000,2021-07-01,,,,,,TTMA,IT1,2016
44059,fatih karagümrük,turkey,600000,2020-09-01,2022-06-30,,,,,,IT1,2016
73457,fatih karagümrük,turkey,1200000,2021-07-01,2023-06-30,,,,,Kas-Consulting d.o.o,IT1,2016
315862,genoa cfc,italy,900000,2020-09-16,2023-06-30,Obligation to buy with conditions,atalanta bc,italy,2022-06-30,Gr Sports,IT1,2016
61786,delfino pescara 1936,italy,250000,2021-08-04,2022-06-30,,ternana calcio,italy,2022-06-30,PLAYER MANAGEMENT SRL,IT1,2016
392964,spal,italy,250000,2021-07-12,2022-06-30,,atalanta bc,italy,2022-06-30,Reset Group Srl,IT1,2016
148252,atalanta bc,italy,25000000,2016-01-19,2022-06-30,,,,,ESHA,IT1,2016
41914,without club,NA,100000,2019-07-01,,,,,,Martorelli Giocondo Srl,IT1,2016
38824,without club,NA,250000,2021-07-01,,,,,,PDP s.r.l.  Pasqualin D’Amico Partners,IT1,2016
21756,retired,NA,0,2017-07-01,,,,,,All Stars Managament,IT1,2016
76387,coquimbo unido,chile,300000,2021-02-24,,,,,,,IT1,2016
6160,retired,NA,0,2021-02-19,,,,,,UNOSPORTS,IT1,2016
85825,paok thessaloniki,greece,2000000,2021-07-18,2023-06-30,,parma calcio 1913,italy,2023-06-30,AR Sport Management,IT1,2016
346528,without club,NA,175000,2021-07-01,,,,,,BC Group,IT1,2016
244192,tottenham hotspur,england,17000000,2021-07-24,2023-06-30,Option to buy,atalanta bc,italy,2022-06-30,Gr Sports,IT1,2016
22139,retired,NA,0,2017-07-01,,,,,,Daniele Conte,IT1,2016
275303,atalanta bc,italy,18000000,2017-01-31,2023-06-30,,,,,PUM,IT1,2016
22093,asd luiss,italy,0,2018-12-01,,,,,,"Fedele, Gaetano",IT1,2016
34198,genoa cfc,italy,800000,2020-01-29,2022-06-30,,,,,PDP s.r.l.  Pasqualin D’Amico Partners,IT1,2016
165513,atalanta bc,italy,22000000,2016-01-18,2023-06-30,,,,,Soccer Mondial AG,IT1,2016
126634,atalanta bc,italy,100000,2009-08-01,,,,,,Box to Box,IT1,2016
199248,as roma,italy,18000000,2019-07-01,2024-06-30,,,,,Gr Sports,IT1,2016
22249,retired,NA,0,2017-07-01,,,,,,eightyfive sa,IT1,2016
99232,ac monza,italy,1200000,2021-01-27,2023-06-30,,,,,GP Soccer and Management Srl,IT1,2016
33442,retired,NA,0,2020-07-01,,,,,,,IT1,2016
84442,us salernitana 1919,italy,800000,2020-09-29,2023-06-30,,,,,Gr Sports,IT1,2016
168933,amiens sc,france,1000000,2019-07-01,2022-06-30,,,,,,IT1,2016
382007,nk maribor,slovenia,200000,2019-04-01,2022-06-30,,,,,STARGE,IT1,2016
195199,ternana calcio,italy,325000,2018-08-11,2022-06-30,,,,,,IT1,2016
164108,ternana calcio,italy,1000000,2021-08-23,2024-06-30,,,,,M.A.R.A.T. Football Management,IT1,2016
336760,az picerno,italy,150000,2021-08-24,,,,,,Italian Managers Group s.r.l.,IT1,2016
92880,carrarese calcio 1908,italy,125000,2021-07-15,2023-06-30,,,,,CT10 management Srl,IT1,2016
205809,frosinone calcio,italy,700000,2019-08-13,2022-06-30,,,,,HCM Sports Management,IT1,2016
102249,fc anyang,"korea, south",700000,2020-02-26,2023-02-01,,,,,Italian Managers Group s.r.l.,IT1,2016
160736,standard liège,belgium,600000,2019-08-07,2023-06-30,,,,,Creative & Management Group,IT1,2016
257660,fc crotone,italy,150000,2015-07-11,2022-06-30,,,,,QUAN SPORTS MANAGEMENT ITALIA,IT1,2016
199597,without club,NA,150000,2021-07-01,,,,,,Italian Managers Group s.r.l.,IT1,2016
16633,inter milan,italy,500000,2021-07-01,2022-06-30,,,,,QUAN SPORTS MANAGEMENT ITALIA,IT1,2016
277167,us sassuolo,italy,12000000,2016-08-30,2023-06-30,,,,,P&P Sport Management S.A.M.,IT1,2016
129505,frosinone calcio,italy,600000,2019-01-25,2022-06-30,,,,,Relatives,IT1,2016
96853,without club,NA,150000,2021-07-01,,,,,,Pietro Chiodi Soccer M.,IT1,2016
87282,without club,NA,150000,2020-08-03,,,,,,Lehmanns Management,IT1,2016
163639,hellas verona,italy,3500000,2021-07-01,,,,,,P&P Sport Management S.A.M.,IT1,2016
146680,ac monza,italy,1500000,2020-09-01,2023-06-30,,,,,Gr Sports,IT1,2016
365565,fc crotone,italy,900000,2016-07-01,2022-06-30,,,,,,IT1,2016
17735,retired,NA,0,2019-07-01,,,,,,MandA Sports Agency,IT1,2016
285091,fc trapani 1905,italy,150000,2021-08-16,2022-06-30,,,,,,IT1,2016
119115,bologna fc 1909,italy,2000000,2018-07-04,2022-06-30,,,,,Patrick Bastianelli,IT1,2016
28855,retired,NA,0,2019-10-09,,,,,,Gr Sports,IT1,2016
86074,retired,NA,0,2020-08-31,,,,,,no agent,IT1,2016
102750,retired,NA,0,2020-07-01,,,,,,Football Company Srl,IT1,2016
194549,us salernitana 1919,italy,8000000,2021-08-19,2022-06-30,Obligation to buy with conditions,fc crotone,italy,,,IT1,2016
318058,calcio foggia 1920,italy,125000,2021-08-02,2023-06-30,,,,,Avv. Domenico Lifrieri,IT1,2016
348431,piacenza calcio 1919,italy,225000,2021-01-28,2023-06-30,,,,,,IT1,2016
34239,ac perugia calcio,italy,300000,2019-02-05,2023-06-30,,,,,,IT1,2016
139169,calcio catania,italy,175000,2020-09-16,2022-06-30,,,,,,IT1,2016
200616,sk dnipro-1,ukraine,750000,2021-07-05,2023-06-30,,,,,Sports Promotion Group,IT1,2016
110928,reggina 1914,italy,800000,2020-08-19,2022-06-30,,,,,P&P Sport Management S.A.M.,IT1,2016
278578,without club,NA,100000,2021-07-01,,,,,,Italian Managers Group s.r.l.,IT1,2016
197744,without club,NA,300000,2021-08-10,,,,,,,IT1,2016
30853,without club,NA,50000,2021-07-01,,,,,,no agent,IT1,2016
26105,without club,NA,400000,2020-11-26,,,,,,Sports Consulting Management L,IT1,2016
24606,retired,NA,0,2020-07-01,,,,,,no agent,IT1,2016
46105,genoa cfc,italy,1300000,2019-01-31,2022-06-30,,,,,,IT1,2016
324282,uc sampdoria,italy,3500000,2019-07-01,2024-06-30,,,,,CAA Base Ltd,IT1,2016
394348,without club,NA,25000,2021-07-27,,,,,,,IT1,2016
61757,cesena fc,italy,300000,2021-08-27,2022-06-30,,ac monza,italy,2022-06-30,PDP s.r.l.  Pasqualin D’Amico Partners,IT1,2016
159337,parma calcio 1913,italy,6000000,2020-09-01,2024-06-30,,,,,Sopranzi Samuele,IT1,2016
51186,retired,NA,0,2020-10-05,,,,,,QUAN SPORTS MANAGEMENT ITALIA,IT1,2016
273776,piacenza calcio 1919,italy,175000,2021-07-23,2022-06-30,,,,,,IT1,2016
245134,città di isernia,italy,0,2020-10-21,2021-06-30,,,,,no agent,IT1,2016
340639,kf skënderbeu,albania,100000,2021-07-23,2022-06-30,club option 1 year,,,,PM International Sports,IT1,2016
393804,ss lazio,italy,2000000,2019-07-16,2024-06-30,,,,,Relatives,IT1,2016
28936,lr vicenza,italy,300000,2020-07-15,2022-06-30,Option for a further year,,,,PDP s.r.l.  Pasqualin D’Amico Partners,IT1,2016
393806,fc hermannstadt,romania,650000,2019-07-01,,,,,,SPOCS Global Sports,IT1,2016
37295,reggina 1914,italy,900000,2021-07-28,2022-06-30,,,,,Sports Consulting Management L,IT1,2016
393797,lr vicenza,italy,200000,2021-08-16,2023-06-30,,,,,Branchini Associati S.p.A.,IT1,2016
289510,standard liège,belgium,4500000,2018-07-01,2022-06-30,club option 1 year,,,,,IT1,2016
105892,adana demirspor,turkey,2000000,2021-07-13,2022-06-30,Option for a further year,,,,Fiorio Management S.R.L.,IT1,2016
21770,retired,NA,0,2017-07-01,,,,,,P&p Sport Services S.R.L.,IT1,2016
238981,como 1907,italy,700000,2021-07-31,2024-06-30,,genoa cfc,italy,2022-06-30,P&P Sport Management S.A.M.,IT1,2016
21891,unknown,NA,0,2020-09-28,2021-06-30,,,,,,IT1,2016
85605,without club,NA,200000,2021-07-01,,,,,,Supporter Management,IT1,2016
85380,spal,italy,200000,2021-07-28,2022-06-30,,,,,Patrick Bastianelli,IT1,2016
16868,retired,NA,0,2018-07-01,,,,,,,IT1,2016
5928,retired,NA,0,2019-07-01,,,,,,Oscar Damiani,IT1,2016
197743,ssc napoli,italy,350000,2019-07-13,2022-06-30,,,,,SP GROUP,IT1,2016
28020,retired,NA,0,2019-07-01,,,,,,,IT1,2016
287690,acr messina,italy,275000,2021-08-14,2024-06-30,,ternana calcio,italy,2022-06-30,BC Group,IT1,2016
73846,konyaspor,turkey,1400000,2021-07-21,2023-06-30,Option for a further year,,,,PMK COMPANY,IT1,2016
394346,bologna fc 1909,italy,6000000,2020-01-20,2024-06-30,,,,,TMP SOCCER srl,IT1,2016
16893,retired,NA,0,2020-01-29,,,,,,Sport Events s.r.l,IT1,2016
349905,without club,NA,125000,2021-08-10,,,,,,PDP s.r.l.  Pasqualin D’Amico Partners,IT1,2016
375320,paganese calcio 1926,italy,125000,2019-07-30,2022-06-30,,,,,N1SA,IT1,2016
36293,without club,NA,300000,2021-07-01,,,,,,BESTWAY SOCCER LIMITED,IT1,2016
337310,mol fehérvár fc,hungary,700000,2021-08-12,2023-06-30,,lr vicenza,italy,2022-06-30,Sportlex Srl,IT1,2016
190206,kf vllaznia,albania,275000,2020-09-21,2022-06-30,,,,,N1SA,IT1,2016
38591,retired,NA,0,2020-07-01,,,,,,OFP OMNIA FOOTBALL PLAYERS',IT1,2016
288000,without club,NA,100000,2020-07-01,,,,,,PDP s.r.l.  Pasqualin D’Amico Partners,IT1,2016
463356,gsd ambrosiana,italy,75000,2021-02-10,2021-06-30,,,,,Paolo Paloni - Football Trade,IT1,2016
75127,club atlético independiente,argentina,450000,2020-09-25,2021-12-31,,,,,,IT1,2016
75942,torino fc,italy,2000000,2018-07-01,2022-06-30,Option for a further year,,,,Go Pro Sport Management,IT1,2016
32113,torino fc,italy,10000000,2018-07-04,2024-06-30,,,,,Paolo Palermo,IT1,2016
70411,hellas verona,italy,5000000,2019-08-06,2024-06-30,,,,,Seven Stars,IT1,2016
84845,modena fc 2018,italy,250000,2021-07-01,2023-06-30,,,,,,IT1,2016
407265,us cremonese,italy,400000,2021-07-09,2023-06-30,,juventus u23,italy,2022-06-30,Gr Sports,IT1,2016
110923,juventus fc,italy,7000000,2018-07-01,2022-06-30,,,,,Alessandro Lucci - WSA,IT1,2016
391686,ss monopoli 1966,italy,125000,2019-08-24,2022-06-30,,,,,no agent,IT1,2016
45287,sl benfica,portugal,4000000,2019-03-30,2023-06-30,,,,,not clarified,IT1,2016
3417,retired,NA,0,2018-07-01,,,,,,Martin Guastadisegno,IT1,2016
21887,retired,NA,0,2020-07-01,,,,,,Umberto Calaiò,IT1,2016
169052,sport club internacional,brazil,2400000,2018-07-01,2023-12-31,,,,,Elenko Sports Ltda.,IT1,2016
345742,pisa sporting club,italy,300000,2019-07-23,2022-06-30,,,,,,IT1,2016
189441,sevilla fc,spain,40000000,2019-07-03,2024-06-30,,,,,Interplayers,IT1,2016
43848,hellas verona,italy,900000,2019-07-20,2022-06-30,,,,,Excellence Sport,IT1,2016
230552,dynamo moscow,russia,3200000,2021-07-01,2024-06-30,,,,,Ariel Krasouski,IT1,2016
199941,us alessandria calcio 1912,italy,1000000,2021-08-05,2022-06-30,,pisa sporting club,italy,,Gr Sports,IT1,2016
147558,vvv-venlo,netherlands,200000,2021-07-13,2023-06-30,,,,,"SPORT INVEST International, a. s.",IT1,2016
364133,ac milan,italy,6000000,2021-08-25,2023-06-30,Obligation to buy with conditions,as monaco,france,2022-06-30,Gr Sports,IT1,2016
282388,hellas verona,italy,11000000,2021-08-26,2024-06-30,Option to buy,cagliari calcio,italy,2022-06-30,Leo Rodriguez,IT1,2016
371089,asd trebisacce,italy,0,2019-08-13,,,,,,no agent,IT1,2016
85240,ac monza,italy,350000,2019-07-13,2022-06-30,,,,,Football Capital,IT1,2016
224088,without club,NA,3000000,2021-08-01,,,,,,Unique Sports Management,IT1,2016
348676,ssdrl marignanese calcio,italy,25000,2021-01-15,2021-06-30,,,,,,IT1,2016
168944,without club,NA,400000,2021-07-01,,,,,,Paolo Paloni - Football Trade,IT1,2016
37598,retired,NA,0,2018-12-31,,,,,,S10 Sport Management,IT1,2016
158810,retired,NA,0,2021-06-16,,,,,,Global Soccer Management,IT1,2016
110309,racing club,argentina,900000,2017-07-01,2022-06-30,,,,,Marcelo Lombilla,IT1,2016
183494,without club,NA,300000,2020-07-01,,,,,,Relatives,IT1,2016
240415,virtus entella,italy,400000,2020-10-01,2023-06-30,,,,,Vigo Global Sport Services Srl,IT1,2016
340260,ad alcorcón,spain,550000,2021-08-10,2023-06-30,,,,,Mino Raiola,IT1,2016
30782,retired,NA,0,2021-07-12,,,,,,PASCUAL FERNANDO LEZCANO,IT1,2016
22210,lr vicenza,italy,250000,2019-09-02,2022-06-30,,,,,Ballers,IT1,2016
99327,sivasspor,turkey,675000,2019-07-17,2023-06-30,,,,,Arthurlegacy Sports M.L.,IT1,2016
199927,genoa cfc,italy,2500000,2016-08-31,2024-06-30,,,,,PLAYER MANAGEMENT SRL,IT1,2016
197745,fc empoli,italy,500000,2021-07-01,2022-06-30,,,,,M.A.R.A.T. Football Management,IT1,2016
12563,genoa cfc,italy,500000,2015-07-07,2022-06-30,,,,,Carlo Pallavicino,IT1,2016
129476,udinese calcio,italy,10000000,2021-01-30,2024-06-30,,,,,Goal Management,IT1,2016
130394,benevento calcio,italy,4000000,2020-09-02,2023-06-30,,,,,Starbridge Srl,IT1,2016
253267,without club,NA,50000,2021-07-26,,,,,,B.F.P. Sport s.r.l.,IT1,2016
357991,ac milan,italy,1500000,2016-09-01,2023-06-30,,,,,TMP SOCCER srl,IT1,2016
44834,antalyaspor,turkey,1000000,2021-07-30,2024-06-30,,,,,Branchini Associati S.p.A.,IT1,2016
323167,ac milan,italy,8500000,2017-07-01,2024-06-30,,,,,TMP SOCCER srl,IT1,2016
88682,juventus fc,italy,7500000,2017-07-20,2022-06-30,,,,,Branchini Associati S.p.A.,IT1,2016
176140,without club,NA,2200000,2021-07-01,,,,,,Mino Raiola,IT1,2016
111961,sevilla fc,spain,20000000,2020-07-21,2025-06-30,,,,,no agent,IT1,2016
124203,without club,NA,25000,2020-10-14,,,,,,WINNERS MANAGEMENT SRL,IT1,2016
215390,sociedade esportiva palmeiras,brazil,6000000,2020-07-01,2024-12-31,,,,,La Squadra Sports - R. Bittar,IT1,2016
197747,ac milan,italy,25000000,2015-08-11,2022-06-30,,,,,Mino Raiola,IT1,2016
265088,juventus fc,italy,35000000,2021-08-18,2024-06-30,Obligation to buy with conditions,us sassuolo,italy,2023-06-30,Castelnovo,IT1,2016
157501,stade rennais fc,france,4500000,2019-07-01,2023-06-30,,,,,BS Group - BS Law,IT1,2016
30767,ac monza,italy,300000,2019-11-06,2022-06-30,,,,,TMP SOCCER srl,IT1,2016
265078,fc empoli,italy,9000000,2021-08-13,2023-06-30,,wolverhampton wanderers,england,2022-06-30,P&P Sport Management S.A.M.,IT1,2016
315858,paris saint-germain,france,65000000,2021-07-14,2026-06-30,,,,,Mino Raiola,IT1,2016
99227,fatih karagümrük,turkey,2200000,2021-01-05,2022-06-30,,,,,PLAN DONE,IT1,2016
262523,ac milan,italy,25000000,2015-07-01,2025-06-30,,,,,YOU FIRST SPORTS,IT1,2016
262972,us vibonese,italy,175000,2021-03-10,2022-06-30,,,,,,IT1,2016
20137,fenerbahce sk,turkey,1800000,2020-08-21,2022-06-30,,,,,Avios Soccer,IT1,2016
45565,miami fc,united states,200000,2021-02-17,2021-11-30,,,,,Gianni Vitali,IT1,2016
66521,without club,NA,500000,2021-07-01,,,,,,HEROE,IT1,2016
354910,gs arconatese,italy,25000,2021-08-06,2022-06-30,,,,,WINNERS MANAGEMENT SRL,IT1,2016
343945,fc crotone,italy,1800000,2018-07-01,,,,,,Gr Sports,IT1,2016
37918,deportes la serena,chile,400000,2021-03-05,,,,,,AIM fútbol,IT1,2016
57280,acf fiorentina,italy,4000000,2020-09-10,2022-06-30,Option for a further year,,,,Mino Raiola,IT1,2016
205938,atalanta bc,italy,23000000,2020-09-01,2025-06-30,,,,,TTMA,IT1,2016
19446,retired,NA,0,2019-07-01,,,,,,Branchini Associati S.p.A.,IT1,2016
119235,granada cf,spain,1800000,2021-07-13,2022-06-30,Option for a further year,,,,INVSPORT (Sergio Barila),IT1,2016
55895,club libertad asunción,paraguay,350000,2020-10-19,2021-12-31,,,,,Relatives,IT1,2016
48974,sociedade esportiva palmeiras,brazil,2500000,2019-07-30,2023-06-30,,,,,BBC Management GmbH,IT1,2016
354909,cagliari calcio,italy,175000,2021-07-18,2025-06-30,,,,,,IT1,2016
16631,retired,NA,0,2020-11-16,,,,,,Mino Raiola,IT1,2016
34370,rcd espanyol barcelona,spain,500000,2017-07-01,2022-06-30,,,,,Manuel García Quilón,IT1,2016
240958,sporting kansas city,united states,400000,2021-08-05,2022-12-31,club option 1 year,,,,Relatives,IT1,2016
392530,valletta fc,malta,200000,2021-07-01,2023-06-30,,,,,Icon Football Management,IT1,2016
74943,watford fc,england,3000000,2021-08-06,2022-06-30,,parma calcio 1913,italy,2022-06-30,Stars & Friends,IT1,2016
34344,club atlético san lorenzo de almagro,argentina,400000,2021-07-28,2022-12-31,,,,,Barbadillo & Italiani Srl,IT1,2016
79242,us lecce,italy,1200000,2019-07-03,2022-06-30,,,,,no agent,IT1,2016
19136,retired,NA,0,2018-07-01,,,,,,Vigo Global Sport Services Srl,IT1,2016
188157,without club,NA,1200000,2021-07-01,,,,,,,IT1,2016
87210,dead,NA,0,,,,,,,,IT1,2016
146596,without club,NA,75000,2021-07-01,,,,,,Duiculete Dorin,IT1,2016
56830,udinese calcio,italy,700000,2019-07-01,2022-06-30,,,,,BSM,IT1,2016
323255,us sassuolo,italy,200000,2018-07-01,,,,,,Roggi Sportmanagement,IT1,2016
208166,acf fiorentina,italy,16000000,2016-07-04,2023-06-30,,,,,Mariusz Kulesza,IT1,2016
141834,real betis balompié,spain,7500000,2017-07-01,2022-06-30,,,,,TACTIC GRUP - OROBITG,IT1,2016
231614,sl benfica,portugal,3000000,2020-08-08,2025-06-30,,,,,MFD Sports,IT1,2016
36371,hellas verona,italy,1500000,2020-10-05,2022-06-30,,,,,LIAN Sports Group,IT1,2016
55282,ac milan,italy,600000,2020-09-11,2023-06-30,,,,,Pietro Chiodi Soccer M.,IT1,2016
197300,juventus fc,italy,15000000,2017-07-24,2022-06-30,,,,,AGB Sport Management,IT1,2016
341092,juventus fc,italy,70000000,2020-10-05,2022-06-30,Obligation to buy with conditions,acf fiorentina,italy,,LIAN Sports Group,IT1,2016
351506,miami fc,united states,200000,2021-08-26,2021-11-30,,,,,Mega Sports,IT1,2016
398031,ss lazio,italy,1000000,2019-08-02,2022-06-30,,,,,M.A.R.A.T. Football Management,IT1,2016
135747,venezia fc,italy,700000,2018-07-19,2023-06-30,,,,,PLAYER MANAGEMENT SRL,IT1,2016
291856,nk hrvatski dragovoljac,croatia,100000,2021-01-25,2023-06-15,,,,,Marjan Sisic,IT1,2016
398025,modena fc 2018,italy,100000,2021-07-02,2024-06-30,,,,,,IT1,2016
143812,inter milan,italy,8000000,2017-08-02,2022-06-30,,,,,Alessandro Lucci - WSA,IT1,2016
357983,as gubbio 1910,italy,200000,2021-07-18,2022-06-30,,acf fiorentina,italy,2022-06-30,,IT1,2016
464307,boavista fc,portugal,50000,2021-07-01,,,,,,Gestifute,IT1,2016
397896,club deportivo maldonado,uruguay,300000,2016-07-24,,,,,,Team Back,IT1,2016
179757,fc juárez,mexico,1000000,2021-07-19,,,,,,Paco Casal,IT1,2016
112515,chelsea fc,england,12000000,2016-08-31,2023-06-30,,,,,LIAN Sports Group,IT1,2016
80351,atalanta bc,italy,6000000,2017-07-05,2022-06-30,Option for a further year,,,,AR Sport Management,IT1,2016
88909,acf fiorentina,italy,1700000,2018-07-01,2022-06-30,,,,,Football Now Limited,IT1,2016
51226,without club,NA,300000,2021-07-01,,,,,,firsteleven ISM,IT1,2016
335209,fc copenhagen,denmark,1500000,2021-07-05,2025-06-30,,,,,Grand Stand,IT1,2016
47085,aek larnaca,cyprus,300000,2021-08-27,2023-05-31,,,,,Alessandro Lucci - WSA,IT1,2016
238654,us cremonese,italy,1500000,2021-01-29,2024-06-30,,,,,Federico Pamparatto Telleria,IT1,2016
256866,tigres uanl,mexico,6000000,2019-01-22,2022-12-31,,,,,Relatives,IT1,2016
282076,rangers fc,scotland,6500000,2020-07-01,2024-05-31,,,,,AC Talent,IT1,2016
26456,without club,NA,1000000,2021-07-01,,,,,,Keyscout Football,IT1,2016
19104,without club,NA,300000,2021-01-01,,,,,,PNY Sports,IT1,2016
124902,alanyaspor,turkey,5000000,2020-09-03,2022-06-30,Obligation to buy with conditions,us sassuolo,italy,2022-06-30,Patrick Bastianelli,IT1,2016
19998,retired,NA,0,2020-07-01,,,,,,no agent,IT1,2016
309180,hnk hajduk split,croatia,2000000,2021-07-12,2025-05-31,,,,,AR Sport Management,IT1,2016
40372,centro storico lebowski,italy,0,2021-08-19,2022-06-30,,,,,Footfeel & Echo Sports,IT1,2016
370701,acf fiorentina,italy,700000,2017-07-01,2023-06-30,,,,,PLAYER MANAGEMENT SRL,IT1,2016
46423,without club,NA,300000,2021-07-07,2022-06-30,,,,,no agent,IT1,2016
40633,genoa cfc,italy,2000000,2020-09-16,2023-06-30,,,,,Alessandro Lucci - WSA,IT1,2016
101922,us lecce,italy,500000,2021-01-19,2022-06-30,,,,,Mino Raiola,IT1,2016
402193,without club,NA,2000000,2021-07-01,,,,,,,IT1,2016
403718,ravenna fc,italy,75000,2021-07-30,2022-06-30,,,,,Relatives,IT1,2016
163062,cosenza calcio,italy,250000,2019-01-29,2022-06-30,,,,,P&P Sport Management S.A.M.,IT1,2016
395597,without club,NA,150000,2021-07-01,,,,,,Filippo Cavadini,IT1,2016
138584,hannover 96,germany,750000,2021-08-24,2024-06-30,,,,,LG Group Srl,IT1,2016
98888,benevento calcio,italy,1800000,2020-09-01,2023-06-30,,,,,,IT1,2016
29962,virtus entella,italy,450000,2021-07-20,2023-06-30,,,,,BC Group,IT1,2016
167796,cagliari calcio,italy,2000000,2017-07-01,2022-06-30,,,,,All Stars Managament,IT1,2016
265077,without club,NA,25000,2021-07-01,,,,,,BC Group,IT1,2016
395596,without club,NA,50000,2021-07-01,,,,,,SportsGeneration,IT1,2016
43722,clube de regatas do flamengo,brazil,950000,2020-08-19,2022-12-31,,,,,AIM fútbol,IT1,2016
56703,retired,NA,0,2020-10-02,,,,,,,IT1,2016
43411,retired,NA,0,2017-07-01,,,,,,,IT1,2016
71019,lech poznan,poland,650000,2021-01-09,2024-06-30,,,,,Branchini Associati S.p.A.,IT1,2016
459758,asd san marco assemini 80,italy,75000,2021-03-25,,,,,,no agent,IT1,2016
396681,olbia calcio 1905,italy,200000,2017-07-01,2022-06-30,,cagliari primavera,italy,,Quadratum,IT1,2016
52136,without club,NA,500000,2021-07-01,,,,,,TMP SOCCER srl,IT1,2016
55801,benevento calcio,italy,500000,2019-07-22,2022-06-30,,,,,,IT1,2016
171399,uc sampdoria,italy,3500000,2017-07-01,2024-06-30,,,,,Alessandro Lucci - WSA,IT1,2016
129129,cagliari calcio,italy,18000000,2014-09-01,2023-06-30,,,,,Piccioli&Lombardi,IT1,2016
371320,ac ardor lazzate 1973,italy,0,2019-12-03,,,,,,Relatives,IT1,2016
13121,without club,NA,400000,2021-07-22,2023-06-30,,,,,Oscar Damiani,IT1,2016
190634,brescia calcio,italy,500000,2021-02-01,,,,,,PRO TRANSFER,IT1,2016
92141,v-varen nagasaki,japan,400000,2020-01-04,2022-01-31,,,,,,IT1,2016
164091,without club,NA,300000,2021-07-01,,,,,,Branchini Associati S.p.A.,IT1,2016
5825,retired,NA,0,2019-01-30,,,,,,PDP s.r.l.  Pasqualin D’Amico Partners,IT1,2016
22598,retired,NA,0,2019-11-14,,,,,,GP Soccer and Management Srl,IT1,2016
102745,cagliari calcio,italy,2000000,2014-08-07,2022-06-30,Option for a further year,,,,,IT1,2016
420849,la palma monteurpinu,italy,0,2019-10-25,,,,,,,IT1,2016
373898,wellington phoenix,new zealand,200000,2021-07-30,2023-06-30,,,,,Filippo Cavadini,IT1,2016
255942,inter milan,italy,65000000,2020-09-01,2024-06-30,,,,,,IT1,2016
396359,unknown,NA,0,2019-12-01,,,,,,,IT1,2016
99235,without club,NA,250000,2021-08-27,,,,,,TMP SOCCER srl,IT1,2016
46060,ac perugia calcio,italy,400000,2018-07-11,2022-06-30,,,,,,IT1,2016
235931,cagliari calcio,italy,1000000,2014-07-01,2024-06-30,,,,,Mino Raiola,IT1,2016
302478,us grosseto 1912,italy,125000,2021-07-15,2023-06-30,,,,,no agent,IT1,2016
162551,without club,NA,75000,2019-07-01,,,,,,,IT1,2016
445434,estoril praia u23,portugal,150000,2020-07-01,2022-06-30,,,,,Bruno Carvalho,IT1,2016
83877,cagliari calcio,italy,2500000,2015-07-01,2022-06-30,,,,,Grimaldi Mariano,IT1,2016
84467,without club,NA,200000,2021-07-01,,,,,,Kael Grimaldi,IT1,2016
396094,us viterbese 1908,italy,200000,2020-09-07,2022-06-30,,,,,,IT1,2016
164897,fk partizan belgrade,serbia,700000,2020-10-04,2023-06-30,,,,,Best Talent soccer,IT1,2016
165381,portland timbers,united states,1000000,2020-01-01,2022-12-31,,,,,Rabona Sports,IT1,2016
141654,us cremonese,italy,100000,2020-10-03,,,,,,TMP SOCCER srl,IT1,2016
162961,uc sampdoria,italy,3500000,2017-01-30,2025-06-30,,,,,CAA Base Ltd,IT1,2016
355479,ancona-matelica,italy,400000,2021-08-03,2022-06-30,,juventus u23,italy,2022-06-30,,IT1,2016
342817,asd 2000 calcio montesilvano,italy,0,2021-07-01,2022-07-01,,,,,Relatives,IT1,2016
197751,como 1907,italy,1500000,2021-08-17,2024-06-30,,cagliari calcio,italy,2022-06-30,TMP SOCCER srl,IT1,2016
298635,us salernitana 1919,italy,950000,2021-08-14,2023-06-30,Buy-option with buy-back option,juventus u23,italy,2022-06-30,M.A.R.A.T. Football Management,IT1,2016
364635,correggese calcio 1948,italy,100000,2021-07-29,2022-06-30,,,,,Paolo Paloni - Football Trade,IT1,2016
28828,retired,NA,0,2017-07-05,,,,,,Assist,IT1,2016
303182,ssd porto d'ascoli,italy,0,2020-08-04,2022-06-30,club option 1 year,,,,,IT1,2016
205054,us salernitana 1919,italy,800000,2020-09-12,2023-06-30,,,,,BSM,IT1,2016
226085,hnk rijeka,croatia,2000000,2019-02-05,2022-06-15,,,,,Universal Sports Group,IT1,2016
165893,universitatea craiova,romania,1500000,2019-01-01,2022-06-30,,,,,Football Service,IT1,2016
5878,retired,NA,0,2018-07-01,,,,,,PDP s.r.l.  Pasqualin D’Amico Partners,IT1,2016
124555,acf fiorentina,italy,9000000,2018-07-01,2024-06-30,,,,,M.A.R.A.T. Football Management,IT1,2016
308278,fc barcelona,spain,700000,2021-08-14,2023-06-30,,,,,Niagara Sports Company,IT1,2016
5957,retired,NA,0,2019-07-01,,,,,,PDP s.r.l.  Pasqualin D’Amico Partners,IT1,2016
121402,fc crotone,italy,1500000,2018-07-01,2023-06-30,,,,,Gr Sports,IT1,2016
131109,parma calcio 1913,italy,2000000,2020-01-23,2023-06-30,,,,,YOU FIRST SPORTS,IT1,2016
7797,retired,NA,0,2019-07-01,,,,,,Matteo Materazzi,IT1,2016
21782,retired,NA,0,2020-08-15,,,,,,Liberti & Partners,IT1,2016
400931,ac prato,italy,75000,2021-07-26,2022-06-30,,,,,NOVERA Sports,IT1,2016
395539,certaldo,italy,0,2021-08-05,,,,,,,IT1,2016
130498,calcio padova,italy,300000,2020-01-08,2022-06-30,,,,,Italian Managers Group s.r.l.,IT1,2016
96758,us cremonese,italy,100000,2020-09-01,,,,,,Reset Group Srl,IT1,2016
157167,aek larnaca,cyprus,500000,2021-07-13,2023-05-31,,,,,IDUB GLOBAL,IT1,2016
472161,us salernitana 1919,italy,2000000,2021-01-08,2023-06-30,Obligation to buy with conditions,udinese calcio,italy,2022-06-30,FK Sport Management SRL,IT1,2016
216872,frosinone calcio,italy,650000,2019-07-01,2022-06-30,,,,,G.E.V. Sport&management srl,IT1,2016
459991,delfino pescara 1936,italy,450000,2021-07-23,2023-06-30,,inter milan,italy,2022-06-30,,IT1,2016
139634,delfino pescara 1936,italy,350000,2018-07-10,2023-06-30,,,,,M.A.R.A.T. Football Management,IT1,2016
77910,san nicolò notaresco,italy,75000,2021-07-24,2022-06-30,,,,,,IT1,2016
323872,nîmes olympique,france,3500000,2020-07-17,2024-06-30,,,,,Eleven Talent Group,IT1,2016
146752,uc sampdoria,italy,6000000,2017-07-01,2023-06-30,,,,,CT10 management Srl,IT1,2016
41912,cagliari calcio,italy,100000,2020-09-01,,,,,,AC Sport Consulting,IT1,2016
382571,afragolese 1944,italy,25000,2021-08-11,2022-06-30,,,,,,IT1,2016
386576,olbia calcio 1905,italy,50000,2021-08-21,2023-06-30,,,,,MCI,IT1,2016
28833,without club,NA,25000,2021-07-01,,,,,,Reset Group Srl,IT1,2016
292333,sc kriens,switzerland,250000,2021-07-01,,,,,,Palomba Sportmanagement&CDR,IT1,2016
17129,retired,NA,0,2019-07-01,,,,,,Excellence Sport,IT1,2016
393904,juventus u23,italy,225000,2018-07-01,2022-06-30,,,,,Pietro Chiodi Soccer M.,IT1,2016
267101,without club,NA,200000,2021-07-01,,,,,,Italian Managers Group s.r.l.,IT1,2016
55000,us salernitana 1919,italy,300000,2021-08-06,2025-06-30,,,,,BC Group,IT1,2016
130369,ternana calcio,italy,650000,2021-07-16,2024-06-30,,,,,TMP SOCCER srl,IT1,2016
392550,pineto calcio,italy,10000,2019-07-21,2021-06-30,,,,,,IT1,2016
17249,retired,NA,0,2017-07-01,,,,,,Branchini Associati S.p.A.,IT1,2016
209649,new york city fc,united states,7000000,2019-02-04,2022-06-30,,,,,,IT1,2016
111433,us salernitana 1919,italy,600000,2020-09-01,2023-06-30,,,,,CFA Sports,IT1,2016
3713,retired,NA,0,2020-09-01,,,,,,Assist,IT1,2016
356010,san donato - tavarnelle,italy,50000,2021-07-27,2022-06-30,,,,,Gianfranco Cicchetti,IT1,2016
355048,us pianese,italy,100000,2021-07-19,2022-06-30,,,,,Piccioli&Lombardi,IT1,2016
149829,fenerbahce sk,turkey,3000000,2019-01-31,2023-06-30,,,,,SEG,IT1,2016
94936,parma calcio 1913,italy,600000,2019-07-08,2023-06-30,,,,,M.A.R.A.T. Football Management,IT1,2016
287635,as saint-étienne,france,1100000,2017-08-01,2022-06-30,,,,,Vukmil Vukmirica,IT1,2016
74956,ascoli calcio,italy,300000,2020-09-16,2022-06-30,,,,,FF,IT1,2016
163053,kayserispor,turkey,2500000,2021-08-25,2024-06-30,,,,,Ediz Balkan,IT1,2016
56912,without club,NA,200000,2021-07-01,,,,,,Glory Group Ltd.,IT1,2016
323934,fc barcelona b,spain,500000,2020-08-04,2025-06-30,,,,,Elenko Sports Ltda.,IT1,2016
331389,benevento calcio,italy,750000,2018-07-13,2022-06-30,,,,,Barbadillo & Italiani Srl,IT1,2016
305686,lucchese 1905,italy,75000,2021-08-26,2022-06-30,,,,,Avv. Filippo Pirisi,IT1,2016
163690,without club,NA,100000,2021-07-01,,,,,,MCI,IT1,2016
34336,retired,NA,0,2021-06-25,,,,,,Francesco Romano,IT1,2016
302486,without club,NA,50000,2018-07-01,,,,,,,IT1,2016
163683,without club,NA,1000000,2021-07-01,,,,,,FK Sport Management SRL,IT1,2016
94305,paeek,cyprus,400000,2021-08-23,2022-05-31,,,,,Miami stars Football Asociated,IT1,2016
390112,as livorno,italy,50000,2021-08-19,2023-06-30,,,,,no agent,IT1,2016
56921,palermo fc,italy,200000,2019-08-10,2021-06-30,,,,,,IT1,2016
390117,fc empoli,italy,200000,2017-07-01,2024-06-30,,,,,GG11 s.r.l.,IT1,2016
22749,retired,NA,0,2019-07-01,,,,,,AC Sport Consulting,IT1,2016
80894,bologna fc 1909,italy,3800000,2018-07-01,2023-06-30,,,,,GG11 s.r.l.,IT1,2016
57354,ac monza,italy,800000,2019-07-25,2022-06-30,,,,,PLAYER MANAGEMENT SRL,IT1,2016
385379,calcio padova,italy,150000,2019-08-29,2022-06-30,,,,,,IT1,2016
391049,fc südtirol,italy,75000,2021-07-27,2022-06-30,,fc empoli,italy,2022-06-30,P&P Sport Management S.A.M.,IT1,2016
198116,inter milan,italy,10000000,2018-07-05,2023-06-30,,,,,Gr Sports,IT1,2016
28031,retired,NA,0,2020-09-01,,,,,,Goodjohn Srl,IT1,2016
140559,frosinone calcio,italy,800000,2017-07-11,2022-06-30,,,,,AC Sport Consulting,IT1,2016
259953,ac milan,italy,6000000,2019-07-08,2024-06-30,,,,,,IT1,2016
165873,benevento calcio,italy,1500000,2020-09-01,2023-06-30,,,,,P&P Sport Management S.A.M.,IT1,2016
22285,retired,NA,0,2017-07-01,,,,,,,IT1,2016
391065,us sassuolo,italy,20000000,2021-07-01,2024-06-30,,,,,SA Futura,IT1,2016
23284,retired,NA,0,2020-01-11,,,,,,Nicoletti & Partners,IT1,2016
222330,without club,NA,100000,2021-04-23,,,,,,Glory Group Ltd.,IT1,2016
268426,nk domzale,slovenia,600000,2020-08-01,2023-05-31,,,,,PRO TRANSFER,IT1,2016
207715,bologna fc 1909,italy,1400000,2015-07-01,2023-06-30,,,,,Giuseppe Accardi,IT1,2016
24977,retired,NA,0,2020-09-13,,,,,,Only4Stars,IT1,2016
184528,newcastle united,england,3500000,2019-08-08,2023-06-30,,,,,Global Soccer Management,IT1,2016
337715,ud almería,spain,15000000,2020-10-05,2025-06-30,,,,,CAA Base Ltd,IT1,2016
22141,without club,NA,1000000,2021-07-01,,,,,,GG11 s.r.l.,IT1,2016
474621,without club,NA,225000,2021-07-01,,,,,,Barbadillo & Italiani Srl,IT1,2016
16137,retired,NA,0,2019-07-01,,,,,,,IT1,2016
85066,without club,NA,25000,2020-07-01,,,,,,Palomba Sportmanagement&CDR,IT1,2016
38607,spal,italy,2500000,2021-07-01,2024-06-30,,,,,Pietro Chiodi Soccer M.,IT1,2016
256358,gnk dinamo zagreb,croatia,12000000,2019-01-21,2024-06-30,,,,,Ivan Cvjetkovic,IT1,2016
390304,frosinone calcio,italy,200000,2021-07-17,2023-06-30,,bologna fc 1909,italy,2022-06-30,BC Group,IT1,2016
144779,al-ain,saudi arabia,1600000,2020-10-14,2022-06-30,,,,,Relatives,IT1,2016
82693,without club,NA,200000,2021-07-01,,,,,,Oscar Damiani,IT1,2016
395091,us follonica gavorrano,italy,25000,2021-07-28,2022-06-30,,,,,,IT1,2016
395123,ancona-matelica,italy,100000,2021-07-19,2022-06-30,,,,,BC Group,IT1,2016
215616,acf fiorentina,italy,9000000,2019-08-09,2023-06-30,,,,,Fernando Felicevich,IT1,2016
35703,retired,NA,0,2020-10-08,,,,,,,IT1,2016
130360,torino fc,italy,8000000,2020-09-01,2023-06-30,,,,,Donato Orgnoni,IT1,2016
88683,genoa cfc,italy,2500000,2020-09-07,2022-06-30,,,,,Football Now Limited,IT1,2016
355791,olbia calcio 1905,italy,150000,2021-08-22,2023-06-30,,,,,TMP SOCCER srl,IT1,2016
165900,spal,italy,500000,2018-07-01,2023-06-30,,,,,GP Soccer and Management Srl,IT1,2016
41994,as cervia 1920,italy,0,2018-09-10,,,,,,,IT1,2016
401935,as cittadella,italy,700000,2021-07-23,2022-06-30,,bologna fc 1909,italy,,QSM,IT1,2016
239570,acsc fc arges,romania,250000,2021-01-28,2021-06-30,,,,,,IT1,2016
197491,uc sampdoria,italy,1800000,2019-07-01,2025-06-30,,,,,Romano Eleven SAS,IT1,2016
381243,us folgore caratese,italy,50000,2020-01-07,,,,,,BC Group,IT1,2016
22140,retired,NA,0,2020-09-01,,,,,,PDP s.r.l.  Pasqualin D’Amico Partners,IT1,2016
167895,fc pro vercelli 1892,italy,200000,2021-01-27,2022-06-30,,,,,LUDUS PRO MANAGEMENT LTD,IT1,2016
395086,retired,NA,0,2019-07-01,,,,,,no agent,IT1,2016
7096,retired,NA,0,2020-09-01,,,,,,,IT1,2016
338101,us cremonese,italy,150000,2021-08-27,,,,,,Romano Eleven SAS,IT1,2016
286949,watford fc,england,4500000,2018-07-02,2023-06-30,,,,,Riccardo Calleri,IT1,2016
291266,fc crotone,italy,2000000,2021-08-27,2023-06-30,,,,,PLAYER MANAGEMENT SRL,IT1,2016
198067,rangers fc,scotland,3500000,2019-07-13,2023-05-31,,,,,MD Management,IT1,2016
56854,luparense fc,italy,150000,2021-07-06,2022-06-30,,,,,,IT1,2016
353998,retired,NA,0,2019-07-01,,,,,,,IT1,2016
140206,ac sparta prague,czech republic,1200000,2020-08-04,2023-06-30,,,,,"SPORT INVEST International, a. s.",IT1,2016
386755,hellas verona,italy,2500000,2021-07-30,2025-06-30,Buy-option with buy-back option,juventus fc,italy,2022-06-30,Vigo Global Sport Services Srl,IT1,2016
174488,fc copenhagen,denmark,500000,2020-09-03,2023-06-30,,,,,SPORTS CONNECTION,IT1,2016
368559,bristol city,england,2000000,2019-08-08,2022-06-30,Option for a further year,,,,CMGroup,IT1,2016
9967,fc zürich,switzerland,300000,2021-01-01,2022-06-30,,,,,Branchini Associati S.p.A.,IT1,2016
30638,retired,NA,0,2021-07-01,,,,,,Vigo Global Sport Services Srl,IT1,2016
339866,mantova 1911,italy,100000,2020-08-11,2022-06-30,,,,,,IT1,2016
375299,without club,NA,0,2020-07-01,,,,,,Giuseppe Accardi,IT1,2016
459842,club de foot montréal,canada,100000,2021-04-06,2021-12-31,,bologna fc 1909,italy,,,IT1,2016
111893,ld alajuelense,costa rica,500000,2021-07-29,2021-12-31,,los angeles galaxy,united states,2021-12-31,Agrinzonis Management Group,IT1,2016
60790,henan songshan longmen,china,700000,2021-01-02,2023-12-31,,,,,Relatives,IT1,2016
255322,hnk hajduk split,croatia,500000,2019-07-08,2023-06-30,,,,,Universal Sports Group,IT1,2016
28827,retired,NA,0,2021-07-01,,,,,,Studio Marrucco E Associati,IT1,2016
297064,fc trapani 1905,italy,50000,2021-08-10,2022-06-30,,,,,,IT1,2016
349719,without club,NA,175000,2021-07-01,2021-06-30,,,,,YOU FIRST SPORTS,IT1,2016
347353,us vibonese,italy,275000,2020-09-30,2022-06-30,,,,,Barbadillo & Italiani Srl,IT1,2016
47544,fc chiasso,switzerland,100000,2020-09-16,2022-06-30,,,,,Winner Mirror,IT1,2016
35934,without club,NA,300000,2021-01-19,,,,,,Universal Sports Group,IT1,2016
54581,udinese calcio,italy,1300000,2019-07-26,2022-06-30,club option 1 year,,,,Universal Sports Group,IT1,2016
244927,ss juve stabia,italy,200000,2020-09-18,2023-06-30,,,,,Gr Sports,IT1,2016
277335,al-ittihad jeddah,saudi arabia,2500000,2020-10-12,2022-06-30,,,,,,IT1,2016
230166,apollon limassol,cyprus,1200000,2021-08-16,2023-05-31,,,,,Keypass AS,IT1,2016
242940,us sassuolo,italy,2000000,2017-07-29,2022-06-30,,,,,Gr Sports,IT1,2016
126412,al-kharaitiyat sc,qatar,250000,2021-07-17,,,,,,Mino Raiola,IT1,2016
139173,portimonense futebol sad,portugal,300000,2021-08-26,2023-06-30,,,,,PDP s.r.l.  Pasqualin D’Amico Partners,IT1,2016
336959,virtus entella,italy,75000,2019-07-01,2022-06-30,,,,,PLAYER MANAGEMENT SRL,IT1,2016
84622,calcio padova,italy,250000,2019-01-09,2022-06-30,,,,,AR Sport Management,IT1,2016
208905,aik,sweden,200000,2018-01-09,2021-12-31,,,,,Universal Sports Group,IT1,2016
74448,fc crotone,italy,500000,2020-09-08,2022-06-30,Option for a further year,,,,BSM,IT1,2016
332798,sc freiburg,germany,16000000,2018-08-31,,,,,,ROGON,IT1,2016
142920,rcd mallorca,spain,400000,2019-08-07,2023-06-30,,,,,Universal Sports Group,IT1,2016
47513,udinese calcio,italy,400000,2019-07-01,2022-06-30,,,,,Universal Sports Group,IT1,2016
326204,budapest honvéd fc,hungary,600000,2020-09-03,2022-06-30,club option 1 year,,,,Gerasimos Zapatinas,IT1,2016
336956,asd akragas 2018,italy,0,2021-08-24,2022-06-30,,,,,,IT1,2016
392514,fc san giorgio,italy,75000,2021-08-07,2022-06-30,,,,,Kael Grimaldi,IT1,2016
231381,ac perugia calcio,italy,350000,2019-09-02,2024-06-30,,,,,Vigo Global Sport Services Srl,IT1,2016
206542,al-ettifaq,saudi arabia,7500000,2021-07-08,2024-06-30,,,,,Universal Sports Group,IT1,2016
291408,città di sant'agata,italy,50000,2021-07-28,2022-06-30,,,,,,IT1,2016
275682,kas eupen,belgium,300000,2019-07-18,2022-06-30,,,,,Giuseppe Accardi,IT1,2016
79510,reggina 1914,italy,250000,2020-09-28,2023-06-30,,,,,GG11 s.r.l.,IT1,2016
108119,club de foot montréal,canada,750000,2021-01-18,2022-12-31,,,,,FK Sport Management SRL,IT1,2016
336960,atalanta bc,italy,6000000,2021-07-27,2024-06-30,Obligation to buy with conditions,parma calcio 1913,italy,2022-06-30,M.A.R.A.T. Football Management,IT1,2016
23197,western united fc,australia,250000,2019-07-23,2022-06-30,,,,,Football Now Limited,IT1,2016
252767,cska 1948,bulgaria,750000,2020-08-15,2023-06-30,,,,,,IT1,2016
22217,retired,NA,0,2020-09-01,,,,,,,IT1,2016
76077,club atlético vélez sarsfield,argentina,1000000,2020-01-28,2022-12-31,,,,,Dodici,IT1,2016
422851,kokkolan pallo-veikot,finland,50000,2021-01-01,2021-12-31,,,,,VoMa Sportmanagement,IT1,2016
48003,retired,NA,0,2021-07-01,,,,,,,IT1,2016
204069,inter milan,italy,60000000,2017-07-07,2023-06-30,,,,,Relatives,IT1,2016
96806,spezia calcio,italy,500000,2020-09-05,2022-06-30,,,,,,IT1,2016
238537,uc sampdoria,italy,2200000,2014-01-21,2024-06-30,,,,,,IT1,2016
344321,1.fc slovacko,czech republic,250000,2020-08-03,2023-06-30,,,,,Stars & Friends,IT1,2016
353609,spezia calcio,italy,300000,2019-07-01,2022-06-30,club option 2 years,,,,MV Team,IT1,2016
129588,leicester city,england,18000000,2019-08-08,2024-06-30,,,,,MARTIN RIHA,IT1,2016
22328,uc sampdoria,italy,1000000,2016-07-01,2022-06-30,,,,,AGB Sport Management,IT1,2016
144143,uc sampdoria,italy,6000000,2017-01-03,2023-06-30,,,,,Fabryka Futbolu,IT1,2016
46413,ca osasuna,spain,9000000,2021-07-01,2025-06-30,,,,,Mladen Grgic,IT1,2016
372134,without club,NA,75000,2020-07-01,,,,,,,IT1,2016
19671,fc chiasso,switzerland,100000,2021-01-30,2022-06-30,,,,,Front Group GmbH,IT1,2016
16120,nec nijmegen,netherlands,250000,2020-07-15,2022-06-30,,,,,Riccardo Calleri,IT1,2016
240306,manchester united,england,90000000,2020-01-29,2025-06-30,player option 1 year,,,,MRP.POSITIONUMBER,IT1,2016
5962,retired,NA,0,2018-10-13,,,,,,AGB Sport Management,IT1,2016
6793,retired,NA,0,2017-07-01,,,,,,LUDUS PRO MANAGEMENT LTD,IT1,2016
393605,latina calcio 1932,italy,100000,2021-08-11,2023-06-30,,,,,Vigo Global Sport Services Srl,IT1,2016
20003,royal excel mouscron,belgium,200000,2020-07-20,2022-06-30,,,,,Fiorio Management S.R.L.,IT1,2016
398061,acr messina,italy,100000,2021-08-07,2023-06-30,,,,,"Calenda, Roberto",IT1,2016
225873,torino fc,italy,6000000,2020-09-01,2024-06-30,,,,,Fabryka Futbolu,IT1,2016
363178,wsg tirol,austria,350000,2021-07-05,2024-06-30,,juventus u23,italy,2022-06-30,PLAYER MANAGEMENT SRL,IT1,2016
57657,ss teramo calcio,italy,200000,2021-08-11,2023-06-30,Obligation to buy with conditions,ternana calcio,italy,2022-06-30,Simone Bernardo,IT1,2016
242086,bayer 04 leverkusen,germany,28000000,2020-09-08,2025-06-30,,,,,"International Sport Management, s.r.o.",IT1,2016
109038,clube atlético mineiro,brazil,1000000,2021-02-05,2023-12-31,,,,,4ComM,IT1,2016
168416,without club,NA,200000,2021-08-03,,,,,,OFP OMNIA FOOTBALL PLAYERS',IT1,2016
119228,atalanta bc,italy,30000000,2019-07-01,2023-06-30,,,,,Alessandro Lucci - WSA,IT1,2016
324993,mfk skalica,slovakia,250000,2021-02-03,2021-12-31,,,,,IFManagement,IT1,2016
33218,ac reggiana 1919,italy,600000,2021-08-23,2023-06-30,,,,,BC Group,IT1,2016
24316,fatih karagümrük,turkey,350000,2020-08-20,2022-06-30,,,,,Vigo Global Sport Services Srl,IT1,2016
72274,reggina 1914,italy,400000,2021-07-13,2022-06-30,,,,,Vigo Global Sport Services Srl,IT1,2016
61783,ascoli calcio,italy,250000,2020-01-31,2022-06-30,,,,,All Stars Managament,IT1,2016
136605,delfines del este fc,dominican republic,725000,2021-03-10,,,,,,LusoGest,IT1,2016
314965,ac monza,italy,2000000,2021-07-23,2022-06-30,Obligation to buy with conditions,sl benfica b,portugal,,MRP.POSITIONUMBER,IT1,2016
318077,acf fiorentina,italy,20000000,2021-08-25,2023-06-30,Option to buy,arsenal fc,england,2022-06-30,Oscar Bentancourt,IT1,2016
94307,us sassuolo,italy,9000000,2018-07-01,2022-06-30,,,,,Excellence Sport,IT1,2016
463775,bfc siófok,hungary,150000,2020-07-01,,,,,,Stirr Associates,IT1,2016
226093,zaglebie lubin,poland,750000,2020-08-17,2022-06-30,both parties 1 year,,,,no agent,IT1,2016
170994,bengaluru fc,india,300000,2021-03-10,2023-05-31,,,,,,IT1,2016
336679,vendsyssel ff,denmark,300000,2021-08-07,2024-06-30,,,,,Relatives,IT1,2016
301240,pordenone calcio,italy,1300000,2020-10-05,2024-06-30,,,,,Patrick Bastianelli,IT1,2016
22673,asd sona calcio,italy,350000,2021-08-10,2022-06-30,,,,,no agent,IT1,2016
6033,città di acireale 1946,italy,250000,2021-08-21,2022-06-30,,,,,AC Sport Consulting,IT1,2016
270188,red bull bragantino,brazil,2500000,2021-07-01,2026-06-30,,,,,TFM Agency,IT1,2016
308801,ud las palmas,spain,400000,2021-07-12,2023-06-30,,watford fc,england,2022-06-30,Go Pro Sport Management,IT1,2016
42735,kaa gent,belgium,1200000,2020-07-01,2023-06-30,,,,,Stirr Associates,IT1,2016
29316,retired,NA,0,2020-07-01,,,,,,Creative & Management Group,IT1,2016
460602,without club,NA,200000,2021-07-01,,,,,,XxX Sports Player Agency,IT1,2016
86793,ac perugia calcio,italy,500000,2019-08-16,2022-06-30,,,,,,IT1,2016
386829,como 1907,italy,275000,2018-07-01,2022-06-30,,,,,C³ FootBall Talent,IT1,2016
255901,atlético de madrid,spain,40000000,2021-07-12,2026-06-30,,,,,Augustin Jimenez,IT1,2016
288499,clube de regatas brasil (al),brazil,400000,2021-03-29,,,,,,Trust Football,IT1,2016
109598,without club,NA,200000,2021-07-01,,,,,,no agent,IT1,2016
255744,udinese calcio,italy,5000000,2016-01-13,2023-06-30,,,,,TFM Agency,IT1,2016
238993,udinese calcio,italy,800000,2013-07-01,2022-06-30,,,,,P&P Sport Management S.A.M.,IT1,2016
316111,dac dunajska streda,slovakia,1000000,2020-08-07,2023-06-30,,,,,Stars & Friends,IT1,2016
17127,asd manzanese calcio,italy,75000,2021-02-20,2022-06-30,,,,,,IT1,2016
182893,rc lens,france,12000000,2020-08-18,2024-06-30,,,,,W.Egal O.S.F.M.,IT1,2016
73926,hellas verona,italy,7000000,2019-07-01,2024-06-30,,,,,M.A.R.A.T. Football Management,IT1,2016
386824,asd spal cordovado,italy,0,2020-07-22,2021-06-20,,,,,,IT1,2016
129893,fc nantes,france,800000,2019-07-17,2022-06-30,,,,,,IT1,2016
395075,us viterbese 1908,italy,75000,2020-10-05,2022-06-30,,,,,BSM,IT1,2016
297444,pordenone calcio,italy,600000,2020-09-01,2025-06-30,,,,,Patrick Bastianelli,IT1,2016
19636,retired,NA,0,2020-10-07,,,,,,,IT1,2016
397228,unknown,NA,0,2019-10-01,,,,,,,IT1,2016
62713,udinese calcio,italy,1000000,2016-01-30,2022-06-30,,,,,no agent,IT1,2016
49841,without club,NA,200000,2021-07-01,,,,,,Creative & Management Group,IT1,2016
261611,without club,NA,1500000,2021-07-03,,,,,,CAA Base Ltd,IT1,2016
46477,retired,NA,0,2019-12-31,,,,,,Global Soccer Management,IT1,2016
114340,as saint-étienne,france,1500000,2017-08-09,2023-06-30,,,,,Un1que football,IT1,2016
16408,losc lille,france,500000,2020-09-04,2023-06-30,,,,,,IT1,2016
412629,zemplin michalovce,slovakia,200000,2020-07-24,,,,,,no agent,IT1,2016
32816,without club,NA,600000,2021-07-01,,,,,,,IT1,2016
108484,qingdao fc,china,300000,2021-07-30,2022-01-10,,,,,Dr. Kraft + Wagner,IT1,2016
319160,getafe cf,spain,11000000,2021-08-20,2026-06-30,,,,,Gr Sports,IT1,2016
187090,hnk daruvar,croatia,0,2021-07-23,,,,,,no agent,IT1,2016
245072,maccabi tel aviv,israel,1500000,2021-08-18,2022-06-30,club option 1 year,,,,LIAN Sports Group,IT1,2016
73786,without club,NA,200000,2019-12-01,,,,,,LUCK SPORTS,IT1,2016
73794,atalanta bc,italy,33000000,2020-01-17,2023-06-30,,,,,"Villarreal, Schena & Hansen",IT1,2016
168989,1.fsv mainz 05,germany,4000000,2021-07-09,2024-06-30,,,,,CAA Base Ltd,IT1,2016
45314,as roma,italy,800000,2017-07-01,2022-06-30,,,,,Football Management Sanchez SL,IT1,2016
72479,without club,NA,4000000,2021-07-01,,,,,,Pini Zahavi,IT1,2016
104752,ssc napoli,italy,23000000,2019-07-01,2024-06-30,,,,,Mino Raiola,IT1,2016
415454,without club,NA,25000,2020-10-02,,,,,,Palomba Sportmanagement&CDR,IT1,2016
54984,fenerbahce sk,turkey,1800000,2020-10-05,2022-06-30,Option for a further year,,,,GG11 s.r.l.,IT1,2016
340430,us alessandria calcio 1912,italy,125000,2019-08-14,2022-06-30,,,,,,IT1,2016
5958,retired,NA,0,2017-07-01,,,,,,,IT1,2016
130365,ac milan,italy,13000000,2021-08-21,2023-06-30,Option to buy,as roma,italy,2022-06-30,Alessandro Lucci - WSA,IT1,2016
319177,potenza calcio,italy,300000,2021-08-18,2022-06-30,,as roma,italy,2022-06-30,All Stars Managament,IT1,2016
121985,ssc napoli,italy,2000000,2021-08-18,2022-06-30,Option for a further year,,,,"Calenda, Roberto",IT1,2016
47893,without club,NA,400000,2020-08-04,,,,,,Meïssa N'diaye,IT1,2016
315568,latina calcio 1932,italy,200000,2021-08-18,2023-06-30,,,,,,IT1,2016
340446,fermana fc,italy,100000,2020-10-05,2022-06-30,,,,,no agent,IT1,2016
394300,us sassuolo,italy,8500000,2017-07-13,2025-06-30,,,,,Paolo Paloni - Football Trade,IT1,2016
265075,without club,NA,100000,2019-08-29,,,,,,Elite Soccer Management,IT1,2016
315850,reggina 1914,italy,900000,2021-08-17,2022-06-30,,atalanta bc,italy,2022-06-30,Mino Raiola,IT1,2016
340435,latina calcio 1932,italy,100000,2021-08-18,2022-06-30,,,,,Gianfranco Cicchetti,IT1,2016
94529,as roma,italy,7000000,2021-01-30,2023-06-30,,,,,Manuel El Shaarawy,IT1,2016
321065,palermo fc,italy,150000,2021-07-17,2022-06-30,Option to buy,calcio padova,italy,2022-06-30,,IT1,2016
346567,juventus fc,italy,9000000,2019-07-01,2025-06-30,,,,,Mino Raiola,IT1,2016
15904,vissel kobe,japan,900000,2019-07-27,2022-01-31,,,,,Relatives,IT1,2016
341705,olympique marseille,france,20000000,2021-07-01,2026-06-30,,,,,,IT1,2016
41982,royal antwerp fc,belgium,5000000,2021-08-14,2023-06-30,,,,,,IT1,2016
105470,liverpool fc,england,60000000,2018-07-19,2027-06-30,,,,,NWS - Neis World Sports,IT1,2016
68864,cagliari calcio,italy,5000000,2021-07-03,2023-06-30,Option for a further year,olympique marseille,france,2022-06-30,SEG,IT1,2016
337705,without club,NA,0,2019-04-30,,,,,,WORLD FOOTBALL CONSULTING,IT1,2016
87884,ssc napoli,italy,8000000,2018-01-03,2025-06-30,,,,,M.A.R.A.T. Football Management,IT1,2016
315852,as cittadella,italy,200000,2021-07-30,2024-06-30,,,,,Paolo Paloni - Football Trade,IT1,2016
4310,retired,NA,0,2018-07-01,,,,,,Pietro Chiodi Soccer M.,IT1,2016
44058,juventus fc,italy,25000000,2017-07-19,2024-06-30,,,,,ICM Stellar Sports,IT1,2016
340447,latina calcio 1932,italy,150000,2021-08-19,2022-06-30,,,,,no agent,IT1,2016
148455,liverpool fc,england,100000000,2017-07-01,2023-06-30,,,,,,IT1,2016
391409,without club,NA,75000,2021-07-01,,,,,,Paolo Paloni - Football Trade,IT1,2016
315844,spezia calcio,italy,175000,2019-07-31,,,,,,PLAYER MANAGEMENT SRL,IT1,2016
181778,olympique lyon,france,14000000,2021-08-19,2023-06-30,,chelsea fc,england,2022-06-30,PS Sports,IT1,2016
166237,paris saint-germain,france,22000000,2019-01-29,2023-06-30,,,,,Interplayers,IT1,2016
198086,reggina 1914,italy,900000,2021-07-13,2024-06-30,,,,,,IT1,2016
28396,inter milan,italy,4000000,2021-08-14,2023-06-30,,,,,Alessandro Lucci - WSA,IT1,2016
86202,chelsea fc,england,28000000,2017-07-09,2022-06-30,,,,,FSB – Spielerberatung GmbH,IT1,2016
297645,fc empoli,italy,1500000,2021-07-30,2025-06-30,,us sassuolo,italy,2022-06-30,PLAYER MANAGEMENT SRL,IT1,2016
391406,us catanzaro,italy,25000,2021-08-18,2022-06-30,,,,,FK Sport Management SRL,IT1,2016
5947,retired,NA,0,2020-01-06,,,,,,Alessandro Lucci - WSA,IT1,2016
268179,leixões sc,portugal,175000,2020-10-06,2022-06-30,,,,,,IT1,2016
111819,fc barcelona,spain,6000000,2019-07-01,2023-06-30,,,,,,IT1,2016
5023,parma calcio 1913,italy,1000000,2021-07-01,2023-06-30,,,,,Assist,IT1,2016
63531,without club,NA,1000000,2021-07-01,,,,,,Excellence Sport,IT1,2016
206050,juventus fc,italy,50000000,2015-07-01,2022-06-30,,,,,Relatives,IT1,2016
200194,atalanta bc,italy,750000,2018-01-30,2022-06-30,,,,,P&P Sport Management S.A.M.,IT1,2016
44709,miami beach cf,united states,0,2020-01-11,2022-12-31,,,,,Carlo Pallavicino,IT1,2016
308279,torino fc,italy,14000000,2021-02-01,2025-06-30,Obligation to buy with conditions,juventus fc,italy,2022-06-30,LUCA DE SIMONE,IT1,2016
15951,são paulo futebol clube,brazil,2000000,2019-08-01,2022-12-31,,,,,"Flashforward, S.L.",IT1,2016
45124,fatih karagümrük,turkey,3000000,2021-08-03,2023-06-30,,,,,GM FOOT,IT1,2016
256339,uc sampdoria,italy,14000000,2019-07-01,2026-06-30,,,,,TMP SOCCER srl,IT1,2016
44716,retired,NA,0,2019-10-03,,,,,,Relatives,IT1,2016
29260,juventus fc,italy,1500000,2005-07-01,2023-06-30,,,,,Reset Group Srl,IT1,2016
96828,torino fc,italy,3000000,2019-07-01,2023-06-30,,,,,AGB Sport Management,IT1,2016
29401,retired,NA,0,2021-07-01,,,,,,NGM SPORTS,IT1,2016
162959,juventus fc,italy,5000000,2015-02-01,2023-06-30,,,,,Davide Torchia,IT1,2016
124769,fc crotone,italy,500000,2020-09-01,2022-06-30,,,,,PDP s.r.l.  Pasqualin D’Amico Partners,IT1,2016
7109,retired,NA,0,2019-07-01,,,,,,Claudio Orlandini,IT1,2016
44162,fc barcelona,spain,20000000,2020-09-01,2024-06-30,,,,,LIAN Sports Group,IT1,2016
91970,juventus fc,italy,16000000,2017-07-01,2022-06-30,,,,,Alessandro Lucci - WSA,IT1,2016
297648,atalanta bc,italy,500000,2020-09-01,2023-06-30,,,,,GFM,IT1,2016
167859,genoa cfc,italy,4500000,2019-07-01,2022-06-30,,,,,not clarified,IT1,2016
5285,retired,NA,0,2019-07-29,,,,,,,IT1,2016
386567,ss monopoli 1966,italy,200000,2021-07-20,2024-06-30,,pisa sporting club,italy,2022-06-30,no agent,IT1,2016
342407,fc sion,switzerland,250000,2019-07-02,2022-06-30,,,,,MD Management,IT1,2016
34572,without club,NA,800000,2021-07-01,,,,,,Ivan Cvjetkovic,IT1,2016
2865,retired,NA,0,2020-08-12,,,,,,Relatives,IT1,2016
52897,sport club do recife,brazil,650000,2021-08-03,,,,,,Joseph Lee,IT1,2016
205940,torino fc,italy,4000000,2021-07-28,2023-06-30,Option to buy,juventus fc,italy,2022-06-30,Alessandro Lucci - WSA,IT1,2016
315843,brescia calcio,italy,400000,2017-07-01,,,,,,TMP SOCCER srl,IT1,2016
39153,inter miami cf,united states,5000000,2020-09-18,2022-12-31,,,,,Relatives,IT1,2016
265079,cosenza calcio,italy,100000,2021-08-06,2022-06-30,Buy-option with buy-back option,juventus u23,italy,,P&P Sport Management S.A.M.,IT1,2016
39983,juventus fc,italy,8000000,2018-08-02,2024-06-30,,,,,Alessandro Lucci - WSA,IT1,2016
364135,everton fc,england,35000000,2019-08-04,2024-06-30,,,,,Mino Raiola,IT1,2016
344655,spal,italy,150000,2021-07-23,2023-06-30,Buy-option with buy-back option,juventus u23,italy,2022-06-30,CT10 management Srl,IT1,2016
348601,brescia calcio,italy,1500000,2021-08-18,2024-06-30,Option to buy,uc sampdoria,italy,2022-06-30,,IT1,2016
170934,ogc nice,france,10000000,2021-07-24,,,,,,Relatives,IT1,2016
79960,juventus fc,italy,20000000,2015-08-20,2023-06-30,,,,,,IT1,2016
357003,spezia calcio,italy,3000000,2019-07-15,2024-06-30,,,,,Gr Sports,IT1,2016
226025,ac monza,italy,2800000,2021-07-09,2025-06-30,,,,,GG11 s.r.l.,IT1,2016
184894,acf fiorentina,italy,10000000,2020-09-01,2024-06-30,,,,,,IT1,2016
82743,spal,italy,50000,2021-08-27,,,,,,Football Service,IT1,2016
216179,inter milan,italy,13000000,2020-09-01,2024-06-30,,,,,Gr Sports,IT1,2016
131075,ss lazio,italy,10000000,2018-07-11,2023-06-30,,,,,P&P Sport Management S.A.M.,IT1,2016
146743,without club,NA,500000,2021-07-01,,,,,,Football Service,IT1,2016
284636,without club,NA,150000,2021-07-01,,,,,,,IT1,2016
315867,us sassuolo,italy,15000000,2017-07-01,2025-06-30,,,,,Alessandro Lucci - WSA,IT1,2016
5858,retired,NA,0,2018-01-01,,,,,,"Fedele, Gaetano",IT1,2016
21872,us sassuolo,italy,100000,2013-09-02,2022-06-30,,,,,P&P Sport Management S.A.M.,IT1,2016
390732,s.s.d. a.r.l. pcs sanmichelese,italy,0,2020-07-01,,,,,,,IT1,2016
21763,us sassuolo,italy,400000,2014-07-03,2022-06-30,,,,,PLAYER MANAGEMENT SRL,IT1,2016
22186,retired,NA,0,2019-07-01,,,,,,,IT1,2016
287638,without club,NA,100000,2020-07-01,,,,,,GP Soccer and Management Srl,IT1,2016
390724,ac renate,italy,200000,2021-07-06,2024-06-30,,,,,TMP SOCCER srl,IT1,2016
7093,us sassuolo,italy,400000,2005-07-01,2022-06-30,,,,,TMP SOCCER srl,IT1,2016
320456,cesena fc,italy,150000,2019-09-01,2022-06-30,,,,,TMP SOCCER srl,IT1,2016
84921,without club,NA,500000,2021-07-01,,,,,,,IT1,2016
177843,us sassuolo,italy,35000000,2015-07-01,2024-06-30,,,,,Simone Seghedoni,IT1,2016
286297,as roma,italy,40000000,2017-07-01,2022-06-30,,,,,GP Soccer and Management Srl,IT1,2016
40660,retired,NA,0,2020-05-06,,,,,,TMP SOCCER srl,IT1,2016
124911,reggina 1914,italy,350000,2021-07-16,2023-06-30,,,,,,IT1,2016
231378,az alkmaar,netherlands,1000000,2020-09-03,2023-06-30,,,,,SEG,IT1,2016
341054,monterosi tuscia fc,italy,150000,2021-08-08,2022-06-30,,calcio padova,italy,2022-06-30,Daniele Ferri,IT1,2016
62735,frosinone calcio,italy,1000000,2021-01-30,2024-06-30,,,,,Reset Group Srl,IT1,2016
61770,us cremonese,italy,150000,2018-08-17,2022-06-30,,,,,PDP s.r.l.  Pasqualin D’Amico Partners,IT1,2016
82048,bologna fc 1909,italy,3800000,2019-07-01,2023-06-30,,,,,TMP SOCCER srl,IT1,2016
240244,ac perugia calcio,italy,600000,2021-07-16,,,,,,PLAYER MANAGEMENT SRL,IT1,2016
298975,olympique marseille,france,9000000,2021-08-23,2026-06-30,,,,,Universal Sports Group,IT1,2016
368373,asd nibbiano & valtidone,italy,10000,2021-07-07,2022-06-30,,,,,,IT1,2016
372720,us sassuolo,italy,500000,2017-07-01,2022-06-30,,,,,TMP SOCCER srl,IT1,2016
165895,ssc napoli,italy,30000000,2021-07-01,2024-06-30,,,,,Reset Group Srl,IT1,2016
163222,us sassuolo,italy,5000000,2020-09-01,2024-06-30,,,,,GP Soccer and Management Srl,IT1,2016
337716,reggina 1914,italy,2000000,2021-08-09,2023-06-30,,us sassuolo,italy,2022-06-30,Daniele Ferri,IT1,2016
35747,spal,italy,700000,2018-08-17,2023-06-30,,,,,Romano Eleven SAS,IT1,2016
355540,virtus francavilla calcio,italy,100000,2019-07-11,,,,,,HB UNIPLAYER,IT1,2016
102470,hellas verona,italy,500000,2019-07-01,2022-06-30,,,,,Palomba Sportmanagement&CDR,IT1,2016
57643,retired,NA,0,2020-10-21,,,,,,Football Service,IT1,2016
379163,pisa sporting club,italy,1500000,2019-07-31,,,,,,Paolo Paloni - Football Trade,IT1,2016
35865,us sassuolo,italy,3000000,2014-09-01,2022-06-30,,,,,PDP s.r.l.  Pasqualin D’Amico Partners,IT1,2016
340264,ancona-matelica,italy,100000,2021-01-29,2022-06-30,,,,,Michele Bianchini Mortani,IT1,2016
312341,us cremonese,italy,350000,2021-07-07,2023-06-30,,,,,Romano Eleven SAS,IT1,2016
