Rank,GM,playerId,optaPersonId,Min,Age,Position,firstName,lastName,player,team,teamId,optaTeamId,leagueId,league,SubOff,SubOn,GWG,SOG,SOTInBox,SOTOBox,BlkdInBox,BlkdOutBox,Off,OffTgtOBox,OffTgtInBox,PenTaken,PenGoal,ShotDirFK,GoalDirFK,GoalInBx,GoalOBx,GoalOP,GoalHead,OfTgHd,SOTHead,GoalLF,GoalRF,ShotLF,ShotRF,PsOpHfFl,PsOnHfFl,PsAtt,PsOnHfScs,PsOpHfScs,ExpG,Goal,Ast,ExpA,BgChnc,BgChncCrtd,ChncSetPl,ChncOpnPl,Chance,1v1,1v1InBox,Sc1v1InBox,SucflDuels,Success1v1,ThrghBalls,ThrghBlCmp,Touches,DuelLs,FailTackle,SucflTkls,Int,DefTouch,TcklMade%,Clrnce,HeadClear,Recovery,FlComA3,FlComD3,FlComM3,FlSufA3,FlSufD3,FlSufM3,Offsides,CleanSheet,CrossPunch,ErrGoal,ErrShot,Cleared,KeeperCtch,GoalCncd,GoalCnIBx,GoalCnOBx,PensWon,Saves,SvBody,SvCght,SvClct,SvDive,SvFeet,SvFTip,SvHands,SvInBox,SvOutBox,SvPrdDng,SvPrdSaf,SvReach,SvStand,SvStoop,2ndYellow,Red,Yellow,BgChncFace,Turnover,Disposs,TchsA3,TchsD3,TchsM3,TouchOpBox,%PassFwd,Pass%,PsCmpM3,PsCmpA3,PsCmpD3,PsAttA3,PsAttD3,PsAttM3,Pull Back Passes Completed,PsDist,ChlngeLost,Aerial%,Aerials,ExpGAg,Average Shot Distance Open Play,PullBk,BgChnc,BgChncGoal,CrossOpen,Crosses,FwdPassCmp%,DefTouchD3,DefTouchM3,DefTouchA3,Open Play xG,Set Piece XG,NonPenxG,Key Passes,Defensive Blocks,xG Per Shot,Shots Total,Cross_Success_Percentage,Cross_Success_Percentage_Open_Play
1,11,d3uo72swkorck8mo41kv1yp61,423548,961,24,Left Centre Back,Daniel,Krutzen,D. Krutzen,Forge,c2pdzdl3dgf5b0siidn2ay5ii,15377,6lkj3o21cr4g7bql6tb3fk222,Canadian Premier League (Canada),1,0,2,3,2,1,2,1,7,4,0,1,1,4,0,2,0,0,1,1,1,1,0,6,2,97,46,647,354,150,1.81,2,0,0.53,2,1,3,1,4,5,0,0,58,3,0,0,816,37,5,10,34,87,65.2%,38,18,52,2,7,5,0,14,4,0,5,0,0,0,0,0,10,9,1,0,0,0,0,0,0,0,0,0,0,0,0,0,0,0,0,0,0,2,12,0,0,35,505,276,11,53.2%,77.9%,200,8,296,10,392,245,0,26.2,8,60.0%,40,0.00,51,0,2,2,5,11,61.9%,76,11,0,0.02,1.80,1.02,4,4,0.14,13,18.2%,20.0%
2,10,7lqj7hx4na2kvl5doan797vmx,250776,900,26,Right Centre Back,Dominick,Zator,D. Zator,Cavalry,41ewt71n8fqwy6trsqta1bjvu,15381,6lkj3o21cr4g7bql6tb3fk222,Canadian Premier League (Canada),0,0,0,4,4,0,1,0,4,1,0,0,0,0,0,1,0,0,1,3,3,0,0,0,2,94,50,672,353,175,0.65,1,0,1.04,1,2,2,2,4,4,0,0,51,4,1,1,811,31,3,12,8,47,83.3%,21,10,48,2,1,6,1,8,1,0,3,0,0,0,0,0,11,10,1,0,0,0,0,0,0,0,0,0,0,0,0,0,0,0,0,0,0,0,17,0,2,68,391,352,19,44.0%,78.6%,249,21,258,38,318,316,0,21.3,3,56.4%,39,0.00,26,0,1,1,8,8,59.8%,35,12,0,0.03,0.62,0.65,4,5,0.07,9,50.0%,50.0%
3,10,br7fuyg4h8gseboweg8wjujft,225054,900,23,Left Centre Back,Thomas,Meilleur-Giguère,T. Meilleur-Giguère,Pacific,b3436h8h14zw7f1uv6w9vqf6y,15380,6lkj3o21cr4g7bql6tb3fk222,Canadian Premier League (Canada),0,0,0,2,2,0,1,0,0,0,0,0,0,0,0,0,0,0,0,0,0,0,0,0,2,56,26,613,423,108,0.42,0,0,0.41,0,1,0,1,1,2,0,0,21,1,0,0,725,21,2,3,25,78,62.5%,46,17,54,0,1,3,0,0,1,1,2,0,0,0,0,0,13,13,0,0,0,0,0,0,0,0,0,0,0,0,0,0,0,0,0,0,0,1,20,0,0,13,486,226,7,36.7%,86.6%,176,5,350,6,396,211,0,23.0,3,51.9%,27,0.00,0,0,0,0,0,0,68.9%,70,8,0,0.00,0.42,0.42,1,4,0.14,3,-,-
4,9,41fep3jlo1ieyq9hvpmsl6wvd,225056,765,22,Right Back,Kadin,Chung,K. Chung,Pacific,b3436h8h14zw7f1uv6w9vqf6y,15380,6lkj3o21cr4g7bql6tb3fk222,Canadian Premier League (Canada),1,0,0,0,0,0,0,0,0,0,0,0,0,0,0,0,0,0,0,0,0,0,0,0,0,49,28,426,186,163,0.00,0,1,0.35,0,0,1,6,7,16,1,0,49,10,1,1,641,32,6,17,10,45,69.7%,12,5,53,0,2,2,1,4,2,0,2,0,0,0,0,0,11,11,0,0,0,0,0,0,0,0,0,0,0,0,0,0,0,0,0,0,0,1,16,4,7,148,204,289,3,38.5%,81.9%,187,64,98,75,128,223,2,19.4,10,56.3%,16,0.00,0,2,0,0,25,25,68.9%,31,10,4,0.00,0.00,0.00,6,5,-,0,12.0%,12.0%
5,11,7ehcrcdv82ib5fkpo3498gpgp,244929,842,25,Left Back,Kwame,Awuah,K. Awuah,Forge,c2pdzdl3dgf5b0siidn2ay5ii,15377,6lkj3o21cr4g7bql6tb3fk222,Canadian Premier League (Canada),0,2,1,2,1,1,0,0,0,0,0,0,0,0,0,0,1,1,0,0,1,1,0,1,0,66,38,368,110,154,0.08,1,0,0.60,0,1,0,4,4,15,0,0,54,8,0,0,626,41,6,16,14,51,81.5%,12,4,51,3,6,1,7,3,1,1,4,0,0,0,0,0,7,6,1,1,0,0,0,0,0,0,0,0,0,0,0,0,0,0,0,0,0,1,12,2,12,186,182,258,8,46.2%,71.7%,135,71,58,92,94,182,1,17.6,5,63.6%,22,0.00,27,1,0,0,22,22,57.1%,37,10,4,0.03,0.05,0.08,4,4,0.04,2,4.5%,4.5%
6,10,b84lif9t7gwlw9ou9izawvumt,40345,900,33,Right Centre Back,David Edward,Edgar,D. Edgar,Forge,c2pdzdl3dgf5b0siidn2ay5ii,15377,6lkj3o21cr4g7bql6tb3fk222,Canadian Premier League (Canada),0,0,0,2,2,0,2,0,1,0,0,0,0,0,0,0,0,0,0,1,0,0,0,0,2,59,33,487,263,132,0.95,0,0,0.27,2,1,0,2,2,3,0,0,32,3,0,0,597,20,3,5,14,77,80.0%,53,29,41,3,2,7,0,3,0,0,5,0,0,0,0,0,8,7,1,0,0,0,0,0,0,0,0,0,0,0,0,0,0,0,0,0,0,4,10,0,0,15,363,219,6,48.9%,81.1%,174,4,217,6,269,212,0,23.9,2,72.0%,25,0.00,4,0,2,0,0,0,68.1%,75,2,0,0.36,0.58,0.95,2,8,0.19,5,-,-
7,8,9rwo2uejpeqqkmy6lgacm0ley,481367,720,25,Right Centre Back,Lukas,MacNaughton,L. MacNaughton,Pacific,b3436h8h14zw7f1uv6w9vqf6y,15380,6lkj3o21cr4g7bql6tb3fk222,Canadian Premier League (Canada),0,0,0,1,1,0,0,0,6,1,0,0,0,0,0,1,0,0,1,5,1,0,0,0,1,57,33,488,314,84,0.88,1,0,0.20,0,0,1,0,1,5,1,0,47,3,0,0,592,25,4,9,11,54,86.7%,29,14,40,2,4,7,1,6,3,0,2,0,0,0,0,0,9,9,0,0,0,0,0,0,0,0,0,0,0,0,0,0,0,0,0,0,0,0,13,0,1,18,378,196,9,41.8%,81.6%,139,3,256,8,304,176,0,23.8,2,70.0%,30,0.00,0,0,0,0,1,1,65.7%,44,10,0,0.00,0.88,0.88,1,5,0.13,7,0.0%,0.0%
8,10,334ys3md0ycavngg26g75yi21,244406,875,22,Defensive Midfielder,Matthew,Baldisimo,M. Baldisimo,Pacific,b3436h8h14zw7f1uv6w9vqf6y,15380,6lkj3o21cr4g7bql6tb3fk222,Canadian Premier League (Canada),2,0,0,2,0,2,0,0,3,2,0,0,0,0,0,0,0,0,0,1,0,0,0,2,2,66,22,443,220,135,0.14,0,1,0.70,0,1,1,5,6,10,0,0,54,8,1,1,559,42,8,18,14,53,63.4%,13,5,53,3,6,9,0,7,4,0,2,0,0,0,0,0,12,12,0,0,0,0,0,0,0,0,0,0,0,0,0,0,0,0,0,0,0,1,19,2,6,56,179,324,4,34.1%,80.1%,226,32,97,40,123,280,0,21.7,15,75.0%,12,0.00,30,0,0,0,3,3,58.3%,33,19,1,0.05,0.09,0.14,5,2,0.03,5,0.0%,0.0%
9,11,2zedqkn15thv6wx5xmgv48gd1,140123,879,30,Central Midfielder,Kyle Edward,Bekker,K. Bekker,Forge,c2pdzdl3dgf5b0siidn2ay5ii,15377,6lkj3o21cr4g7bql6tb3fk222,Canadian Premier League (Canada),5,0,1,5,3,2,1,4,4,2,2,0,0,1,0,3,0,3,1,0,1,1,1,5,3,66,28,394,131,169,1.32,3,1,0.83,2,1,5,8,13,7,0,0,40,4,0,0,556,47,7,6,11,42,46.4%,18,10,58,3,1,10,3,5,7,0,5,0,0,2,0,0,9,8,1,0,0,0,0,0,0,0,0,0,0,0,0,0,0,0,0,0,0,1,11,2,7,180,104,272,13,34.0%,76.1%,174,79,47,99,71,224,0,19.7,15,47.1%,17,0.00,17,0,2,2,10,49,53.0%,23,15,4,1.17,0.15,1.32,12,2,0.09,14,14.3%,0.0%
10,9,5m5p9c4iyl4f4j1rr1rdmojfu,481561,638,24,Central Midfielder,Elijah,Adekugbe,E. Adekugbe,Cavalry,41ewt71n8fqwy6trsqta1bjvu,15381,6lkj3o21cr4g7bql6tb3fk222,Canadian Premier League (Canada),3,2,1,4,2,2,0,0,1,1,0,0,0,1,0,1,0,1,0,0,0,1,0,2,3,53,10,420,203,154,0.52,1,1,0.64,1,0,6,7,13,8,0,0,48,6,0,0,547,28,2,10,10,27,75.0%,5,1,42,1,1,5,4,6,10,1,1,0,0,0,0,0,10,10,0,0,0,0,0,0,0,0,0,0,0,0,0,0,0,0,0,0,0,2,14,2,4,117,89,341,2,30.0%,85.0%,256,45,56,55,64,301,0,18.9,4,43.5%,23,0.00,15,0,1,0,5,32,65.1%,12,10,5,0.44,0.09,0.52,12,2,0.10,5,37.5%,40.0%
11,10,4c5w90f125c6det9gu0ljmgnp,481754,900,24,Right Centre Back,Peter,Schaale,P. Schaale,HFX Wanderers,5gmx3o5y2oc0i6rowjwtu7jvu,15376,6lkj3o21cr4g7bql6tb3fk222,Canadian Premier League (Canada),0,0,0,0,0,0,0,0,3,1,0,0,0,1,0,0,0,0,0,2,0,0,0,0,1,93,34,412,179,106,0.31,0,0,0.55,0,1,2,1,3,5,0,0,46,3,0,0,543,41,8,11,10,87,73.1%,55,31,39,5,0,4,0,3,1,0,2,0,0,0,0,0,11,7,4,0,0,0,0,0,0,0,0,0,0,0,0,0,0,0,0,0,0,3,12,2,5,14,325,204,5,64.1%,69.2%,129,5,151,7,222,183,0,26.4,7,51.2%,41,0.00,0,0,0,0,0,0,58.0%,76,11,0,0.00,0.31,0.31,3,6,0.10,3,-,-
12,11,8uqytik44ro3mbkz0s8m163xm,481762,820,25,Defensive Midfielder,Andre,Rampersad,A. Rampersad,HFX Wanderers,5gmx3o5y2oc0i6rowjwtu7jvu,15376,6lkj3o21cr4g7bql6tb3fk222,Canadian Premier League (Canada),2,2,0,0,0,0,0,1,2,1,0,0,0,0,0,0,0,0,0,1,0,0,0,0,1,49,15,388,160,164,0.16,0,2,0.99,0,2,1,8,9,15,1,0,66,14,1,0,531,48,7,9,16,42,57.1%,9,4,66,5,2,5,1,6,13,0,1,0,0,0,0,0,10,7,3,0,0,0,0,0,0,0,0,0,0,0,0,0,0,0,0,0,0,1,12,2,14,97,91,343,10,31.4%,83.5%,234,47,43,57,56,275,0,19.0,12,55.2%,29,0.00,24,0,0,0,5,5,59.8%,21,18,3,0.07,0.09,0.16,7,1,0.05,3,60.0%,60.0%
13,10,7t6lyj5pvvgzfscj775acuqc5,173165,849,24,Right Midfielder,Marco,Bustos,M. Bustos,Pacific,b3436h8h14zw7f1uv6w9vqf6y,15380,6lkj3o21cr4g7bql6tb3fk222,Canadian Premier League (Canada),5,0,1,11,10,1,5,2,8,3,3,0,0,0,0,5,0,5,1,2,2,3,1,13,2,39,11,334,97,187,2.68,5,3,2.20,4,4,4,12,16,31,5,2,60,18,2,1,528,46,0,2,4,7,22.2%,1,1,53,4,3,6,8,4,23,2,2,0,0,0,0,0,11,11,0,0,0,0,0,0,0,0,0,0,0,0,0,0,0,0,0,0,0,3,17,4,12,250,41,237,43,25.7%,85.0%,153,112,19,132,30,172,2,17.3,7,66.7%,9,0.00,19,2,4,4,19,30,66.3%,4,1,2,2.43,0.25,2.68,13,0,0.10,26,23.3%,31.6%
14,8,1mcgu1zocg8bwfrncptuvfm51,90443,720,34,Central Defender,Mason,Trafford,M. Trafford,Cavalry,41ewt71n8fqwy6trsqta1bjvu,15381,6lkj3o21cr4g7bql6tb3fk222,Canadian Premier League (Canada),0,0,0,1,1,0,0,0,1,0,0,0,0,0,0,0,0,0,0,1,0,0,0,0,1,45,19,444,313,67,0.33,0,0,0.46,0,1,2,1,3,1,0,0,25,0,0,0,517,20,2,8,11,47,66.7%,25,10,31,2,3,3,0,4,1,0,3,0,0,0,0,0,8,7,1,0,0,0,0,0,0,0,0,0,0,0,0,0,0,0,0,0,0,0,11,0,0,21,312,184,6,32.0%,85.6%,140,9,231,12,261,171,0,22.0,5,52.6%,19,0.00,4,0,0,0,1,1,61.3%,38,7,2,0.28,0.05,0.33,3,2,0.16,2,100.0%,100.0%
15,10,3wyn5e0uz5jfilp065m3qynoq,501450,707,25,Central Midfielder,Aboubacar,Sissoko,A. Sissoko,HFX Wanderers,5gmx3o5y2oc0i6rowjwtu7jvu,15376,6lkj3o21cr4g7bql6tb3fk222,Canadian Premier League (Canada),2,2,0,1,0,1,0,1,3,2,0,0,0,0,0,0,0,0,0,0,0,0,0,1,3,51,19,397,163,164,0.28,0,0,0.14,1,0,1,2,3,12,1,1,46,11,1,0,516,46,4,16,6,40,66.7%,13,8,52,2,3,5,2,4,5,0,2,0,0,0,0,0,8,5,3,0,0,0,0,0,0,0,0,0,0,0,0,0,0,0,0,0,0,0,10,0,15,72,149,295,7,39.0%,82.4%,212,35,80,46,103,248,0,18.6,10,33.3%,15,0.00,24,0,1,0,1,1,67.1%,26,12,2,0.20,0.08,0.28,3,6,0.06,5,0.0%,0.0%
16,9,bxbh5i1uqhe22e2cft5x6fl2i,425644,738,21,Right Back,Chrisnovic,N'Sa,C. N'Sa,HFX Wanderers,5gmx3o5y2oc0i6rowjwtu7jvu,15376,6lkj3o21cr4g7bql6tb3fk222,Canadian Premier League (Canada),2,1,0,0,0,0,1,0,2,1,1,0,0,0,0,0,0,0,0,0,0,0,0,2,0,40,26,240,82,92,0.17,0,0,0.06,0,0,0,1,1,20,0,0,59,11,1,0,509,40,7,16,17,65,82.1%,22,8,37,2,3,5,6,8,3,1,2,0,0,0,0,0,9,5,4,0,0,0,0,0,0,0,0,0,0,0,0,0,0,0,0,0,0,0,9,4,12,134,180,195,8,45.8%,72.5%,83,40,51,49,74,117,0,18.4,5,47.1%,17,0.00,20,0,0,0,17,17,50.0%,51,11,3,0.12,0.05,0.17,1,4,0.06,3,5.9%,5.9%
17,9,c71o8hujd9joixq9ge68i4qg9,156664,709,25,Left Midfielder,Nathan,Mavila,N. Mavila,Cavalry,41ewt71n8fqwy6trsqta1bjvu,15381,6lkj3o21cr4g7bql6tb3fk222,Canadian Premier League (Canada),3,1,0,6,2,4,0,0,4,0,4,2,2,2,0,2,1,1,0,0,0,2,1,8,2,47,22,255,117,69,2.22,3,1,1.10,3,2,6,5,11,23,0,0,42,10,1,1,495,51,4,6,10,27,62.5%,6,3,42,6,5,10,1,6,4,0,2,0,0,1,0,0,9,8,1,0,0,0,0,0,0,0,0,0,0,0,0,0,0,0,0,0,0,1,13,8,8,140,150,205,12,40.4%,72.9%,92,31,63,37,93,125,1,21.8,6,60.0%,20,0.00,15,1,3,2,31,46,47.6%,16,8,3,0.53,1.69,0.64,10,1,0.22,10,19.6%,12.9%
18,10,6rsihixcpnuyulgk4giwpzvth,228121,721,26,Right Back,Dominic,Samuel,D. Samuel,Forge,c2pdzdl3dgf5b0siidn2ay5ii,15377,6lkj3o21cr4g7bql6tb3fk222,Canadian Premier League (Canada),2,2,0,0,0,0,0,0,2,1,0,0,0,0,0,0,0,0,0,1,0,0,0,0,1,45,23,277,105,104,0.68,0,0,0.21,1,0,0,2,2,17,1,1,59,11,0,0,491,33,9,7,10,47,80.0%,20,8,31,2,7,3,3,8,6,0,4,0,0,0,0,0,8,8,0,0,0,0,0,0,0,0,0,0,0,0,0,0,0,0,0,0,0,2,13,2,10,114,183,194,7,50.5%,75.5%,111,30,68,41,97,139,0,18.8,4,81.0%,21,0.00,25,0,1,0,9,9,63.6%,35,9,3,0.04,0.64,0.68,2,2,0.34,2,22.2%,22.2%
19,7,57sscey83fcglkmcrtpp28k5,90727,630,31,Left Centre Back,Ramon,Soria,Soria,Edmonton,73xrv2025rnj0t3y9ayp83bec,6925,6lkj3o21cr4g7bql6tb3fk222,Canadian Premier League (Canada),0,0,0,0,0,0,1,0,1,0,0,0,0,0,0,0,0,0,0,1,0,0,0,0,0,51,25,414,225,113,0.14,0,0,0.18,0,0,0,3,3,2,0,0,29,1,0,0,484,21,5,5,7,35,50.0%,18,8,40,1,0,6,0,4,0,2,0,0,0,0,0,0,14,12,2,0,0,0,0,0,0,0,0,0,0,0,0,0,0,0,0,0,0,1,15,0,0,13,281,190,2,50.2%,81.6%,147,4,187,4,236,174,0,23.6,10,70.0%,20,0.00,0,0,0,0,3,5,66.3%,29,6,0,0.00,0.14,0.14,3,3,0.07,2,0.0%,0.0%
20,10,49rr75teem0kobuhr4cesh756,484653,611,21,Right Midfielder,Mohamed,Farsi,M. Farsi,Cavalry,41ewt71n8fqwy6trsqta1bjvu,15381,6lkj3o21cr4g7bql6tb3fk222,Canadian Premier League (Canada),3,3,0,2,2,0,1,0,1,1,0,0,0,0,0,1,0,1,0,0,0,0,1,0,3,53,13,253,94,93,0.44,1,1,0.78,1,1,1,5,6,15,1,0,47,5,1,0,482,31,7,8,11,40,68.2%,10,5,49,1,1,5,6,4,10,0,3,0,0,0,0,0,7,6,1,1,0,0,0,0,0,0,0,0,0,0,0,0,0,0,0,0,0,2,11,6,5,191,107,184,19,30.0%,73.9%,90,60,37,86,51,116,0,18.8,7,50.0%,14,0.00,16,0,1,1,35,36,44.7%,24,9,7,0.44,0.00,0.44,5,0,0.11,4,27.8%,28.6%
21,7,1yufrkhruoxnyg54sxgduilt5,423654,617,24,Right Back,Jeannot,Esua,J. Esua,Edmonton,73xrv2025rnj0t3y9ayp83bec,6925,6lkj3o21cr4g7bql6tb3fk222,Canadian Premier League (Canada),1,0,0,1,1,0,0,0,3,1,0,0,0,0,0,0,0,0,0,2,1,0,0,1,0,40,11,275,124,100,0.88,0,0,0.45,1,1,0,3,3,22,0,0,42,11,0,0,471,24,2,3,12,44,71.4%,24,14,54,2,2,2,3,9,5,2,0,0,0,0,0,0,14,12,2,0,0,0,0,0,0,0,0,0,0,0,0,0,0,0,0,0,0,1,15,2,4,97,171,203,4,36.7%,81.5%,126,30,68,35,91,149,0,20.5,2,81.8%,11,0.00,0,0,1,0,25,25,66.3%,33,8,3,0.00,0.88,0.88,3,1,0.22,4,8.0%,8.0%
22,7,653qyopyxl1qrfmul2n3m5g16,481743,630,26,Right Back,Morey,Doner,M. Doner,York United,cqthcpums3aas2tdy0qhlkuwa,15382,6lkj3o21cr4g7bql6tb3fk222,Canadian Premier League (Canada),0,0,0,0,0,0,0,0,0,0,0,0,0,0,0,0,0,0,0,0,0,0,0,0,0,28,21,283,112,122,0.00,0,0,0.29,0,0,0,6,6,11,1,1,20,6,0,0,467,20,1,4,12,29,71.4%,10,6,35,0,1,3,3,2,1,0,2,0,0,0,0,0,7,6,1,0,0,0,0,0,0,0,0,0,0,0,0,0,0,0,0,0,0,0,10,0,4,128,139,200,4,35.0%,82.7%,118,61,55,68,73,142,0,16.3,2,37.5%,8,0.00,0,0,0,0,21,21,63.6%,21,7,1,0.00,0.00,0.00,6,2,-,0,19.0%,19.0%
22,11,1i7a6katii8fnxncnyun4nyzt,243856,945,26,Left Centre Back,Jems,Geffrard,J. Geffrard,HFX Wanderers,5gmx3o5y2oc0i6rowjwtu7jvu,15376,6lkj3o21cr4g7bql6tb3fk222,Canadian Premier League (Canada),1,0,0,2,2,0,0,0,1,0,0,0,0,0,0,0,0,0,0,1,2,0,0,0,0,38,31,369,247,53,0.13,0,0,0.04,0,0,0,1,1,3,0,0,26,2,0,0,467,17,3,3,15,62,85.7%,39,21,37,1,4,3,0,4,1,0,2,0,0,0,0,0,15,11,4,0,0,0,0,0,0,0,0,0,0,0,0,0,0,0,0,0,0,1,16,2,0,10,327,130,4,46.1%,81.3%,96,4,200,6,247,116,0,20.9,1,59.1%,22,0.00,0,0,0,0,0,0,65.3%,53,9,0,0.00,0.13,0.13,1,7,0.04,3,-,-
24,7,cfx0kdkw50a9417og40fqqled,160292,630,29,Right Centre Back,Roger,Thompson,R. Thompson,York United,cqthcpums3aas2tdy0qhlkuwa,15382,6lkj3o21cr4g7bql6tb3fk222,Canadian Premier League (Canada),0,0,0,0,0,0,0,0,2,0,0,0,0,0,0,0,0,0,0,2,0,0,0,0,0,70,22,392,177,123,0.09,0,0,0.22,0,0,0,6,6,1,0,0,32,1,0,0,460,18,6,4,13,51,66.7%,28,15,32,1,1,3,0,0,2,0,2,0,0,0,0,0,7,6,1,0,0,0,0,0,0,0,0,0,0,0,0,0,0,0,0,0,0,0,10,0,1,20,236,204,12,55.6%,76.5%,153,5,142,14,188,190,0,23.8,5,74.1%,27,0.00,0,0,0,0,1,1,67.4%,41,10,0,0.00,0.09,0.09,6,2,0.05,2,0.0%,0.0%
25,10,3176i3h6iv1ufsp88prhhmjqi,209693,627,22,Central Midfielder,Elliot,Simmons,E. Simmons,Cavalry,41ewt71n8fqwy6trsqta1bjvu,15381,6lkj3o21cr4g7bql6tb3fk222,Canadian Premier League (Canada),0,4,0,0,0,0,0,1,1,1,0,0,0,0,0,0,0,0,0,0,0,0,0,0,1,42,25,372,160,145,0.07,0,0,0.74,0,1,0,6,6,9,0,0,25,6,1,1,457,43,5,6,13,26,39.3%,1,0,58,1,2,6,0,0,1,0,2,0,0,0,0,0,7,6,1,0,0,0,0,0,0,0,0,0,0,0,0,0,0,0,0,0,0,1,12,0,6,57,99,301,0,36.6%,82.0%,217,33,55,40,74,258,0,17.5,17,46.7%,15,0.00,27,0,0,0,2,5,64.7%,10,15,1,0.07,0.00,0.07,6,1,0.03,2,40.0%,100.0%
26,11,bzfamx9nfvg0cwshyldxiea5l,229907,752,21,Central Midfielder,Paolo,Sabak,P. Sabak,Forge,c2pdzdl3dgf5b0siidn2ay5ii,15377,6lkj3o21cr4g7bql6tb3fk222,Canadian Premier League (Canada),6,3,0,3,2,1,0,2,8,3,5,2,2,1,0,2,0,0,0,0,0,0,2,3,8,58,17,334,97,162,2.50,2,2,1.93,3,3,3,9,12,20,2,1,44,13,1,0,447,43,4,4,6,19,40.0%,4,4,49,3,3,8,6,7,8,1,4,0,0,0,0,0,6,5,1,0,0,0,0,0,0,0,0,0,0,0,0,0,0,0,0,0,0,1,7,2,6,165,83,199,18,39.2%,77.5%,134,84,41,111,58,165,0,17.7,12,33.3%,9,0.00,17,0,3,2,7,9,64.1%,9,7,3,0.81,1.69,0.92,10,1,0.19,13,11.1%,0.0%
27,10,6re5keaha87h6kc01848h53ah,243956,644,26,Left Midfielder,Victor,Blasco,Victor Blasco,Pacific,b3436h8h14zw7f1uv6w9vqf6y,15380,6lkj3o21cr4g7bql6tb3fk222,Canadian Premier League (Canada),5,2,0,3,3,0,1,6,9,3,6,0,0,1,0,2,0,2,0,0,0,0,2,0,12,57,4,241,56,124,2.92,2,2,2.16,5,1,5,10,15,39,4,2,59,26,0,0,441,47,5,10,4,22,75.0%,3,3,46,5,3,3,5,4,5,3,1,0,0,0,0,0,7,7,0,0,0,0,0,0,0,0,0,0,0,0,0,0,0,0,0,0,0,2,15,6,11,221,44,176,32,20.7%,74.7%,97,66,17,103,20,118,2,16.6,5,28.6%,14,0.00,17,2,5,2,16,42,52.0%,12,7,3,2.73,0.19,2.92,13,0,0.15,19,28.6%,25.0%
28,10,4ux10kolns6m5lgd64wumjfth,197038,648,25,Central Midfielder,Louis,Béland-Goyette,L. Béland-Goyette,HFX Wanderers,5gmx3o5y2oc0i6rowjwtu7jvu,15376,6lkj3o21cr4g7bql6tb3fk222,Canadian Premier League (Canada),3,3,0,0,0,0,1,1,2,2,0,0,0,0,0,0,0,0,0,0,0,0,0,0,2,57,16,347,149,125,0.15,0,0,0.68,0,1,0,8,8,11,0,0,27,8,0,0,440,52,4,9,12,35,43.3%,9,3,55,4,1,18,0,1,2,0,1,0,0,0,0,0,13,10,3,0,0,0,0,0,0,0,0,0,0,0,0,0,0,0,0,0,0,3,13,0,8,56,116,268,1,36.6%,79.0%,173,31,70,42,87,218,0,18.5,17,60.0%,5,0.00,24,0,0,0,4,6,61.4%,19,16,0,0.12,0.03,0.15,8,2,0.04,4,0.0%,0.0%
29,11,8ad2vcq9xcul0kkfms8qo0wk5,183434,792,24,Central Midfielder,Alexander Börje,Achinioti-Jönsson,A. Achinioti-Jönsson,Forge,c2pdzdl3dgf5b0siidn2ay5ii,15377,6lkj3o21cr4g7bql6tb3fk222,Canadian Premier League (Canada),3,2,1,4,4,0,0,0,2,0,1,0,0,0,0,3,0,0,2,1,2,0,1,0,3,37,25,338,163,113,2.39,3,0,0.00,4,0,0,0,0,1,0,0,48,1,0,0,434,30,8,10,22,46,78.3%,6,3,40,1,3,8,5,2,6,0,4,0,1,0,0,0,9,8,1,0,0,0,0,0,0,0,0,0,0,0,0,0,0,0,0,0,0,1,13,0,1,49,150,235,9,34.3%,81.7%,167,21,88,29,111,198,0,20.5,5,57.1%,28,0.00,8,0,4,3,1,1,59.5%,23,20,3,0.37,2.02,2.39,0,4,0.40,6,0.0%,0.0%
30,8,7whdjeubz6xgvlxtl91z93idx,173167,465,24,Left Back,Jordan,Haynes,J. Haynes,Pacific,b3436h8h14zw7f1uv6w9vqf6y,15380,6lkj3o21cr4g7bql6tb3fk222,Canadian Premier League (Canada),0,4,0,0,0,0,0,0,0,0,0,0,0,0,0,0,0,0,0,0,0,0,0,0,0,51,36,301,120,94,0.00,0,0,0.03,0,0,0,1,1,2,0,0,33,2,0,0,428,19,5,8,7,34,65.0%,14,11,30,2,3,0,0,4,1,0,0,0,0,0,0,0,8,8,0,0,0,0,0,0,0,0,0,0,0,0,0,0,0,0,0,0,0,2,15,0,0,40,167,221,0,53.8%,71.1%,136,14,64,19,107,175,0,21.5,7,68.2%,22,0.00,0,0,0,0,6,6,51.9%,29,4,1,0.00,0.00,0.00,1,2,-,0,33.3%,33.3%
31,7,ddyudctrqh7j4vqoofwg0oull,232384,630,21,Right Back,Malyk,Hamilton,M. Hamilton,Atlético Ottawa,dn8tjhuq0bax4dgixqvluhzze,16614,6lkj3o21cr4g7bql6tb3fk222,Canadian Premier League (Canada),0,0,0,0,0,0,0,0,0,0,0,0,0,0,0,0,0,0,0,0,0,0,0,0,0,26,24,272,101,121,0.00,0,1,0.48,0,1,0,5,5,6,0,0,22,2,0,0,427,28,6,7,9,37,59.1%,12,3,44,6,3,1,0,2,1,0,2,0,1,0,0,0,12,10,2,0,0,0,0,0,0,0,0,0,0,0,0,0,0,0,0,0,0,0,18,2,4,108,140,179,3,47.4%,81.6%,111,54,57,59,76,137,0,15.2,9,57.1%,7,0.00,0,0,0,0,26,26,71.3%,28,8,1,0.00,0.00,0.00,4,0,-,0,15.4%,15.4%
32,7,ckozved8umsj42boq3tte1byt,39226,442,34,Left Back,Marcel,de Jong,M. de Jong,Pacific,b3436h8h14zw7f1uv6w9vqf6y,15380,6lkj3o21cr4g7bql6tb3fk222,Canadian Premier League (Canada),4,1,0,2,1,1,1,0,4,3,1,0,0,1,0,0,0,0,0,0,0,0,0,3,3,49,21,257,86,101,0.27,0,0,0.73,0,1,2,7,9,9,1,1,23,4,0,0,410,11,0,9,10,35,90.0%,14,8,22,0,2,1,1,3,0,0,2,0,0,0,0,0,6,6,0,0,0,0,0,0,0,0,0,0,0,0,0,0,0,0,0,0,0,0,6,4,2,97,133,180,6,59.9%,72.8%,115,21,51,24,89,144,0,22.1,1,75.0%,8,0.00,18,0,0,0,19,24,64.9%,23,10,2,0.17,0.10,0.27,9,3,0.04,7,20.8%,21.1%
33,10,7yio8rqcy9vth90ps5f5j0s0l,243904,626,23,Left Back,Mateo,Restrepo,M. Restrepo,HFX Wanderers,5gmx3o5y2oc0i6rowjwtu7jvu,15376,6lkj3o21cr4g7bql6tb3fk222,Canadian Premier League (Canada),1,4,0,0,0,0,0,0,0,0,0,0,0,0,0,0,0,0,0,0,0,0,0,0,0,40,35,245,92,78,0.00,0,0,0.21,0,0,0,2,2,1,0,0,47,0,0,0,408,32,10,21,17,74,72.1%,20,7,38,3,2,9,0,3,2,0,1,0,0,1,0,0,8,4,4,0,0,0,0,0,0,0,0,0,0,0,0,0,0,0,0,0,0,1,8,0,2,68,163,177,3,43.7%,69.4%,87,37,46,42,79,124,0,17.6,12,70.6%,17,0.00,0,0,0,0,6,6,44.9%,56,16,2,0.00,0.00,0.00,2,0,-,0,50.0%,50.0%
34,7,6o11en42rzgf741oqqlu9a47p,159509,630,25,Left Centre Back,Luca,Gasparotto,L. Gasparotto,York United,cqthcpums3aas2tdy0qhlkuwa,15382,6lkj3o21cr4g7bql6tb3fk222,Canadian Premier League (Canada),0,0,0,2,2,0,1,0,4,0,0,0,0,0,0,0,0,0,0,4,2,0,0,0,0,22,28,306,202,54,0.46,0,0,0.00,0,0,0,0,0,0,0,0,34,0,0,0,398,16,4,5,14,66,81.8%,43,29,20,1,1,3,0,0,2,0,2,0,0,0,0,0,7,6,1,0,0,0,0,0,0,0,0,0,0,0,0,0,0,0,0,0,0,2,10,0,2,10,275,113,7,47.1%,83.7%,90,3,163,3,199,104,0,21.5,2,76.7%,30,0.00,0,0,0,0,0,0,70.1%,63,3,0,0.00,0.46,0.46,0,4,0.07,7,-,-
35,6,8xiikcvufow3u6jo0opzhtip5,243903,479,22,Left Centre Back,Robert,Boskovic,R. Boskovic,Cavalry,41ewt71n8fqwy6trsqta1bjvu,15381,6lkj3o21cr4g7bql6tb3fk222,Canadian Premier League (Canada),2,0,0,0,0,0,0,0,3,1,0,0,0,0,0,0,0,0,0,2,0,0,0,1,0,47,21,335,180,87,0.13,0,0,0.00,0,0,0,0,0,3,0,0,25,1,0,0,396,18,6,4,9,27,71.4%,7,3,32,1,1,5,0,2,2,1,2,0,1,0,0,0,5,5,0,0,0,0,0,0,0,0,0,0,0,0,0,0,0,0,0,0,0,2,10,2,1,8,180,208,3,45.1%,79.7%,145,3,119,4,148,183,0,22.2,4,62.5%,16,0.00,30,0,0,0,0,0,62.3%,16,11,0,0.03,0.11,0.13,0,1,0.04,3,-,-
36,6,7yfwpe3tltsxez80puqy7hoet,95575,540,28,Central Midfielder,Joseph,Di Chiara,J. Di Chiara,York United,cqthcpums3aas2tdy0qhlkuwa,15382,6lkj3o21cr4g7bql6tb3fk222,Canadian Premier League (Canada),0,0,1,6,4,2,1,3,2,0,1,2,2,1,0,3,0,0,1,0,1,0,2,2,5,29,10,285,108,138,2.12,3,0,0.27,2,0,1,4,5,11,0,0,42,5,0,0,392,44,4,9,6,26,65.0%,7,3,38,6,2,7,6,6,8,1,1,0,0,0,0,0,7,6,1,1,0,0,0,0,0,0,0,0,0,0,0,0,0,0,0,0,0,5,10,0,7,117,82,193,22,26.7%,86.3%,148,52,46,65,51,169,0,17.6,7,26.7%,15,0.00,20,0,2,2,4,9,71.1%,13,9,4,0.29,1.83,0.54,5,3,0.18,12,66.7%,50.0%
37,7,16q3kpp7uxqjn9993xd5woauh,213571,489,23,Central Midfielder,Diego,Gutiérrez,D. Gutiérrez,Valour,dd2vf0yzjm7jm7cak9tf11sa2,15378,6lkj3o21cr4g7bql6tb3fk222,Canadian Premier League (Canada),1,2,0,0,0,0,1,1,1,1,0,0,0,0,0,0,0,0,0,0,0,0,0,0,1,41,9,308,120,138,0.12,0,0,0.12,0,0,1,1,2,5,0,0,20,3,0,0,388,26,2,7,9,21,56.3%,3,1,36,2,4,4,1,2,3,0,2,0,0,0,0,0,4,4,0,0,0,0,0,0,0,0,0,0,0,0,0,0,0,0,0,0,0,1,8,0,6,81,67,240,5,29.5%,83.8%,174,44,40,57,48,203,0,18.2,7,60.0%,5,0.00,0,0,0,0,2,7,70.3%,9,11,1,0.00,0.12,0.12,2,1,0.04,3,42.9%,100.0%
38,7,9bu481g5htyonfco9whsamve2,483062,617,30,Right Attacking Midfielder,Mohamed,Kourouma,M. Kourouma,Atlético Ottawa,dn8tjhuq0bax4dgixqvluhzze,16614,6lkj3o21cr4g7bql6tb3fk222,Canadian Premier League (Canada),1,0,0,6,3,3,1,2,5,4,1,0,0,4,0,1,0,1,0,0,1,1,0,9,1,43,12,239,63,121,1.61,1,0,0.57,2,1,3,3,6,18,0,0,39,11,0,0,383,41,7,7,3,18,66.7%,1,1,40,4,3,5,4,1,7,0,2,0,0,0,0,0,11,9,2,0,0,0,0,0,0,0,0,0,0,0,0,0,0,0,0,0,0,1,16,2,8,177,54,152,10,32.2%,77.0%,82,77,25,93,36,110,0,17.2,7,21.4%,14,0.00,20,0,2,1,13,32,61.0%,10,4,4,1.00,0.60,1.61,6,0,0.11,14,15.6%,0.0%
39,6,622w13rktz2os2jlo286col3p,168505,530,25,Central Midfielder,Manuel,Aparicio,M. Aparicio,York United,cqthcpums3aas2tdy0qhlkuwa,15382,6lkj3o21cr4g7bql6tb3fk222,Canadian Premier League (Canada),2,0,1,3,1,2,1,0,6,5,0,0,0,3,2,0,2,0,0,0,0,0,2,1,8,40,18,271,66,147,0.44,2,0,0.62,0,1,0,10,10,22,1,0,36,12,0,0,379,40,5,9,8,22,66.7%,0,0,39,4,2,8,3,4,3,2,2,0,0,0,0,0,4,3,1,0,0,0,0,0,0,0,0,0,0,0,0,0,0,0,0,0,0,2,8,8,10,98,60,221,5,40.2%,78.6%,149,43,21,54,33,184,0,19.4,7,0.0%,3,0.00,33,0,0,0,5,9,63.3%,13,7,2,0.13,0.31,0.44,10,1,0.04,10,11.1%,20.0%
40,7,13wkddshf1c9zrygeg7r3s6w9,421818,630,20,Right Centre Back,Julian,Dunn-Johnson,J. Dunn-Johnson,Valour,dd2vf0yzjm7jm7cak9tf11sa2,15378,6lkj3o21cr4g7bql6tb3fk222,Canadian Premier League (Canada),0,0,0,0,0,0,0,0,0,0,0,0,0,0,0,0,0,0,0,0,0,0,0,0,0,36,16,281,174,55,0.00,0,0,0.07,0,0,1,1,2,6,0,0,38,2,0,0,378,29,9,7,11,51,80.0%,22,14,32,4,3,1,0,2,1,0,2,0,0,1,0,0,9,8,1,0,0,0,0,0,0,0,0,0,0,0,0,0,0,0,0,0,0,0,12,2,6,19,256,103,11,50.5%,81.5%,73,2,154,9,181,91,0,21.5,4,65.4%,26,0.00,0,0,0,0,1,1,71.8%,46,5,0,0.00,0.00,0.00,2,7,-,0,0.0%,0.0%
41,10,cdaayu6d9xzn4gyn5jg5p6vl6,481567,900,27,Goalkeeper,Triston,Henry,T. Henry,Forge,c2pdzdl3dgf5b0siidn2ay5ii,15377,6lkj3o21cr4g7bql6tb3fk222,Canadian Premier League (Canada),0,0,0,0,0,0,0,0,0,0,0,0,0,0,0,0,0,0,0,0,0,0,0,0,0,29,13,260,204,14,0.00,0,0,0.00,0,0,0,0,0,0,0,0,12,0,0,0,366,0,0,0,0,4,-,4,0,5,0,0,0,0,6,0,0,5,4,0,0,1,8,8,7,1,0,23,1,0,11,12,0,0,22,16,7,1,11,0,4,6,0,0,0,10,0,0,0,365,1,0,37.3%,83.8%,1,0,217,0,259,1,0,26.8,0,100.0%,8,8.49,0,0,0,0,0,0,61.9%,4,0,0,0.00,0.00,0.00,0,0,-,0,-,-
42,8,c8gbyfp650fgai5782915ywa1,210185,539,25,Central Midfielder,Elimane Oumar,Cissé,E. Cissé,Forge,c2pdzdl3dgf5b0siidn2ay5ii,15377,6lkj3o21cr4g7bql6tb3fk222,Canadian Premier League (Canada),1,2,0,3,3,0,0,0,2,0,2,0,0,0,0,0,0,0,0,0,1,0,0,1,3,36,7,213,74,96,0.67,0,0,0.82,1,1,0,3,3,25,3,1,46,12,0,0,356,37,5,12,4,33,73.9%,9,6,45,6,3,1,7,0,5,1,1,0,0,0,0,0,7,6,1,0,0,0,0,0,0,0,0,0,0,0,0,0,0,0,0,0,0,0,8,6,7,126,82,148,13,30.5%,79.8%,87,51,32,68,39,106,2,16.1,6,55.6%,9,0.00,12,2,1,0,6,8,66.2%,22,8,3,0.64,0.03,0.67,3,0,0.13,5,37.5%,33.3%
43,5,7w93cfaszi89ex6xdf9tgkp9l,199141,450,25,Right Centre Back,Mélé,Temguia,M. Temguia,Edmonton,73xrv2025rnj0t3y9ayp83bec,6925,6lkj3o21cr4g7bql6tb3fk222,Canadian Premier League (Canada),0,0,0,1,1,0,2,0,2,0,0,0,0,0,0,0,0,0,0,1,0,0,0,1,1,27,14,269,155,73,0.44,0,0,0.00,0,0,0,0,0,6,1,0,33,4,0,0,353,23,6,10,12,45,88.9%,15,7,34,7,3,3,0,3,4,0,0,0,0,0,0,0,11,10,1,0,0,0,0,0,0,0,0,0,0,0,0,0,0,0,0,0,0,0,12,0,3,17,187,149,8,43.5%,84.8%,106,6,116,8,137,124,0,20.8,2,60.0%,10,0.00,0,0,0,0,1,1,74.4%,34,11,0,0.00,0.44,0.44,0,3,0.09,5,0.0%,0.0%
44,7,eb8zwnam8ieg4y7xra9x5on9x,57342,531,32,Centre Attacking Midfielder,Francisco Javier,Acuña Víctor,F. Acuña,Atlético Ottawa,dn8tjhuq0bax4dgixqvluhzze,16614,6lkj3o21cr4g7bql6tb3fk222,Canadian Premier League (Canada),4,0,0,3,3,0,0,0,0,0,0,0,0,0,0,2,0,2,0,0,0,0,2,0,3,33,6,237,57,141,0.38,2,2,1.11,1,1,1,10,11,20,0,0,31,12,2,1,352,38,3,8,2,14,52.4%,0,0,33,1,0,3,3,3,2,3,2,0,0,0,0,0,4,3,1,0,0,0,0,0,0,0,0,0,0,0,0,0,0,0,0,0,0,2,13,2,14,159,27,166,12,26.6%,83.5%,110,76,12,94,16,127,1,14.1,10,0.0%,3,0.00,15,1,1,1,5,16,69.8%,5,9,0,0.38,0.00,0.38,9,0,0.13,3,6.3%,20.0%
45,7,4tus0wc9k482jmoncnstteelm,481577,501,25,Defensive Midfielder,Raphael,Ohin,R. Ohin,Valour,dd2vf0yzjm7jm7cak9tf11sa2,15378,6lkj3o21cr4g7bql6tb3fk222,Canadian Premier League (Canada),3,1,0,2,0,2,1,4,2,2,0,0,0,0,0,0,0,0,0,0,0,0,0,0,4,24,13,282,140,105,0.28,0,0,0.50,0,1,0,3,3,4,0,0,23,3,1,1,348,25,4,3,9,21,58.3%,4,2,36,2,5,3,1,2,7,0,2,0,0,0,0,0,5,4,1,0,0,0,0,0,0,0,0,0,0,0,0,0,0,0,0,0,0,1,5,0,7,39,136,173,2,39.0%,86.9%,135,19,91,23,108,151,0,18.8,5,57.1%,7,0.00,26,0,0,0,0,0,70.9%,16,4,1,0.26,0.02,0.28,3,1,0.03,9,-,-
46,7,6mmfo5q4m9zdbpl1cgqv5muhh,164958,537,26,Centre Attacking Midfielder,Keven Steven,Alemán Bustos,K. Alemán,Edmonton,73xrv2025rnj0t3y9ayp83bec,6925,6lkj3o21cr4g7bql6tb3fk222,Canadian Premier League (Canada),4,0,0,1,1,0,2,2,6,2,3,0,0,0,0,1,0,1,0,0,0,1,0,7,0,34,6,214,77,97,1.01,1,0,1.61,1,2,6,2,8,33,2,0,42,13,0,0,342,43,2,8,1,13,58.8%,2,0,29,0,1,5,2,4,12,1,0,0,0,0,0,0,11,9,2,0,0,0,0,0,0,0,0,0,0,0,0,0,0,0,0,0,0,1,11,10,10,127,25,190,12,22.4%,81.3%,110,50,14,61,15,138,0,18.7,7,25.0%,8,0.00,17,0,1,1,4,20,58.3%,3,6,4,0.87,0.15,1.01,8,0,0.09,11,35.0%,0.0%
47,9,7tmc8hrkee4lo05qa26i7e5zp,173159,810,24,Goalkeeper,Marco,Carducci,M. Carducci,Cavalry,41ewt71n8fqwy6trsqta1bjvu,15381,6lkj3o21cr4g7bql6tb3fk222,Canadian Premier League (Canada),0,0,0,0,0,0,0,0,0,0,0,0,0,0,0,0,0,0,0,0,0,0,0,0,0,67,20,279,158,34,0.00,0,0,0.00,0,0,0,0,0,0,0,0,3,0,0,0,340,1,0,0,0,4,-,4,0,12,0,1,0,0,2,0,0,3,1,0,0,2,0,10,9,1,0,10,0,2,3,4,0,0,10,6,4,2,3,4,2,0,0,0,1,15,0,0,0,339,1,0,63.8%,68.8%,0,0,192,0,278,1,0,34.2,0,-,0,8.81,0,0,0,0,0,0,52.2%,4,0,0,0.00,0.00,0.00,0,0,-,0,-,-
48,7,csicvwhik2guponydus9zt0x5,223629,465,23,Central Midfielder,Erik,Zetterberg,E. Zetterberg,Edmonton,73xrv2025rnj0t3y9ayp83bec,6925,6lkj3o21cr4g7bql6tb3fk222,Canadian Premier League (Canada),2,1,0,1,0,1,0,1,3,3,0,0,0,2,0,0,0,0,0,0,0,0,0,0,4,43,10,261,100,108,0.20,0,0,0.76,0,1,5,3,8,8,0,0,18,3,0,0,334,23,4,4,9,18,57.1%,0,0,29,1,1,4,2,2,3,0,0,0,1,0,0,0,13,11,2,0,0,0,0,0,0,0,0,0,0,0,0,0,0,0,0,0,0,2,12,2,6,51,45,238,0,37.2%,79.7%,165,17,26,25,36,200,0,24.2,6,0.0%,1,0.00,24,0,0,0,0,14,61.9%,4,13,1,0.07,0.12,0.20,8,0,0.04,5,21.4%,-
48,6,7ta110w4agnmtkjsfpgilj2wa,481559,459,32,Central Defender,Jonathan,Wheeldon,J. Wheeldon,Cavalry,41ewt71n8fqwy6trsqta1bjvu,15381,6lkj3o21cr4g7bql6tb3fk222,Canadian Premier League (Canada),1,0,0,0,0,0,0,0,1,1,0,0,0,0,0,0,0,0,0,0,0,0,0,0,1,34,16,284,173,61,0.02,0,0,0.00,0,0,0,0,0,0,0,0,17,0,0,0,334,18,1,2,7,33,75.0%,23,8,21,0,3,7,0,1,1,0,1,0,0,0,0,0,6,5,1,0,0,0,0,0,0,0,0,0,0,0,0,0,0,0,0,1,0,2,8,0,0,3,220,111,0,43.0%,82.4%,84,2,148,2,180,102,0,24.1,1,60.0%,20,0.00,31,0,0,0,0,0,66.4%,28,5,0,0.02,0.00,0.02,0,3,0.02,1,-,-
50,6,ex56fczses29ox8kg1fvaodm1,469158,540,23,Central Midfielder,Víctor,Martínez Manrique,Viti,Atlético Ottawa,dn8tjhuq0bax4dgixqvluhzze,16614,6lkj3o21cr4g7bql6tb3fk222,Canadian Premier League (Canada),0,0,1,4,2,2,0,0,3,1,1,0,0,1,0,1,0,0,0,1,0,0,1,2,4,40,13,246,112,81,0.91,1,0,0.00,1,0,0,0,0,12,0,0,26,7,0,0,326,35,3,7,9,25,47.6%,6,4,29,3,1,8,1,1,3,0,2,0,0,0,0,0,10,8,2,0,0,0,0,0,0,0,0,0,0,0,0,0,0,0,0,0,0,2,15,0,4,29,108,189,5,37.0%,78.5%,124,9,60,12,79,155,0,21.6,11,50.0%,8,0.00,23,0,1,1,2,2,54.9%,13,10,2,0.14,0.77,0.91,0,5,0.13,7,0.0%,0.0%
51,7,dlkpavxvjx1hy57k8sbk21lg5,88457,630,33,Goalkeeper,Ignacio,Zabal Almazán,Nacho Zabal,Atlético Ottawa,dn8tjhuq0bax4dgixqvluhzze,16614,6lkj3o21cr4g7bql6tb3fk222,Canadian Premier League (Canada),0,0,0,0,0,0,0,0,0,0,0,0,0,0,0,0,0,0,0,0,0,0,0,0,0,73,19,244,117,35,0.00,0,0,0.00,0,0,0,0,0,0,0,0,2,0,0,0,321,0,0,0,0,5,-,5,0,12,0,0,0,0,1,0,0,2,1,1,0,2,2,12,10,2,0,24,0,0,12,10,3,0,21,15,9,3,9,1,7,3,0,0,0,18,0,0,0,318,3,0,68.4%,62.3%,1,0,151,0,241,3,0,35.8,0,100.0%,2,12.48,0,0,0,0,0,0,46.7%,5,0,0,0.00,0.00,0.00,0,0,-,0,-,-
52,8,7fcj29th1uv9jkhdh67tygeay,481562,537,25,Right Winger,Nico,Pasquotti,N. Pasquotti,Cavalry,41ewt71n8fqwy6trsqta1bjvu,15381,6lkj3o21cr4g7bql6tb3fk222,Canadian Premier League (Canada),4,1,0,2,1,1,3,3,4,0,4,0,0,0,0,0,0,0,0,0,0,0,0,1,5,31,7,158,36,84,1.46,0,0,0.54,2,1,0,6,6,33,1,0,42,14,0,0,318,41,0,7,4,12,58.3%,1,0,31,2,1,3,4,2,5,2,2,0,0,0,0,0,5,4,1,0,0,0,0,0,0,0,0,0,0,0,0,0,0,0,0,0,0,0,8,8,10,186,27,105,25,27.8%,75.9%,56,55,9,72,19,67,1,17.2,5,64.7%,17,0.00,16,1,2,0,17,17,45.5%,4,6,2,0.97,0.49,1.46,6,0,0.12,12,0.0%,0.0%
53,7,afbi7ba716z8at1irydcx44ix,250972,620,26,Centre Forward,Ryan,Telfer,R. Telfer,York United,cqthcpums3aas2tdy0qhlkuwa,15382,6lkj3o21cr4g7bql6tb3fk222,Canadian Premier League (Canada),1,0,0,7,3,4,3,2,7,4,3,0,0,4,0,0,0,0,0,2,1,0,0,8,3,40,5,162,45,72,1.67,0,0,0.90,2,1,9,3,12,23,1,1,48,14,0,0,317,42,2,7,6,19,64.3%,3,1,28,4,6,0,6,1,8,2,2,0,0,0,0,0,6,5,1,0,0,0,0,0,0,0,0,0,0,0,0,0,0,0,0,0,0,3,10,4,7,160,43,114,16,30.9%,72.2%,59,41,17,65,20,77,0,18.5,5,43.5%,23,0.00,16,0,2,0,18,43,52.0%,11,6,2,1.48,0.19,1.67,12,0,0.09,19,30.2%,16.7%
53,9,ahyd5vf8f8cyoiefm8hsimzu1,204540,561,24,Centre Attacking Midfielder,João,Morelli Neto,João Morelli,HFX Wanderers,5gmx3o5y2oc0i6rowjwtu7jvu,15376,6lkj3o21cr4g7bql6tb3fk222,Canadian Premier League (Canada),5,1,2,7,5,2,2,4,4,4,0,2,2,2,0,4,0,2,0,0,1,1,3,4,6,53,3,188,54,78,2.87,4,1,0.34,4,0,1,6,7,16,0,0,31,10,0,0,317,44,2,2,3,9,40.0%,2,0,27,4,3,6,2,3,7,2,0,0,0,0,0,0,11,9,2,1,0,0,0,0,0,0,0,0,0,0,0,0,0,0,0,0,1,0,11,2,11,135,22,160,13,33.5%,70.2%,86,40,6,60,11,117,0,19.4,6,35.3%,17,0.00,19,0,4,3,1,18,39.7%,4,2,3,1.13,1.74,1.30,6,0,0.17,17,22.2%,0.0%
55,7,1hwbc5i6pxjdjgx0f88wmqqx,244505,618,25,Right Centre Back,Evan Brandon,John,B. John,Atlético Ottawa,dn8tjhuq0bax4dgixqvluhzze,16614,6lkj3o21cr4g7bql6tb3fk222,Canadian Premier League (Canada),1,0,0,0,0,0,0,0,0,0,0,0,0,0,0,0,0,0,0,0,0,0,0,0,0,38,13,243,145,47,0.00,0,0,0.47,0,1,1,1,2,0,0,0,30,0,0,0,314,18,1,5,8,39,75.0%,23,10,17,1,4,6,0,7,7,0,2,0,0,0,0,0,12,10,2,0,0,0,0,0,0,0,0,0,0,0,0,0,0,0,0,0,0,2,18,0,0,10,176,128,1,43.2%,79.0%,90,2,100,2,128,113,0,23.7,2,62.5%,16,0.00,0,0,0,0,1,1,55.2%,35,4,0,0.00,0.00,0.00,2,2,-,0,0.0%,0.0%
56,6,c5afaf96xtx4341sic680d711,94705,458,29,Right Back,Stefan,Cebara,S. Cebara,Valour,dd2vf0yzjm7jm7cak9tf11sa2,15378,6lkj3o21cr4g7bql6tb3fk222,Canadian Premier League (Canada),3,0,0,1,1,0,0,0,1,0,1,0,0,0,0,0,0,0,0,0,0,0,0,0,2,28,16,202,88,70,0.46,0,0,0.54,1,1,0,4,4,17,0,0,22,6,0,0,309,25,1,6,7,21,77.8%,6,3,31,3,3,0,3,1,1,0,2,0,0,0,0,0,7,6,1,1,0,0,0,0,0,0,0,0,0,0,0,0,0,0,0,0,0,1,7,2,3,84,104,121,10,35.1%,78.2%,60,42,56,52,65,85,2,15.1,2,40.0%,10,0.00,9,2,1,0,2,2,66.2%,15,6,0,0.46,0.00,0.46,4,0,0.23,2,0.0%,0.0%
57,11,549bk4ar8s05kzy78wi86one2,425739,583,22,Right Attacking Midfielder,Alex,Marshall,A. Marshsall,HFX Wanderers,5gmx3o5y2oc0i6rowjwtu7jvu,15376,6lkj3o21cr4g7bql6tb3fk222,Canadian Premier League (Canada),3,6,0,2,1,1,0,1,5,5,0,0,0,1,0,0,0,0,0,0,0,0,0,6,1,37,8,178,42,91,0.36,0,2,0.98,0,2,1,5,6,18,0,0,49,13,4,2,308,43,3,7,4,16,71.4%,2,0,37,5,5,4,4,7,6,1,2,0,0,0,0,0,7,5,2,0,0,0,0,0,0,0,0,0,0,0,0,0,0,0,0,0,0,1,8,0,14,138,53,117,11,35.4%,74.7%,65,50,18,69,26,83,1,17.7,4,60.0%,15,0.00,24,1,0,0,7,18,65.1%,10,2,4,0.24,0.13,0.36,4,1,0.05,8,11.1%,14.3%
58,6,exgvhzo1zgo07og3rsnjv13v9,112996,540,27,Goalkeeper,Callum,Irving,C. Irving,Pacific,b3436h8h14zw7f1uv6w9vqf6y,15380,6lkj3o21cr4g7bql6tb3fk222,Canadian Premier League (Canada),0,0,0,0,0,0,0,0,0,0,0,0,0,0,0,0,0,0,0,0,0,0,0,0,0,54,8,214,136,16,0.00,0,0,0.00,0,0,0,0,0,0,0,0,6,0,0,0,307,2,1,0,0,7,50.0%,6,0,13,0,0,0,0,2,0,0,1,5,1,0,1,5,8,8,0,0,22,0,0,14,5,1,0,21,16,6,4,4,1,5,10,0,0,1,14,0,0,0,307,0,0,46.7%,71.0%,0,0,152,0,214,0,0,34.6,1,83.3%,6,10.37,0,0,0,0,0,0,43.0%,7,0,0,0.00,0.00,0.00,0,0,-,0,-,-
59,5,37pbdttxfaqvayoufo0q0dxey,453335,438,22,Left Back,Diyaeddine,Abzi,D. Abzi,York United,cqthcpums3aas2tdy0qhlkuwa,15382,6lkj3o21cr4g7bql6tb3fk222,Canadian Premier League (Canada),3,0,0,2,2,0,2,2,5,2,1,0,0,0,0,0,0,0,0,0,0,0,0,6,1,32,16,156,49,59,0.44,0,0,0.47,0,0,0,7,7,19,4,2,23,7,0,0,306,27,2,6,7,25,72.7%,8,1,29,1,4,0,3,3,0,0,2,0,0,0,0,0,4,4,0,0,0,0,0,0,0,0,0,0,0,0,0,0,0,0,0,0,0,0,4,4,7,109,94,103,15,34.0%,69.2%,49,29,30,41,52,63,1,19.7,3,50.0%,4,0.00,20,1,0,0,17,20,43.4%,19,3,3,0.35,0.09,0.44,7,0,0.04,11,20.0%,17.6%
60,11,6r8emgp7oeom6yyibdb4g77c9,227780,598,23,Right Winger,David,Choinière,D. Choinière,Forge,c2pdzdl3dgf5b0siidn2ay5ii,15377,6lkj3o21cr4g7bql6tb3fk222,Canadian Premier League (Canada),5,5,0,3,3,0,3,3,1,0,1,0,0,0,0,1,0,1,0,0,0,1,0,2,2,29,5,172,34,104,1.07,1,1,0.66,1,1,0,5,5,27,7,3,33,11,0,0,303,41,2,5,3,13,43.8%,3,0,31,4,1,1,3,4,7,4,3,0,0,0,0,0,6,5,1,0,0,0,0,0,0,0,0,0,0,0,0,0,0,0,0,0,0,0,11,10,14,182,31,90,31,20.3%,80.2%,49,80,9,94,14,64,1,15.2,9,50.0%,2,0.00,15,1,1,1,19,19,62.9%,6,2,5,1.07,0.00,1.07,4,0,0.11,10,42.1%,42.1%
61,5,7v7c25arh4yqd7tz8demrxa6t,231573,383,27,Left Back,Brett,Levis,B. Levis,Valour,dd2vf0yzjm7jm7cak9tf11sa2,15378,6lkj3o21cr4g7bql6tb3fk222,Canadian Premier League (Canada),2,0,0,2,1,1,0,0,0,0,0,0,0,0,0,0,0,0,0,0,0,0,0,2,0,20,10,184,75,79,0.07,0,2,0.69,0,1,4,2,6,14,1,0,32,9,0,0,299,24,4,8,9,27,70.6%,4,2,32,1,2,6,2,3,4,0,1,0,0,0,0,0,5,4,1,0,0,0,0,0,0,0,0,0,0,0,0,0,0,0,0,0,0,1,5,0,4,71,79,149,5,33.7%,83.7%,86,34,34,40,45,99,0,17.3,5,60.0%,5,0.00,21,0,0,0,4,12,64.5%,17,9,1,0.07,0.00,0.07,4,2,0.03,2,50.0%,50.0%
62,7,eyems8p1wpp6df9w1wz6rdvpx,203479,408,27,Central Midfielder,Ben,McKendry,B. McKendry,Atlético Ottawa,dn8tjhuq0bax4dgixqvluhzze,16614,6lkj3o21cr4g7bql6tb3fk222,Canadian Premier League (Canada),1,3,0,1,0,1,0,2,0,0,0,0,0,0,0,0,0,0,0,0,0,0,0,1,0,34,13,215,83,85,0.09,0,0,0.06,0,0,0,1,1,3,0,0,34,2,0,0,292,31,8,16,6,36,66.7%,5,4,28,0,3,6,1,0,1,0,1,0,1,0,0,0,7,5,2,0,0,0,0,0,0,0,0,0,0,0,0,0,0,0,0,0,0,2,8,0,5,54,71,167,1,34.4%,78.1%,108,29,31,35,47,133,0,19.7,12,60.0%,10,0.00,27,0,0,0,4,4,62.2%,17,16,3,0.09,0.00,0.09,1,0,0.03,3,0.0%,0.0%
63,7,ewjp0ru1c4fn1h5bqyqdih0wl,152275,601,27,Left Midfielder,Ben,Fisk,B. Fisk,Atlético Ottawa,dn8tjhuq0bax4dgixqvluhzze,16614,6lkj3o21cr4g7bql6tb3fk222,Canadian Premier League (Canada),2,0,1,5,3,2,0,1,3,2,1,0,0,0,0,1,0,1,0,1,0,0,1,3,4,30,11,188,61,86,0.39,1,0,0.48,0,1,0,5,5,11,1,0,20,1,2,1,291,47,4,7,1,19,40.7%,5,2,27,1,2,1,2,0,3,0,2,0,0,0,0,0,7,6,1,0,0,0,0,0,0,0,0,0,0,0,0,0,0,0,0,0,0,1,16,4,11,109,58,124,14,29.3%,78.2%,79,42,26,51,37,100,0,17.7,16,27.3%,11,0.00,18,0,0,0,10,14,65.5%,15,4,0,0.33,0.06,0.39,5,0,0.04,9,7.1%,10.0%
64,6,etxxyk4izi97gchj7fo58ogd1,110665,462,28,Left Centre Back,Andrew,Jean-Baptiste,A. Jean-Baptiste,Valour,dd2vf0yzjm7jm7cak9tf11sa2,15378,6lkj3o21cr4g7bql6tb3fk222,Canadian Premier League (Canada),1,0,0,1,1,0,0,0,1,0,0,0,0,0,0,1,0,0,1,1,1,0,0,0,0,29,16,225,112,68,0.18,1,0,0.00,0,0,0,0,0,2,1,0,19,1,0,0,280,13,0,5,8,34,83.3%,20,8,16,3,5,0,0,3,2,0,2,0,0,0,0,0,5,5,0,0,0,0,0,0,0,0,0,0,0,0,0,0,0,0,0,0,0,0,6,0,0,11,169,100,5,51.6%,80.0%,77,3,100,6,130,89,0,26.1,1,53.3%,15,0.00,0,0,0,0,1,1,68.1%,28,6,0,0.00,0.18,0.18,0,2,0.09,2,0.0%,0.0%
65,6,2xr4zmz44j3klssbanayqqy21,206339,495,29,Left Centre Back,Milovan,Kapor,M. Kapor,Atlético Ottawa,dn8tjhuq0bax4dgixqvluhzze,16614,6lkj3o21cr4g7bql6tb3fk222,Canadian Premier League (Canada),1,0,0,0,0,0,0,0,0,0,0,0,0,0,0,0,0,0,0,0,0,0,0,0,0,17,13,218,143,45,0.00,0,0,0.09,0,0,1,0,1,0,0,0,13,0,0,0,272,18,0,1,7,34,20.0%,26,12,18,1,4,3,0,2,2,0,2,0,0,0,0,0,6,5,1,0,0,0,0,0,0,0,0,0,0,0,0,0,0,0,0,1,0,2,14,0,1,2,165,105,1,31.2%,86.2%,82,2,104,2,119,97,0,23.1,4,60.0%,15,0.00,0,0,0,0,0,0,64.7%,32,2,0,0.00,0.00,0.00,1,6,-,0,-,-
66,11,apavbqkzwn6ik22hi8d8mo1qt,153578,394,28,Central Midfielder,Maxim,Tissot,M. Tissot,Forge,c2pdzdl3dgf5b0siidn2ay5ii,15377,6lkj3o21cr4g7bql6tb3fk222,Canadian Premier League (Canada),3,8,0,3,1,2,0,4,2,2,0,0,0,3,1,0,1,0,0,0,1,1,0,4,0,31,14,179,64,70,0.90,1,2,2.46,1,5,5,4,9,6,0,0,16,2,0,0,271,27,1,5,4,16,60.0%,6,1,20,0,0,4,1,1,2,1,1,0,0,0,0,0,4,3,1,0,0,0,0,0,0,0,0,0,0,0,0,0,0,0,0,0,0,1,8,2,7,88,63,120,10,34.6%,74.9%,76,35,23,44,41,94,1,19.4,4,30.8%,13,0.00,24,1,1,0,8,23,46.8%,10,6,0,0.03,0.86,0.90,7,2,0.10,9,34.8%,37.5%
67,5,ezyu9w01guirieddjudeln1lh,209503,412,27,Central Midfielder,Allan,Zebie,A. Zebie,Edmonton,73xrv2025rnj0t3y9ayp83bec,6925,6lkj3o21cr4g7bql6tb3fk222,Canadian Premier League (Canada),3,0,0,1,0,1,0,1,1,0,1,0,0,0,0,0,0,0,0,0,0,0,0,1,1,17,9,219,110,83,0.15,0,0,0.07,0,0,0,2,2,6,0,0,23,6,0,0,269,14,4,7,5,16,61.1%,0,0,29,0,1,1,0,1,1,0,0,0,0,0,0,0,9,8,1,0,0,0,0,0,0,0,0,0,0,0,0,0,0,0,0,0,0,1,8,0,3,29,76,164,3,29.7%,88.1%,121,20,52,23,56,140,0,16.6,7,66.7%,6,0.00,19,0,0,0,0,0,70.8%,11,5,0,0.12,0.03,0.15,2,0,0.05,3,-,-
68,5,6f3bomrp6vjzdcasrvoq5c4x5,448292,353,23,Left Back,Fugo,Segawa,F. Segawa,York United,cqthcpums3aas2tdy0qhlkuwa,15382,6lkj3o21cr4g7bql6tb3fk222,Canadian Premier League (Canada),1,1,0,0,0,0,1,0,0,0,0,0,0,0,0,0,0,0,0,0,0,0,0,0,0,14,12,178,86,66,0.04,0,0,0.10,0,0,0,2,2,2,0,0,21,2,0,0,268,16,1,7,7,25,72.7%,8,2,18,1,3,2,3,3,3,0,1,0,0,0,0,0,4,3,1,0,0,0,0,0,0,0,0,0,0,0,0,0,0,0,0,0,0,1,7,0,3,48,95,125,3,34.8%,85.4%,92,26,34,27,51,100,1,16.5,3,28.6%,7,0.00,17,1,0,0,5,5,66.1%,18,6,1,0.04,0.00,0.04,2,0,0.04,1,0.0%,0.0%
68,9,dryx6vgko76wuqqr4g9pjl4ru,509902,462,19,Central Midfielder,Sean,Young,S. Young,Pacific,b3436h8h14zw7f1uv6w9vqf6y,15380,6lkj3o21cr4g7bql6tb3fk222,Canadian Premier League (Canada),4,3,0,1,1,0,2,0,1,1,0,0,0,0,0,0,0,0,0,0,1,0,0,0,1,22,13,199,83,81,0.20,0,0,0.34,0,0,1,5,6,7,0,0,30,6,0,0,268,30,5,7,6,24,75.0%,6,3,34,2,1,9,1,1,3,1,2,0,0,0,0,0,5,5,0,0,0,0,0,0,0,0,0,0,0,0,0,0,0,0,0,0,0,1,10,0,6,55,50,163,8,29.1%,82.4%,110,27,27,33,35,131,0,17.4,4,46.7%,15,0.00,21,0,0,0,1,1,58.6%,10,12,2,0.11,0.09,0.20,6,0,0.05,4,100.0%,100.0%
70,9,4ezd4d37kbb1249qd7bvi0dzp,208512,616,31,Central Midfielder,Jamar,Dixon,J. Dixon,Pacific,b3436h8h14zw7f1uv6w9vqf6y,15380,6lkj3o21cr4g7bql6tb3fk222,Canadian Premier League (Canada),5,1,0,2,1,1,0,1,2,0,1,0,0,0,0,1,0,0,0,1,0,0,1,1,2,31,8,189,60,90,1.38,1,0,0.24,2,0,0,5,5,9,1,1,34,6,0,0,266,33,10,9,4,32,86.4%,9,4,28,3,5,9,1,0,4,0,1,0,0,0,0,0,10,10,0,0,0,0,0,0,0,0,0,0,0,0,0,0,0,0,0,0,0,3,13,0,7,57,44,165,7,32.3%,79.4%,105,32,13,39,22,128,0,18.5,3,44.4%,9,0.00,20,0,2,1,0,0,62.3%,16,12,4,0.52,0.86,1.38,5,0,0.28,5,-,-
71,9,al5jt5ntx6alvfvo3tq1py6i2,483414,308,22,Right Attacking Midfielder,Zachary,Verhoven,Z. Verhoven,Pacific,b3436h8h14zw7f1uv6w9vqf6y,15380,6lkj3o21cr4g7bql6tb3fk222,Canadian Premier League (Canada),1,7,0,2,2,0,2,0,2,1,1,0,0,0,0,1,0,1,0,0,0,0,1,1,3,22,7,128,39,60,0.33,1,1,1.44,0,2,4,8,12,30,1,1,30,14,0,0,262,50,6,5,5,17,52.4%,0,0,15,6,3,7,2,0,2,1,0,0,0,0,0,0,5,5,0,0,0,0,0,0,0,0,0,0,0,0,0,0,0,0,0,0,0,1,6,6,6,124,50,88,10,36.7%,77.3%,47,32,20,44,28,56,1,18.3,10,14.3%,7,0.00,17,1,0,0,16,26,59.6%,11,3,3,0.33,0.00,0.33,11,0,0.05,6,30.8%,18.8%
72,6,cseaof8mo75i2fufyg0b4bpat,133078,453,25,Right Attacking Midfielder,Fraser,Aird,F. Aird,Valour,dd2vf0yzjm7jm7cak9tf11sa2,15378,6lkj3o21cr4g7bql6tb3fk222,Canadian Premier League (Canada),4,0,1,7,4,3,1,1,2,2,0,1,1,2,0,1,0,0,0,0,1,0,1,0,8,30,10,163,34,89,1.15,1,0,0.71,1,1,2,6,8,5,0,0,10,1,1,1,260,22,0,2,0,8,40.0%,5,2,22,3,1,6,2,0,3,0,2,0,0,0,0,0,7,6,1,0,0,0,0,0,0,0,0,0,0,0,0,0,0,0,0,0,0,3,7,2,3,126,41,93,7,31.9%,75.5%,58,51,14,64,25,74,0,19.3,3,40.0%,5,0.00,21,0,1,1,14,25,48.1%,8,0,0,0.19,0.96,0.36,8,1,0.10,11,20.0%,21.4%
72,7,999aky7w22iv11ny6d6w57g4q,481765,630,24,Goalkeeper,Christian,Oxner,C. Oxner,HFX Wanderers,5gmx3o5y2oc0i6rowjwtu7jvu,15376,6lkj3o21cr4g7bql6tb3fk222,Canadian Premier League (Canada),0,0,0,0,0,0,0,0,0,0,0,0,0,0,0,0,0,0,0,0,0,0,0,0,0,68,12,179,68,31,0.00,0,0,0.00,0,0,0,0,0,0,0,0,4,0,0,0,260,0,0,0,0,5,-,5,0,3,0,0,0,0,3,0,0,2,10,1,0,2,1,6,3,3,0,22,0,2,8,7,0,1,21,16,6,2,9,2,6,4,0,0,2,6,0,0,0,260,0,0,73.2%,55.3%,0,0,99,0,179,0,0,39.1,0,100.0%,1,5.98,0,0,0,0,0,0,39.7%,5,0,0,0.00,0.00,0.00,0,0,-,0,-,-
72,5,e6cd4pwmbb7lfatlo8gc8eaj9,87810,310,34,Defensive Midfielder,José Antonio,Galán Pedrosa,Galán,Valour,dd2vf0yzjm7jm7cak9tf11sa2,15378,6lkj3o21cr4g7bql6tb3fk222,Canadian Premier League (Canada),1,2,0,1,1,0,0,1,3,3,0,0,0,0,0,1,0,1,0,0,0,0,1,2,2,25,5,206,85,91,0.21,1,1,0.40,0,1,0,3,3,2,0,0,21,2,0,0,260,24,1,10,7,23,55.0%,5,1,24,3,4,2,0,1,3,0,0,0,0,0,0,0,6,5,1,0,0,0,0,0,0,0,0,0,0,0,0,0,0,0,0,0,0,2,7,0,3,39,53,168,2,32.5%,85.4%,129,20,27,26,34,146,0,19.8,9,57.1%,7,0.00,22,0,0,0,1,3,65.7%,12,9,2,0.17,0.03,0.21,2,1,0.04,5,66.7%,100.0%
75,10,am6blpv9h0wzsn8rjv1q0zpp1,173493,609,24,Centre Forward,Alejandro,Díaz Liceága,A. Díaz,Pacific,b3436h8h14zw7f1uv6w9vqf6y,15380,6lkj3o21cr4g7bql6tb3fk222,Canadian Premier League (Canada),4,3,2,8,8,0,5,1,5,0,4,0,0,0,0,3,0,3,0,3,2,1,2,3,5,44,7,171,40,80,2.98,3,2,1.79,5,3,0,7,7,12,0,0,23,6,0,0,259,24,2,0,4,7,66.7%,1,1,19,1,0,3,1,0,4,3,2,0,0,0,0,0,11,11,0,0,0,0,0,0,0,0,0,0,0,0,0,0,0,0,0,0,0,0,12,4,7,124,12,123,25,30.4%,70.2%,68,48,4,69,8,94,0,16.0,1,52.6%,19,0.00,11,0,5,3,8,8,46.2%,2,4,1,2.39,0.59,2.98,5,0,0.16,19,25.0%,25.0%
76,10,26zoncn0ilfvg5gwn91dkqmt,481764,758,24,Centre Forward,Akeem,Garcia,A. Garcia,HFX Wanderers,5gmx3o5y2oc0i6rowjwtu7jvu,15376,6lkj3o21cr4g7bql6tb3fk222,Canadian Premier League (Canada),5,2,1,11,10,1,0,1,8,1,5,2,2,0,0,5,1,4,0,2,1,0,6,1,15,22,5,140,38,75,5.00,6,0,0.36,10,0,0,6,6,15,2,0,41,8,1,1,257,40,5,0,0,7,83.3%,1,1,17,12,0,5,5,1,18,13,2,0,0,0,0,0,10,7,3,2,0,0,0,0,0,0,0,0,0,0,0,0,0,0,0,0,0,0,11,0,7,119,9,129,37,20.0%,80.7%,69,44,0,58,2,80,0,13.6,1,28.6%,14,0.00,13,0,10,4,1,1,57.1%,3,2,2,2.49,2.51,3.43,6,2,0.25,20,0.0%,0.0%
77,7,86tz9u1o9o5u0lbyycyd3df4l,37057,411,35,Central Midfielder,Nikolas,Ledgerwood,N. Ledgerwood,Cavalry,41ewt71n8fqwy6trsqta1bjvu,15381,6lkj3o21cr4g7bql6tb3fk222,Canadian Premier League (Canada),4,2,0,2,2,0,0,1,2,1,1,1,1,0,0,1,0,0,0,0,0,0,1,0,4,42,5,163,50,66,0.95,1,1,0.63,1,1,7,0,7,4,0,0,26,1,1,0,253,28,5,7,4,19,75.0%,3,0,26,5,3,5,3,2,5,0,2,0,0,0,0,0,5,4,1,0,0,0,0,0,0,0,0,0,0,0,0,0,0,0,0,0,0,1,4,0,3,99,28,126,6,40.5%,71.2%,85,21,10,41,16,106,0,22.4,4,33.3%,9,0.00,21,0,1,1,7,32,47.0%,9,8,2,0.16,0.79,0.16,6,0,0.19,5,37.5%,42.9%
77,10,41yxh6wtv2lrs3js0y2ir7svd,223135,480,25,Central Midfielder,Bruno,Zebie,B. Zebie,Cavalry,41ewt71n8fqwy6trsqta1bjvu,15381,6lkj3o21cr4g7bql6tb3fk222,Canadian Premier League (Canada),5,5,0,1,1,0,0,0,4,1,2,0,0,0,0,0,0,0,0,0,0,0,0,1,4,26,4,165,78,57,0.93,0,0,0.07,1,0,1,1,2,14,0,0,30,7,0,0,253,35,4,8,3,20,63.2%,4,1,25,5,1,4,4,1,6,0,1,0,0,0,0,0,6,6,0,1,0,0,0,0,0,0,0,0,0,0,0,0,0,0,0,0,0,0,12,2,4,66,50,137,10,26.1%,81.8%,85,25,25,32,30,103,0,16.1,7,0.0%,9,0.00,11,0,1,0,3,3,46.5%,12,4,4,0.88,0.05,0.93,2,0,0.19,5,0.0%,0.0%
79,7,8djbjtpajhwv1falg9buuone2,481746,329,25,Central Midfielder,Wataru,Murofushi,W. Murofushi,York United,cqthcpums3aas2tdy0qhlkuwa,15382,6lkj3o21cr4g7bql6tb3fk222,Canadian Premier League (Canada),3,4,0,0,0,0,0,1,2,1,1,0,0,0,0,0,0,0,0,0,0,0,0,1,1,18,6,216,86,106,0.12,0,0,0.55,0,1,0,3,3,3,0,0,16,1,1,1,251,15,0,4,1,7,80.0%,2,1,23,1,2,5,4,2,4,0,2,0,0,0,0,0,1,0,1,0,0,0,0,0,0,0,0,0,0,0,0,0,0,0,0,0,0,0,3,0,4,45,40,166,3,23.6%,88.9%,132,27,33,31,35,150,0,19.0,1,100.0%,1,0.00,21,0,0,0,0,0,68.6%,3,3,1,0.09,0.04,0.12,3,0,0.04,3,-,-
79,7,6oy4mzcnojabnil6u43mxal4a,478934,595,25,Centre Forward,Malcolm Isaiah,Shaw,M. Shaw,Atlético Ottawa,dn8tjhuq0bax4dgixqvluhzze,16614,6lkj3o21cr4g7bql6tb3fk222,Canadian Premier League (Canada),2,0,0,6,5,1,4,1,6,1,3,0,0,1,0,1,1,2,0,3,0,0,2,4,5,23,1,125,38,63,2.31,2,1,0.38,4,1,0,3,3,9,1,0,39,2,0,0,251,69,0,3,1,11,60.0%,7,4,10,9,1,7,6,1,12,5,2,0,0,0,0,0,10,8,2,0,0,0,0,0,0,0,0,0,0,0,0,0,0,0,0,0,0,0,16,0,16,126,20,105,29,12.0%,80.8%,55,44,2,59,4,62,0,12.1,2,37.8%,45,0.00,14,0,4,1,2,2,33.3%,9,0,2,1.92,0.40,2.31,2,2,0.14,17,50.0%,50.0%
81,8,76lz7mhivihluvwrvf2rmdlnt,421816,312,20,Right Back,Jake,Ruby,J. Ruby,HFX Wanderers,5gmx3o5y2oc0i6rowjwtu7jvu,15376,6lkj3o21cr4g7bql6tb3fk222,Canadian Premier League (Canada),0,5,0,2,2,0,0,1,0,0,0,0,0,0,0,0,0,0,0,0,0,0,0,0,2,26,12,134,51,45,0.20,0,0,0.02,0,0,1,0,1,4,0,0,32,2,0,0,250,17,7,6,6,32,65.0%,10,7,25,0,2,3,2,6,1,1,0,0,1,0,0,0,9,9,0,0,0,0,0,0,0,0,0,0,0,0,0,0,0,0,0,0,0,1,10,0,2,63,97,90,7,43.3%,71.6%,40,24,32,33,47,54,0,15.8,7,80.0%,10,0.00,13,0,0,0,3,3,48.3%,25,6,1,0.20,0.00,0.20,1,1,0.07,3,0.0%,0.0%
82,7,20o0wuwg7mm8ynf0msec3a06i,481560,355,29,Right Midfielder,Dean,Northover,D. Northover,Cavalry,41ewt71n8fqwy6trsqta1bjvu,15381,6lkj3o21cr4g7bql6tb3fk222,Canadian Premier League (Canada),1,3,0,0,0,0,0,1,0,0,0,0,0,0,0,0,0,0,0,0,0,0,0,0,0,41,16,144,47,40,0.03,0,0,0.27,0,1,0,1,1,7,0,0,29,3,0,0,248,21,3,4,8,20,70.0%,5,3,17,5,2,1,4,8,1,0,1,0,0,0,0,0,5,5,0,0,0,0,0,0,0,0,0,0,0,0,0,0,0,0,0,0,0,0,10,4,3,65,85,98,1,50.0%,60.4%,37,21,29,28,52,64,0,19.9,3,46.2%,13,0.00,0,0,0,0,3,3,38.9%,14,3,3,0.00,0.03,0.03,1,1,0.03,1,33.3%,33.3%
83,10,4t92bvofxxvfqe6f2w9gs8t0p,200948,500,23,Centre Forward,Cory,Bent,C. Bent,HFX Wanderers,5gmx3o5y2oc0i6rowjwtu7jvu,15376,6lkj3o21cr4g7bql6tb3fk222,Canadian Premier League (Canada),4,5,0,1,1,0,1,1,2,1,1,0,0,0,0,1,0,1,0,0,0,0,1,0,3,44,7,136,32,53,0.40,1,0,0.65,1,1,2,5,7,19,0,0,37,9,2,0,242,35,8,2,5,19,52.6%,3,0,25,5,1,3,5,4,5,5,0,0,0,0,0,0,6,4,2,1,0,0,0,0,0,0,0,0,0,0,0,0,0,0,0,0,0,0,6,4,1,117,38,87,17,26.5%,62.5%,40,34,11,58,17,61,1,17.9,9,33.3%,12,0.00,19,1,1,1,10,23,36.1%,9,7,3,0.40,0.00,0.40,7,0,0.08,5,13.0%,30.0%
84,7,7yablvquk5wpfy1hrwjoknj6d,225053,630,23,Goalkeeper,James,Pantemis,J. Pantemis,Valour,dd2vf0yzjm7jm7cak9tf11sa2,15378,6lkj3o21cr4g7bql6tb3fk222,Canadian Premier League (Canada),0,0,0,0,0,0,0,0,0,0,0,0,0,0,0,0,0,0,0,0,0,0,0,0,0,36,8,167,115,8,0.00,0,0,0.03,0,0,0,1,1,0,0,0,3,0,0,0,240,0,0,0,0,2,-,2,0,9,0,0,0,0,1,0,0,2,4,1,0,1,2,9,8,1,0,19,0,0,6,11,1,1,17,14,5,4,8,0,6,2,0,0,0,12,0,0,0,240,0,0,49.1%,73.7%,0,0,123,0,167,0,0,32.6,0,100.0%,2,7.37,0,0,0,0,0,0,48.8%,2,0,0,0.00,0.00,0.00,1,0,-,0,-,-
85,10,5ep5673eihbif5vkbzctjj0x6,484651,372,25,Centre Attacking Midfielder,Omar,Kreim,O. Kreim,HFX Wanderers,5gmx3o5y2oc0i6rowjwtu7jvu,15376,6lkj3o21cr4g7bql6tb3fk222,Canadian Premier League (Canada),3,6,0,1,0,1,4,1,0,0,0,0,0,1,1,0,1,0,0,0,0,1,0,1,0,24,6,125,32,63,0.35,1,0,0.63,0,1,0,5,5,16,1,0,35,10,0,0,235,38,6,7,6,21,68.4%,2,0,24,0,2,1,2,2,7,0,1,0,0,0,0,0,10,8,2,0,0,0,0,0,0,0,0,0,0,0,0,0,0,0,0,0,0,0,9,0,11,96,39,100,16,28.0%,76.0%,46,35,14,51,16,58,0,12.2,6,7.7%,13,0.00,16,0,0,0,7,8,60.0%,8,10,3,0.30,0.05,0.35,5,1,0.06,6,37.5%,42.9%
86,10,cfffc2qdknupbftpqye1cbf1l,224168,455,27,Centre Forward,Molham,Babouli,M. Babouli,Forge,c2pdzdl3dgf5b0siidn2ay5ii,15377,6lkj3o21cr4g7bql6tb3fk222,Canadian Premier League (Canada),4,6,1,4,4,0,0,2,1,1,0,0,0,0,0,1,0,1,0,0,0,0,1,0,5,32,9,129,26,62,0.63,1,2,1.98,1,3,1,8,9,27,3,1,34,16,0,0,230,37,2,3,1,8,71.4%,2,1,17,6,1,2,4,0,4,4,3,0,0,0,0,0,3,3,0,0,0,0,0,0,0,0,0,0,0,0,0,0,0,0,0,0,0,0,8,2,8,129,9,92,22,31.8%,68.2%,44,39,5,59,6,64,0,17.1,2,31.3%,16,0.00,17,0,1,1,9,10,46.3%,2,3,3,0.63,0.00,0.63,7,0,0.09,7,10.0%,11.1%
87,10,3hebpt7rddccp0powpyfwri7d,243961,480,22,Centre Forward,Terran,Campbell,T. Campbell,Pacific,b3436h8h14zw7f1uv6w9vqf6y,15380,6lkj3o21cr4g7bql6tb3fk222,Canadian Premier League (Canada),2,6,1,3,3,0,1,1,7,1,5,0,0,0,0,1,0,1,1,0,1,0,0,8,1,39,4,126,31,52,1.11,1,1,0.76,1,2,1,4,5,18,1,0,22,7,0,0,226,55,1,4,0,8,71.4%,3,1,14,8,0,5,0,2,1,3,1,0,0,0,0,0,6,6,0,0,0,0,0,0,0,0,0,0,0,0,0,0,0,0,0,0,0,0,13,2,16,118,10,98,25,20.6%,65.9%,51,30,2,53,3,70,0,13.6,2,30.4%,23,0.00,15,0,1,1,5,5,53.8%,3,4,1,1.06,0.05,1.11,4,1,0.09,12,0.0%,0.0%
88,10,882vd5rnobx3xba2sb99k49gp,421823,385,20,Central Midfielder,Alessandro,Hojabrpour,A. Hojabrpour,Pacific,b3436h8h14zw7f1uv6w9vqf6y,15380,6lkj3o21cr4g7bql6tb3fk222,Canadian Premier League (Canada),1,8,0,0,0,0,2,0,3,2,1,0,0,0,0,0,0,0,0,2,0,0,0,0,1,16,15,155,53,71,0.48,0,0,0.11,1,0,0,3,3,3,0,0,21,3,0,0,213,14,2,11,4,24,76.5%,6,2,19,1,1,3,1,0,1,0,0,0,0,0,0,0,7,7,0,0,0,0,0,0,0,0,0,0,0,0,0,0,0,0,0,0,0,0,11,0,0,43,53,117,5,29.7%,80.0%,86,20,18,24,29,102,0,18.5,4,37.5%,8,0.00,18,0,1,0,1,1,60.9%,15,5,4,0.41,0.06,0.48,3,1,0.10,5,100.0%,100.0%
89,10,c0bz7h3es1ym0n5he0l4ntzop,172568,657,24,Centre Forward,Jordan,Brown,J. Brown,Cavalry,41ewt71n8fqwy6trsqta1bjvu,15381,6lkj3o21cr4g7bql6tb3fk222,Canadian Premier League (Canada),4,3,2,7,5,2,3,3,6,2,3,1,1,0,0,3,0,2,0,0,0,2,1,3,10,19,1,108,36,52,2.29,3,0,0.49,3,0,1,3,4,12,2,2,16,3,0,0,209,46,3,2,0,9,55.6%,3,2,13,5,1,6,1,0,3,2,2,0,0,0,0,0,8,7,1,1,0,0,0,0,0,0,0,0,0,0,0,0,0,0,0,0,0,0,11,2,10,111,11,87,32,16.7%,81.5%,51,33,4,40,5,63,0,13.6,4,23.5%,17,0.00,19,0,3,2,9,10,50.0%,4,3,2,1.40,0.89,1.50,4,0,0.12,19,10.0%,11.1%
90,5,cu34wwcs8ozsglt7gew3p7sh5,421817,304,20,Left Back,Terique,Mohammed,T. Mohammed,Edmonton,73xrv2025rnj0t3y9ayp83bec,6925,6lkj3o21cr4g7bql6tb3fk222,Canadian Premier League (Canada),0,2,0,0,0,0,0,0,1,1,0,0,0,1,0,0,0,0,0,0,0,0,0,1,0,16,6,92,36,34,0.05,0,1,0.07,0,0,0,1,1,6,1,0,26,2,1,0,206,25,4,10,4,30,63.6%,11,5,14,2,2,5,1,6,1,0,0,0,0,0,0,0,7,6,1,0,0,0,0,0,0,0,0,0,0,0,0,0,0,0,0,0,1,1,7,2,3,46,88,72,5,41.3%,76.1%,34,15,21,17,33,42,0,21.4,8,50.0%,4,0.00,0,0,0,0,10,10,55.3%,26,4,0,0.00,0.05,0.05,0,1,0.05,1,20.0%,20.0%
91,8,ezibxuzirgqnb5enkgvdk5ot1,243864,471,27,Left Attacking Midfielder,Alessandro,Riggi,A. Riggi,HFX Wanderers,5gmx3o5y2oc0i6rowjwtu7jvu,15376,6lkj3o21cr4g7bql6tb3fk222,Canadian Premier League (Canada),6,2,0,5,1,4,1,1,1,0,1,0,0,0,0,0,1,1,0,1,0,0,1,0,5,32,2,132,26,72,0.55,1,1,0.89,1,1,1,6,7,4,1,0,21,2,2,1,204,32,4,8,3,15,57.1%,0,0,22,4,1,2,2,1,4,1,1,0,0,0,0,0,2,1,1,0,0,0,0,0,0,0,0,0,0,0,0,0,0,0,0,0,0,0,4,0,8,93,26,85,5,36.4%,74.2%,49,39,10,60,12,60,0,16.3,9,0.0%,6,0.00,21,0,1,1,7,10,62.5%,8,5,2,0.55,0.00,0.55,6,0,0.07,8,10.0%,0.0%
91,6,7syvxffcyqbhwd42954p8ej85,159998,309,24,Centre Attacking Midfielder,Hanson,Boakai,H. Boakai,Edmonton,73xrv2025rnj0t3y9ayp83bec,6925,6lkj3o21cr4g7bql6tb3fk222,Canadian Premier League (Canada),3,2,0,2,2,0,0,0,1,0,1,0,0,0,0,0,0,0,0,0,0,0,0,3,0,13,1,124,41,69,0.30,0,0,0.13,0,0,1,1,2,14,0,0,20,9,0,0,204,29,3,3,1,8,42.9%,1,0,18,0,2,3,2,2,1,0,0,0,0,0,0,0,5,4,1,0,0,0,0,0,0,0,0,0,0,0,0,0,0,0,0,0,0,0,4,2,9,79,19,106,3,21.8%,88.7%,76,29,5,38,5,81,0,16.2,8,0.0%,3,0.00,12,0,0,0,8,12,66.7%,3,2,3,0.30,0.00,0.30,2,1,0.10,3,25.0%,25.0%
93,9,1mg5xen2me6dsqu3b0lktvnbp,81402,507,31,Centre Forward,Marcus,Haber,M. Haber,Cavalry,41ewt71n8fqwy6trsqta1bjvu,15381,6lkj3o21cr4g7bql6tb3fk222,Canadian Premier League (Canada),4,4,2,8,8,0,0,0,6,0,2,0,0,0,0,2,0,1,1,5,4,0,1,0,5,46,4,125,20,55,3.38,2,0,0.48,8,0,0,5,5,4,0,0,48,1,0,0,200,54,1,0,0,4,50.0%,3,2,10,15,0,2,6,1,3,2,2,0,0,0,0,0,5,5,0,0,0,0,0,0,0,0,0,0,0,0,0,0,0,0,0,0,0,1,12,0,9,114,11,75,35,33.6%,60.0%,38,36,1,64,4,57,0,13.7,1,55.1%,69,0.00,9,0,8,2,14,14,38.1%,3,1,0,1.82,1.56,3.38,5,2,0.24,14,7.1%,7.1%
94,6,db3mtdls95klppptl1n96ezf9,92442,372,30,Centre Attacking Midfielder,Kyle,Porter,K. Porter,York United,cqthcpums3aas2tdy0qhlkuwa,15382,6lkj3o21cr4g7bql6tb3fk222,Canadian Premier League (Canada),4,1,0,2,1,1,0,0,1,0,1,0,0,0,0,1,0,0,0,0,0,0,1,1,2,17,2,134,44,71,0.54,1,1,0.65,1,0,5,4,9,2,0,0,12,2,0,0,199,17,2,2,3,11,80.0%,3,2,16,1,0,3,1,2,1,1,1,0,0,0,0,0,4,4,0,0,0,0,0,0,0,0,0,0,0,0,0,0,0,0,0,0,0,0,7,0,7,76,19,104,6,29.1%,85.8%,82,27,6,35,8,91,0,20.3,1,37.5%,8,0.00,18,0,1,1,8,23,71.8%,6,3,2,0.09,0.45,0.54,8,0,0.18,3,34.8%,25.0%
95,6,4wg2u3zl05ijnwx0wicmwpvpx,184584,540,24,Goalkeeper,Connor,James,C. James,Edmonton,73xrv2025rnj0t3y9ayp83bec,6925,6lkj3o21cr4g7bql6tb3fk222,Canadian Premier League (Canada),0,0,0,0,0,0,0,0,0,0,0,0,0,0,0,0,0,0,0,0,0,0,0,0,0,32,9,156,91,24,0.00,0,0,0.00,0,0,0,0,0,0,0,0,5,0,0,0,196,0,0,0,0,5,-,5,0,5,0,0,0,0,3,0,0,0,0,0,0,0,2,13,12,1,0,11,0,0,7,7,1,0,10,6,5,2,2,0,4,0,0,0,0,14,0,0,0,196,0,0,61.5%,73.7%,0,0,115,0,156,0,0,34.2,0,100.0%,3,7.60,0,0,0,0,0,0,57.3%,5,0,0,0.00,0.00,0.00,0,0,-,0,-,-
96,6,ex7za2yvl9xrcdtr60ake2bit,222921,540,27,Goalkeeper,Nathan,Ingham,N. Ingham,York United,cqthcpums3aas2tdy0qhlkuwa,15382,6lkj3o21cr4g7bql6tb3fk222,Canadian Premier League (Canada),0,0,0,0,0,0,0,0,0,0,0,0,0,0,0,0,0,0,0,0,0,0,0,0,0,33,2,144,88,21,0.00,0,0,0.03,0,0,0,1,1,0,0,0,3,0,0,0,194,2,0,0,0,3,-,3,0,6,0,0,0,0,1,0,0,2,2,1,0,0,2,6,6,0,0,13,0,1,2,11,1,0,12,8,5,4,6,0,2,0,0,0,0,8,0,0,0,192,2,0,63.2%,75.7%,2,0,107,0,142,2,0,34.5,0,50.0%,4,7.24,0,0,0,0,0,0,62.6%,3,0,0,0.00,0.00,0.00,1,0,-,0,-,-
96,7,1lg1214de42tia4tcv7rk3z6d,103949,454,28,Centre Forward,Oliver,Minatel,Oliver Minatel,Cavalry,41ewt71n8fqwy6trsqta1bjvu,15381,6lkj3o21cr4g7bql6tb3fk222,Canadian Premier League (Canada),5,1,0,2,0,2,1,0,4,2,1,0,0,0,0,0,0,0,0,0,0,0,0,2,4,22,6,138,40,70,0.32,0,1,1.03,0,2,0,6,6,6,1,1,24,4,1,0,194,30,3,2,0,7,35.7%,2,0,19,3,0,7,2,0,6,0,1,0,0,0,0,0,6,5,1,0,0,0,0,0,0,0,0,0,0,0,0,0,0,0,0,0,0,0,6,2,2,85,12,97,13,25.4%,79.7%,62,44,4,53,6,79,0,14.7,9,50.0%,16,0.00,19,0,0,0,5,5,51.4%,6,0,1,0.24,0.07,0.32,5,0,0.05,7,40.0%,40.0%
98,7,6rj6gpjhz8sk2405943kpii1h,167886,333,25,Central Midfielder,Dylan,Carreiro,D. Carreiro,Valour,dd2vf0yzjm7jm7cak9tf11sa2,15378,6lkj3o21cr4g7bql6tb3fk222,Canadian Premier League (Canada),2,4,0,4,1,3,1,2,2,0,1,1,0,0,0,0,1,1,0,0,0,1,0,4,2,20,6,120,34,60,1.67,1,0,0.33,2,0,3,4,7,6,0,0,23,5,0,0,189,8,3,2,0,6,71.4%,0,0,12,0,0,0,4,4,5,0,0,0,0,0,0,0,7,6,1,0,0,0,0,0,0,0,0,0,0,0,0,0,0,0,0,0,0,1,9,2,3,84,24,81,9,37.5%,78.3%,50,32,12,44,17,59,0,21.0,2,0.0%,3,0.00,22,0,2,0,5,20,62.2%,2,3,1,0.30,1.37,0.88,7,0,0.19,9,30.0%,40.0%
99,6,9xntliz4ut9p00wlwc0gd7e95,481759,371,28,Left Back,Alex,De Carolis,A. De Carolis,HFX Wanderers,5gmx3o5y2oc0i6rowjwtu7jvu,15376,6lkj3o21cr4g7bql6tb3fk222,Canadian Premier League (Canada),3,1,1,1,0,1,0,0,1,1,0,0,0,1,1,0,1,0,0,0,0,1,0,2,0,17,9,96,37,33,0.15,1,0,0.10,0,1,2,0,3,8,0,0,23,5,0,0,187,11,4,5,5,24,81.8%,8,4,15,1,2,3,0,4,0,1,1,0,0,0,0,0,8,7,1,0,0,0,0,0,0,0,0,0,0,0,0,0,0,0,0,0,0,1,8,4,0,49,76,62,6,49.0%,72.9%,35,15,20,22,31,43,0,18.8,2,71.4%,7,0.00,20,0,0,0,4,9,57.4%,17,5,2,0.04,0.11,0.15,3,1,0.07,2,33.3%,25.0%
100,6,4g57cr61ps0y0w29dv3f5s3c9,199133,360,25,Central Midfielder,Mastanabal,Kacher,M. Kacher,Valour,dd2vf0yzjm7jm7cak9tf11sa2,15378,6lkj3o21cr4g7bql6tb3fk222,Canadian Premier League (Canada),3,2,1,1,1,0,1,2,3,2,0,0,0,0,0,1,0,0,0,0,0,0,1,0,4,26,6,122,36,54,0.30,1,0,0.40,0,0,2,5,7,11,2,0,11,3,0,0,182,15,0,1,2,3,33.3%,0,0,18,0,1,1,2,3,1,1,2,0,0,0,0,0,3,2,1,0,0,0,0,0,0,0,0,0,0,0,0,0,0,0,0,0,0,1,4,6,5,87,21,74,9,27.0%,73.8%,42,37,11,46,15,61,0,17.1,2,50.0%,2,0.00,21,0,0,0,3,10,54.5%,1,1,1,0.22,0.08,0.30,7,0,0.04,7,30.0%,33.3%
101,3,79pboh9mzuchik3r2027wntgp,233807,241,25,Right Centre Back,Amer,Didic,A. Didic,Edmonton,73xrv2025rnj0t3y9ayp83bec,6925,6lkj3o21cr4g7bql6tb3fk222,Canadian Premier League (Canada),1,0,0,0,0,0,0,1,1,0,0,0,0,0,0,0,0,0,0,1,0,0,0,0,0,15,9,146,87,35,0.13,0,0,0.00,0,0,0,0,0,0,0,0,11,0,0,0,181,5,1,3,2,20,80.0%,14,8,9,1,0,0,0,0,0,0,0,0,0,0,0,0,4,2,2,0,0,0,0,0,0,0,0,0,0,0,0,0,0,0,0,0,0,0,3,0,0,5,106,70,3,43.2%,83.6%,58,2,62,3,76,67,0,23.3,1,70.0%,10,0.00,0,0,0,0,0,0,69.8%,20,0,0,0.00,0.13,0.13,0,6,0.07,2,-,-
101,4,3ucemntfw84vk7op9z7wnf36d,428321,360,25,Goalkeeper,Nolan,Wirth,N. Wirth,Pacific,b3436h8h14zw7f1uv6w9vqf6y,15380,6lkj3o21cr4g7bql6tb3fk222,Canadian Premier League (Canada),0,0,0,0,0,0,0,0,0,0,0,0,0,0,0,0,0,0,0,0,0,0,0,0,0,21,17,136,87,11,0.00,0,0,0.00,0,0,0,0,0,0,0,0,4,0,0,0,181,1,0,0,0,2,-,2,0,5,0,1,0,0,3,0,0,1,2,1,0,1,0,5,5,0,0,9,0,0,8,0,0,0,9,5,4,0,1,1,6,2,0,0,0,6,0,0,0,181,0,0,39.0%,72.1%,0,0,98,0,136,0,0,32.9,0,100.0%,2,4.40,0,0,0,0,0,0,45.3%,2,0,0,0.00,0.00,0.00,0,0,-,0,-,-
103,6,dl4wkt9bhput0z1sikhu15562,483117,327,21,Left Back,Federico,Peña,F. Peña,Valour,dd2vf0yzjm7jm7cak9tf11sa2,15378,6lkj3o21cr4g7bql6tb3fk222,Canadian Premier League (Canada),1,3,0,0,0,0,1,0,2,1,1,0,0,0,0,0,0,0,0,0,0,0,0,0,2,9,3,92,37,43,0.10,0,0,0.28,0,1,0,2,2,5,0,0,21,4,0,0,177,17,6,7,7,27,65.0%,4,1,18,4,0,0,1,2,0,1,0,0,0,0,0,0,4,4,0,0,0,0,0,0,0,0,0,0,0,0,0,0,0,0,0,0,1,0,7,2,3,54,61,62,4,31.5%,87.0%,32,26,22,26,26,40,0,16.9,7,40.0%,5,0.00,17,0,0,0,9,9,72.4%,21,5,1,0.08,0.02,0.10,2,1,0.03,3,11.1%,11.1%
104,7,9wsm9vzab3uywb8rox5go6jxm,484332,480,22,Centre Forward,Easton,Ongaro,E. Ongaro,Edmonton,73xrv2025rnj0t3y9ayp83bec,6925,6lkj3o21cr4g7bql6tb3fk222,Canadian Premier League (Canada),2,2,0,3,3,0,2,0,5,2,2,0,0,1,0,3,0,2,1,1,1,2,0,6,0,17,4,89,26,42,2.20,3,0,0.25,2,0,1,4,5,17,5,2,26,6,0,0,174,47,1,1,0,2,50.0%,0,0,13,2,0,2,3,0,2,2,0,0,0,0,0,0,9,7,2,0,0,0,0,0,0,0,0,0,0,0,0,0,0,0,0,0,0,0,12,0,8,99,6,69,24,15.7%,76.4%,37,29,2,38,2,49,0,14.6,2,37.1%,35,0.00,14,0,2,2,7,7,42.9%,1,0,1,1.29,0.91,2.20,5,0,0.22,10,14.3%,14.3%
105,5,3p86lh50rfrmmlrnxsq17dwtm,484562,290,25,Left Back,Jarred,Phillips,J. Phillips,Atlético Ottawa,dn8tjhuq0bax4dgixqvluhzze,16614,6lkj3o21cr4g7bql6tb3fk222,Canadian Premier League (Canada),3,2,0,0,0,0,0,0,0,0,0,0,0,0,0,0,0,0,0,0,0,0,0,0,0,15,13,80,29,23,0.00,0,0,0.00,0,0,0,0,0,5,0,0,14,2,0,0,173,19,1,7,6,23,42.1%,6,3,10,0,2,0,0,3,1,0,2,0,0,0,0,0,4,4,0,0,0,0,0,0,0,0,0,0,0,0,0,0,0,0,0,0,0,0,11,0,1,32,81,60,0,52.5%,65.0%,28,8,16,11,30,39,0,18.9,11,0.0%,2,0.00,0,0,0,0,6,6,45.2%,22,1,0,0.00,0.00,0.00,0,3,-,0,0.0%,0.0%
106,4,daf9pfrmp5w42wpwejb3lzkr9,246192,303,29,Defensive Midfielder,Yong-Chan,Son,Son Yong-Chan,Edmonton,73xrv2025rnj0t3y9ayp83bec,6925,6lkj3o21cr4g7bql6tb3fk222,Canadian Premier League (Canada),2,0,0,0,0,0,0,0,0,0,0,0,0,0,0,0,0,0,0,0,0,0,0,0,0,15,5,115,51,44,0.00,0,0,0.21,0,0,2,2,4,1,0,0,9,1,1,1,172,18,1,1,5,13,40.0%,3,1,12,1,1,6,2,0,1,0,0,0,0,0,0,0,6,4,2,0,0,0,0,0,0,0,0,0,0,0,0,0,0,0,0,0,0,0,4,0,4,42,42,88,0,33.9%,82.6%,56,16,23,22,27,66,0,18.7,3,50.0%,6,0.00,0,0,0,0,4,5,71.8%,8,5,0,0.00,0.00,0.00,4,1,-,0,40.0%,25.0%
107,6,bmibmsnkr8oa6ckm2y0g30d05,446572,254,27,Left Back,Jordan,Dunstan,J. Dunstan,Forge,c2pdzdl3dgf5b0siidn2ay5ii,15377,6lkj3o21cr4g7bql6tb3fk222,Canadian Premier League (Canada),0,4,0,0,0,0,0,0,0,0,0,0,0,0,0,0,0,0,0,0,0,0,0,0,0,15,10,105,51,29,0.00,0,0,0.03,0,0,1,0,1,3,0,0,17,2,0,0,166,17,1,3,6,23,66.7%,13,10,6,3,3,1,0,1,1,0,1,0,0,0,0,0,2,2,0,0,0,0,0,0,0,0,0,0,0,0,0,0,0,0,0,0,0,0,4,0,3,32,75,59,3,53.3%,76.2%,36,8,36,10,52,43,0,22.4,2,68.8%,16,0.00,0,0,0,0,2,2,62.5%,14,8,1,0.00,0.00,0.00,1,1,-,0,0.0%,0.0%
108,9,32fe58rlsvv1h3qthbhol08yy,481846,381,26,Centre Forward,Anthony Joseph,Novak,A. Novak,Forge,c2pdzdl3dgf5b0siidn2ay5ii,15377,6lkj3o21cr4g7bql6tb3fk222,Canadian Premier League (Canada),4,5,0,6,6,0,1,0,2,0,2,0,0,0,0,2,0,2,0,1,0,1,1,4,3,16,3,98,29,50,2.57,2,0,0.17,3,0,0,3,3,7,2,1,20,4,0,0,165,30,0,3,2,6,100.0%,1,1,12,2,1,1,2,1,6,1,1,0,0,0,0,0,4,3,1,0,0,0,0,0,0,0,0,0,0,0,0,0,0,0,0,0,0,0,2,2,9,84,6,75,16,14.3%,80.6%,40,37,2,48,3,47,0,12.6,0,21.1%,19,0.00,10,0,3,0,0,0,50.0%,1,4,1,2.00,0.57,2.57,3,0,0.29,9,-,-
108,6,58elvwym7gnql18liaoa6zo16,481627,308,25,Defensive Midfielder,Ajay,Khabra,A. Khabra,Atlético Ottawa,dn8tjhuq0bax4dgixqvluhzze,16614,6lkj3o21cr4g7bql6tb3fk222,Canadian Premier League (Canada),3,2,0,0,0,0,2,0,0,0,0,0,0,0,0,0,0,0,0,0,0,0,0,0,0,13,6,136,55,62,0.11,0,0,0.05,0,0,0,1,1,0,0,0,10,0,0,0,165,25,1,3,0,8,50.0%,4,2,19,2,3,7,0,3,0,1,1,0,0,0,0,0,9,8,1,0,0,0,0,0,0,0,0,0,0,0,0,0,0,0,0,0,0,1,11,0,3,29,38,98,3,33.1%,86.0%,73,22,22,23,26,87,0,14.5,4,33.3%,9,0.00,15,0,0,0,1,1,66.7%,5,1,2,0.06,0.05,0.11,1,1,0.06,2,0.0%,0.0%
110,5,bewzox1rnh1n28tkj5k0rmrqh,224756,227,21,Right Back,Dante,Campbell,D. Campbell,Valour,dd2vf0yzjm7jm7cak9tf11sa2,15378,6lkj3o21cr4g7bql6tb3fk222,Canadian Premier League (Canada),2,3,0,0,0,0,0,0,0,0,0,0,0,0,0,0,0,0,0,0,0,0,0,0,0,17,8,93,30,38,0.00,0,0,0.04,0,0,0,1,1,3,0,0,12,0,0,0,157,17,1,5,6,17,50.0%,4,2,18,1,0,3,0,2,2,0,0,0,0,0,0,0,5,5,0,0,0,0,0,0,0,0,0,0,0,0,0,0,0,0,0,0,0,1,7,4,4,36,51,70,2,48.4%,73.1%,36,15,17,18,27,48,0,17.1,6,50.0%,4,0.00,0,0,0,0,1,1,57.8%,11,4,2,0.00,0.00,0.00,1,2,-,0,0.0%,0.0%
111,9,4bc5n4bry6a5wswiwzq8d9oq2,481569,283,24,Left Winger,Kadell,Thomas,K. Thomas,Forge,c2pdzdl3dgf5b0siidn2ay5ii,15377,6lkj3o21cr4g7bql6tb3fk222,Canadian Premier League (Canada),2,8,0,1,1,0,1,0,2,0,1,0,0,0,0,0,0,0,0,1,0,0,0,0,2,12,5,64,13,34,1.13,0,1,0.21,2,0,0,3,3,19,1,0,32,6,0,0,151,42,7,11,3,21,66.7%,0,0,27,4,2,5,3,1,3,3,1,0,0,0,0,0,2,2,0,0,0,0,0,0,0,0,0,0,0,0,0,0,0,0,0,0,0,1,4,6,8,68,29,54,14,26.6%,73.4%,16,22,9,30,12,22,0,15.2,9,20.0%,5,0.00,7,0,2,0,10,10,58.8%,13,5,3,1.00,0.13,1.13,2,0,0.28,4,0.0%,0.0%
112,4,2o538m8209nj9p29a4ujs4jpx,443433,360,26,Goalkeeper,Jason,Beaulieu,J. Beaulieu,HFX Wanderers,5gmx3o5y2oc0i6rowjwtu7jvu,15376,6lkj3o21cr4g7bql6tb3fk222,Canadian Premier League (Canada),0,0,0,0,0,0,0,0,0,0,0,0,0,0,0,0,0,0,0,0,0,0,0,0,0,23,11,105,60,11,0.00,0,0,0.00,0,0,0,0,0,0,0,0,4,0,0,0,150,1,0,0,0,1,-,1,0,10,0,2,0,0,3,0,0,0,3,0,0,1,0,10,9,1,0,10,0,0,3,5,2,0,8,6,4,1,6,0,2,2,0,0,1,11,0,0,0,147,3,0,61.0%,67.6%,1,0,70,0,102,3,0,31.1,0,100.0%,2,5.01,0,0,0,0,0,0,50.0%,1,0,0,0.00,0.00,0.00,0,0,-,0,-,-
113,5,8ipv2tlducl1y5qq8c8f4pdk9,193101,241,21,Left Back,Vashon,Neufville,V. Neufville,Atlético Ottawa,dn8tjhuq0bax4dgixqvluhzze,16614,6lkj3o21cr4g7bql6tb3fk222,Canadian Premier League (Canada),1,2,0,0,0,0,0,0,0,0,0,0,0,0,0,0,0,0,0,0,0,0,0,0,0,21,12,87,21,33,0.00,0,1,0.74,0,1,0,2,2,4,0,0,14,2,0,0,149,16,1,1,6,12,66.7%,2,1,15,2,4,3,1,2,3,1,0,0,0,0,0,0,3,2,1,0,0,0,0,0,0,0,0,0,0,0,0,0,0,0,0,1,0,1,4,0,1,44,48,57,5,59.8%,62.1%,28,12,14,16,29,42,1,16.9,1,57.1%,7,0.00,0,1,0,0,9,9,46.2%,10,2,0,0.00,0.00,0.00,1,1,-,0,0.0%,0.0%
114,4,upib1k4jf41nogwoduyqpw4p,202589,274,27,Left Winger,Jonathan,Grant,J. Grant,Forge,c2pdzdl3dgf5b0siidn2ay5ii,15377,6lkj3o21cr4g7bql6tb3fk222,Canadian Premier League (Canada),4,0,0,0,0,0,0,0,2,0,2,0,0,0,0,0,0,0,0,1,0,0,0,0,0,25,5,77,18,29,0.18,0,0,0.18,0,0,0,2,2,14,0,0,13,5,0,0,139,34,0,1,7,15,14.3%,6,3,18,7,4,4,2,0,1,2,3,0,0,0,0,0,1,1,0,1,0,0,0,0,0,0,0,0,0,0,0,0,0,0,0,0,0,2,3,8,2,63,32,44,8,44.2%,61.0%,19,18,10,31,19,27,0,18.3,6,40.0%,10,0.00,8,0,0,0,5,5,47.1%,10,3,2,0.18,0.00,0.18,2,0,0.09,2,0.0%,0.0%
115,6,bwozu57m3yt2hypmbqe1hlbyt,210152,272,23,Central Midfielder,Moses,Dyer,M. Dyer,Valour,dd2vf0yzjm7jm7cak9tf11sa2,15378,6lkj3o21cr4g7bql6tb3fk222,Canadian Premier League (Canada),2,3,0,2,1,1,0,0,6,1,2,0,0,0,0,1,0,1,1,5,1,0,0,0,2,11,2,71,15,43,0.83,1,0,0.12,1,0,0,3,3,13,2,0,27,8,0,0,134,19,1,3,3,9,100.0%,2,0,10,3,3,4,3,4,5,2,2,0,0,0,0,0,2,2,0,0,0,0,0,0,0,0,0,0,0,0,0,0,0,0,0,0,0,0,7,2,5,54,11,69,12,28.2%,81.7%,40,17,1,21,2,48,0,18.2,0,66.7%,6,0.00,17,0,1,1,3,3,65.0%,4,3,2,0.52,0.31,0.83,3,0,0.10,8,0.0%,0.0%
116,7,81ggmgps5zcnafmhlv9f0osiy,425687,248,20,Right Attacking Midfielder,Antony,Caceres,A. Caceres,Edmonton,73xrv2025rnj0t3y9ayp83bec,6925,6lkj3o21cr4g7bql6tb3fk222,Canadian Premier League (Canada),2,5,0,0,0,0,1,0,0,0,0,0,0,0,0,0,0,0,0,0,0,0,0,0,0,7,1,75,24,43,0.07,0,1,1.11,0,1,0,4,4,13,1,0,21,4,0,0,129,14,2,6,1,12,80.0%,2,1,10,3,0,1,3,1,1,0,0,0,0,0,0,0,7,7,0,1,0,0,0,0,0,0,0,0,0,0,0,0,0,0,0,0,0,0,10,4,2,51,16,62,11,21.3%,89.3%,35,24,8,28,8,39,0,12.1,2,100.0%,4,0.00,6,0,0,0,2,2,75.0%,5,7,0,0.07,0.00,0.07,3,0,0.07,1,50.0%,50.0%
117,6,b6aw65sbptx2dlqsfx64x59m1,423281,365,24,Centre Forward,Austin,Ricci,A. Ricci,Valour,dd2vf0yzjm7jm7cak9tf11sa2,15378,6lkj3o21cr4g7bql6tb3fk222,Canadian Premier League (Canada),3,2,0,5,5,0,1,0,3,0,2,0,0,0,0,0,0,0,0,0,0,0,0,1,7,20,2,53,6,25,0.94,0,0,0.13,1,0,0,3,3,15,6,3,20,5,0,0,126,30,1,5,0,7,66.7%,0,0,8,5,0,4,3,0,6,1,2,0,0,0,0,0,4,3,1,2,0,0,0,0,0,0,0,0,0,0,0,0,0,0,0,0,0,3,5,4,4,82,5,39,29,32.1%,58.5%,15,16,0,31,1,21,0,15.5,3,0.0%,6,0.00,13,0,1,0,5,5,52.9%,2,1,4,0.80,0.14,0.94,3,1,0.10,9,40.0%,40.0%
118,4,bpxxztlpukizv1d2a5506ilbe,481568,237,22,Left Winger,Marcel Dominik,Zajac,M. Zajac,Forge,c2pdzdl3dgf5b0siidn2ay5ii,15377,6lkj3o21cr4g7bql6tb3fk222,Canadian Premier League (Canada),4,0,0,1,1,0,1,1,2,0,2,0,0,0,0,0,0,0,0,1,0,0,0,1,1,7,5,59,16,31,0.94,0,0,0.00,2,0,0,0,0,5,1,0,17,3,0,0,122,31,2,4,5,12,54.5%,1,1,13,3,1,2,0,1,4,2,1,0,0,0,0,0,4,4,0,0,0,0,0,0,0,0,0,0,0,0,0,0,0,0,0,0,0,2,3,2,13,57,22,43,10,25.4%,79.7%,15,23,9,27,12,20,0,16.0,5,33.3%,9,0.00,12,0,2,0,4,4,53.3%,7,1,4,0.94,0.00,0.94,0,1,0.19,5,0.0%,0.0%
118,4,7dbeb4b7em8hmoc7e0begi1yi,481630,230,19,Left Attacking Midfielder,Marcus,Velado-Tsegaye,M. Velado-Tsegaye,Edmonton,73xrv2025rnj0t3y9ayp83bec,6925,6lkj3o21cr4g7bql6tb3fk222,Canadian Premier League (Canada),1,2,0,3,0,3,2,5,0,0,0,0,0,0,0,0,1,1,0,0,0,0,1,0,3,13,1,72,22,36,0.41,1,0,0.00,0,0,0,0,0,6,0,0,12,2,0,0,122,16,1,1,2,4,50.0%,0,0,11,1,1,1,0,0,4,3,0,0,0,0,0,0,6,5,1,0,0,0,0,0,0,0,0,0,0,0,0,0,0,0,0,0,0,0,7,0,6,50,12,60,9,18.1%,80.6%,33,19,6,26,7,39,0,13.6,2,80.0%,5,0.00,23,0,0,0,2,2,76.9%,1,3,0,0.41,0.00,0.41,0,0,0.04,10,0.0%,0.0%
120,6,6byiub7o0uwogoc24p79vx6ju,425685,203,19,Defensive Midfielder,Chance,Carter,C. Carter,Edmonton,73xrv2025rnj0t3y9ayp83bec,6925,6lkj3o21cr4g7bql6tb3fk222,Canadian Premier League (Canada),1,5,0,0,0,0,0,1,0,0,0,0,0,0,0,0,0,0,0,0,0,0,0,0,0,10,2,90,39,39,0.03,0,0,0.12,0,0,0,2,2,2,0,0,12,1,0,0,121,11,1,5,5,13,75.0%,2,0,14,1,2,3,0,0,2,0,0,0,0,0,0,0,3,3,0,0,0,0,0,0,0,0,0,0,0,0,0,0,0,0,0,0,0,0,7,0,2,19,28,74,2,28.9%,86.7%,51,12,15,15,17,58,0,16.0,2,100.0%,3,0.00,29,0,0,0,0,0,76.9%,7,5,1,0.03,0.00,0.03,2,0,0.03,1,-,-
121,7,614w28s7cigyjam7f10hz9gwl,45750,287,32,Centre Forward,Tomi,Ameobi,T. Ameobi,Edmonton,73xrv2025rnj0t3y9ayp83bec,6925,6lkj3o21cr4g7bql6tb3fk222,Canadian Premier League (Canada),3,4,0,2,2,0,0,0,1,0,0,1,0,0,0,0,0,0,0,1,0,0,0,0,2,17,3,77,26,31,1.50,0,0,0.13,3,0,1,1,2,2,0,0,27,1,0,0,116,26,3,1,0,5,50.0%,1,1,12,4,1,3,1,1,3,2,0,0,0,0,0,0,8,8,0,0,0,0,0,0,0,0,0,0,0,0,0,0,0,0,0,0,0,2,4,2,5,43,11,62,10,18.2%,74.0%,32,21,4,31,6,40,0,13.6,4,65.4%,26,0.00,11,0,3,0,0,0,35.7%,2,3,0,0.35,1.14,0.71,2,0,0.50,3,-,-
122,3,83d29e64znddf9kkyo62u4g6h,424288,173,21,Central Midfielder,Noah,Verhoeven,N. Verhoeven,Pacific,b3436h8h14zw7f1uv6w9vqf6y,15380,6lkj3o21cr4g7bql6tb3fk222,Canadian Premier League (Canada),2,1,0,2,1,1,0,0,0,0,0,0,0,0,0,0,0,0,0,0,0,0,0,0,2,19,3,84,26,36,0.07,0,0,0.11,0,0,1,2,3,8,0,0,11,7,0,0,115,6,0,3,1,4,75.0%,0,0,8,2,0,0,0,0,1,2,0,0,0,0,0,0,3,3,0,0,0,0,0,0,0,0,0,0,0,0,0,0,0,0,0,0,0,0,4,0,2,37,11,67,2,34.5%,73.8%,39,17,6,22,9,53,0,15.4,1,-,0,0.00,17,0,0,0,4,5,58.6%,1,2,1,0.05,0.02,0.07,3,0,0.03,2,60.0%,50.0%
123,2,7y21qqftugy5rfncz7atrue7e,484561,122,25,Left Back,Duran,Lee,D. Lee,Edmonton,73xrv2025rnj0t3y9ayp83bec,6925,6lkj3o21cr4g7bql6tb3fk222,Canadian Premier League (Canada),2,0,0,0,0,0,0,0,0,0,0,0,0,0,0,0,0,0,0,0,0,0,0,0,0,5,5,58,32,16,0.00,0,0,0.00,0,0,0,0,0,5,0,0,16,5,0,0,112,10,3,3,2,11,75.0%,3,2,12,0,0,1,0,0,1,0,0,0,0,0,0,0,3,3,0,0,0,0,0,0,0,0,0,0,0,0,0,0,0,0,0,0,0,1,3,0,4,19,41,52,0,25.9%,82.8%,28,5,15,7,18,33,0,16.1,2,50.0%,8,0.00,0,0,0,0,2,2,66.7%,6,5,0,0.00,0.00,0.00,0,0,-,0,50.0%,50.0%
124,4,62nti15up6a14yi1featiyhd6,425640,208,21,Left Midfielder,Daniel,Kinumbe,D. Kinumbe,HFX Wanderers,5gmx3o5y2oc0i6rowjwtu7jvu,15376,6lkj3o21cr4g7bql6tb3fk222,Canadian Premier League (Canada),3,1,0,0,0,0,1,0,1,1,0,0,0,0,0,0,0,0,0,0,0,0,0,1,0,11,8,64,24,21,0.17,0,0,0.03,0,0,0,1,1,7,1,1,16,6,0,0,109,9,0,2,7,10,50.0%,1,0,12,0,1,0,0,1,3,2,0,0,1,0,0,0,7,7,0,0,0,0,0,0,0,0,0,0,0,0,0,0,0,0,0,0,0,0,8,2,3,27,40,42,3,34.4%,70.3%,19,12,14,19,23,22,0,15.0,2,57.1%,7,0.00,20,0,0,0,0,0,63.6%,6,4,0,0.17,0.00,0.17,1,1,0.09,2,-,-
125,7,cqzj50mwiry6o6vz6drrh1cyd,225912,359,23,Centre Forward,Álvaro,Rivero Sánchez,Álvaro Rivero,York United,cqthcpums3aas2tdy0qhlkuwa,15382,6lkj3o21cr4g7bql6tb3fk222,Canadian Premier League (Canada),5,2,0,2,1,1,1,0,3,1,1,0,0,0,0,1,0,1,0,1,0,1,0,1,3,4,3,55,16,32,0.34,1,0,0.05,0,0,0,1,1,5,3,1,13,2,0,0,103,20,1,0,0,2,100.0%,1,0,5,3,2,0,1,1,8,0,2,0,0,0,0,0,6,6,0,0,0,0,0,0,0,0,0,0,0,0,0,0,0,0,0,0,0,0,7,0,8,38,5,60,11,9.1%,87.3%,33,14,1,15,1,39,0,13.4,0,0.0%,4,0.00,21,0,0,0,0,0,80.0%,2,0,0,0.20,0.14,0.34,1,0,0.06,6,-,-
126,5,7i19hu44byapft1lpm3okbb3d,172747,218,26,Left Midfielder,Josh,Heard,J. Heard,Pacific,b3436h8h14zw7f1uv6w9vqf6y,15380,6lkj3o21cr4g7bql6tb3fk222,Canadian Premier League (Canada),2,3,0,1,1,0,2,0,4,0,4,0,0,0,0,1,0,0,0,1,0,0,1,1,3,11,2,46,13,20,1.18,1,1,0.37,1,1,0,2,2,8,1,0,13,2,0,0,102,21,0,1,1,3,50.0%,1,0,2,4,2,2,3,0,6,0,1,0,0,0,0,0,4,4,0,0,0,0,0,0,0,0,0,0,0,0,0,0,0,0,0,0,0,1,6,8,4,59,7,36,15,19.6%,71.7%,17,13,3,19,5,22,0,17.6,1,25.0%,8,0.00,14,0,1,1,5,12,33.3%,2,1,0,0.33,0.84,1.18,1,0,0.17,7,16.7%,20.0%
127,3,btd38hasv7hxy5bw4g43ymhyi,447302,208,20,Left Winger,Montther,Mohsen,M. Mohsen,Forge,c2pdzdl3dgf5b0siidn2ay5ii,15377,6lkj3o21cr4g7bql6tb3fk222,Canadian Premier League (Canada),2,0,0,0,0,0,0,0,0,0,0,0,0,0,0,0,0,0,0,0,0,0,0,0,0,6,1,42,14,21,0.00,0,0,1.27,0,2,1,2,3,6,0,0,19,5,0,0,101,12,0,4,1,10,50.0%,3,0,6,0,0,0,5,3,2,1,1,0,0,0,0,0,4,4,0,0,0,0,0,0,0,0,0,0,0,0,0,0,0,0,0,0,0,0,4,0,5,49,22,30,5,38.1%,83.3%,15,13,7,16,10,16,1,17.1,4,0.0%,2,0.00,0,1,0,0,5,9,75.0%,7,2,1,0.00,0.00,0.00,3,0,-,0,22.2%,20.0%
128,4,759r7l0y8jofaf394tnc7ytt6,481629,145,19,Right Attacking Midfielder,Prince,Amanda,P. Amanda,Edmonton,73xrv2025rnj0t3y9ayp83bec,6925,6lkj3o21cr4g7bql6tb3fk222,Canadian Premier League (Canada),2,2,0,1,1,0,2,0,0,0,0,0,0,0,0,0,0,0,0,0,0,0,0,0,1,7,3,41,11,20,0.14,0,0,0.00,0,0,0,0,0,9,1,0,13,4,0,0,95,15,0,4,4,9,80.0%,1,1,7,0,1,0,0,1,2,1,0,0,0,0,0,0,1,0,1,0,0,0,0,0,0,0,0,0,0,0,0,0,0,0,0,0,0,0,0,2,5,30,19,46,5,22.0%,75.6%,20,6,5,7,7,27,0,13.5,1,33.3%,6,0.00,16,0,0,0,6,6,44.4%,5,4,0,0.14,0.00,0.14,0,0,0.05,3,0.0%,0.0%
129,5,c11tg3waak6my0tyjpq9qeuzu,438073,206,18,Left Centre Back,Gianfranco,Facchineri,G. Facchineri,Atlético Ottawa,dn8tjhuq0bax4dgixqvluhzze,16614,6lkj3o21cr4g7bql6tb3fk222,Canadian Premier League (Canada),0,3,0,0,0,0,0,0,1,0,0,0,0,0,0,0,0,0,0,1,0,0,0,0,0,5,5,53,27,16,0.04,0,0,0.00,0,0,0,0,0,1,0,0,12,0,0,0,89,9,1,8,2,21,75.0%,10,7,8,0,3,2,0,2,0,0,0,0,0,0,0,0,7,6,1,0,0,0,0,0,0,0,0,0,0,0,0,0,0,0,0,0,0,0,7,0,1,10,42,37,1,54.7%,81.1%,23,4,16,4,21,28,0,19.9,3,100.0%,1,0.00,0,0,0,0,0,0,69.0%,17,4,0,0.00,0.04,0.04,0,1,0.04,1,-,-
130,5,6pi1u2mdt56ns3pqkdjp772s5,245004,224,25,Left Winger,Christopher Lenroy,Nanco,C. Nanco,Forge,c2pdzdl3dgf5b0siidn2ay5ii,15377,6lkj3o21cr4g7bql6tb3fk222,Canadian Premier League (Canada),4,1,0,3,2,1,0,1,0,0,0,0,0,0,0,2,0,2,0,0,0,0,2,0,3,13,1,46,11,21,0.19,2,0,0.79,0,1,0,1,1,12,2,1,10,4,0,0,87,27,1,3,0,5,40.0%,1,0,9,3,1,3,1,0,1,0,0,0,0,0,0,0,3,3,0,0,0,0,0,0,0,0,0,0,0,0,0,0,0,0,0,0,0,0,3,2,4,53,12,22,11,19.6%,69.6%,13,14,5,25,5,16,1,14.3,6,0.0%,4,0.00,20,1,0,0,5,5,44.4%,4,0,1,0.16,0.02,0.19,1,0,0.05,4,20.0%,20.0%
131,4,5gyjio4tvbg4ahjzoass6lxey,442776,157,19,Right Midfielder,Ijah,Halley,I. Halley,York United,cqthcpums3aas2tdy0qhlkuwa,15382,6lkj3o21cr4g7bql6tb3fk222,Canadian Premier League (Canada),2,2,0,2,2,0,0,0,0,0,0,0,0,0,0,0,0,0,0,0,0,0,0,1,1,9,1,40,7,23,0.12,0,0,0.21,0,0,0,3,3,14,1,0,14,2,0,0,83,17,1,1,0,4,66.7%,1,1,7,4,0,1,1,1,5,2,0,0,0,0,0,0,2,2,0,0,0,0,0,0,0,0,0,0,0,0,0,0,0,0,0,0,0,0,4,6,1,50,8,25,7,15.0%,75.0%,11,16,3,24,4,12,1,14.7,1,75.0%,4,0.00,16,1,0,0,3,3,16.7%,2,2,0,0.12,0.00,0.12,3,0,0.06,2,33.3%,33.3%
131,7,6v3jzhrpgs47rzoyw6b8lz6ui,507378,159,20,Right Attacking Midfielder,Max,Ferrari,M. Ferrari,York United,cqthcpums3aas2tdy0qhlkuwa,15382,6lkj3o21cr4g7bql6tb3fk222,Canadian Premier League (Canada),1,7,0,1,1,0,1,0,2,1,1,0,0,0,0,0,0,0,0,0,0,0,0,2,1,7,2,46,9,28,0.26,0,0,0.00,0,0,0,0,0,5,0,0,9,3,0,0,83,22,1,2,1,5,50.0%,1,0,7,7,1,0,1,0,1,1,0,0,0,0,0,0,2,1,1,0,0,0,0,0,0,0,0,0,0,0,0,0,0,0,0,0,0,1,2,0,5,47,9,27,8,28.3%,80.4%,17,19,1,26,3,17,0,13.7,3,20.0%,5,0.00,16,0,0,0,6,6,61.5%,3,1,1,0.26,0.00,0.26,0,0,0.06,4,33.3%,33.3%
133,3,368zrfhpvljc7rvzkl1v0x1bd,199139,89,24,Right Centre Back,Abdoulaye,Samake,A. Samake,Pacific,b3436h8h14zw7f1uv6w9vqf6y,15380,6lkj3o21cr4g7bql6tb3fk222,Canadian Premier League (Canada),2,1,0,0,0,0,0,0,0,0,0,0,0,0,0,0,0,0,0,0,0,0,0,0,0,7,5,61,37,12,0.00,0,0,0.00,0,0,0,0,0,0,0,0,3,0,0,0,72,4,1,1,3,7,100.0%,2,1,5,0,1,1,0,0,0,0,0,0,0,0,0,0,2,2,0,0,0,0,0,0,0,0,0,0,0,0,0,0,0,0,0,0,0,0,4,0,0,1,48,23,0,41.0%,80.3%,18,0,31,0,40,21,0,23.1,0,33.3%,3,0.00,0,0,0,0,0,0,64.0%,4,2,1,0.00,0.00,0.00,0,1,-,0,-,-
134,2,ej15pecwc8l11pif9je6mo962,481763,98,19,Central Midfielder,Scott,Firth,S. Firth,HFX Wanderers,5gmx3o5y2oc0i6rowjwtu7jvu,15376,6lkj3o21cr4g7bql6tb3fk222,Canadian Premier League (Canada),0,1,0,0,0,0,0,0,0,0,0,0,0,0,0,0,0,0,0,0,0,0,0,0,0,6,1,52,25,20,0.00,0,0,0.06,0,0,0,1,1,0,0,0,5,0,0,0,71,4,1,1,3,5,40.0%,0,0,7,0,0,0,1,1,1,0,0,0,0,0,0,0,6,5,1,0,0,0,0,0,0,0,0,0,0,0,0,0,0,0,0,0,0,0,5,0,1,12,15,44,0,23.1%,86.5%,29,7,9,10,10,32,0,14.6,3,-,0,0.00,0,0,0,0,0,0,58.3%,2,2,1,0.00,0.00,0.00,1,0,-,0,-,-
134,2,7z8zzlbmnxxfixcaod718ww0k,511208,82,23,Defensive Midfielder,Samuel,Gardner,S. Gardner,Edmonton,73xrv2025rnj0t3y9ayp83bec,6925,6lkj3o21cr4g7bql6tb3fk222,Canadian Premier League (Canada),0,2,0,0,0,0,0,0,1,0,0,0,0,0,0,0,0,0,0,0,0,0,0,1,0,5,7,50,22,16,0.06,0,0,0.00,0,0,0,0,0,1,0,0,7,1,0,0,71,8,0,3,2,7,75.0%,2,2,1,1,2,0,0,0,0,0,0,0,0,0,0,0,0,0,0,0,0,0,0,0,0,0,0,0,0,0,0,0,0,0,0,0,0,1,0,0,0,13,22,36,1,40.0%,76.0%,21,7,10,8,15,27,0,20.9,1,42.9%,7,0.00,0,0,0,0,2,2,60.0%,3,3,1,0.00,0.06,0.06,0,1,0.06,1,0.0%,0.0%
136,2,63rmd2xbr48c0zzvsj6bn3651,197142,100,26,Defensive Midfielder,Chris,Mannella,C. Mannella,York United,cqthcpums3aas2tdy0qhlkuwa,15382,6lkj3o21cr4g7bql6tb3fk222,Canadian Premier League (Canada),1,1,0,0,0,0,0,0,0,0,0,0,0,0,0,0,0,0,0,0,0,0,0,0,0,9,3,50,26,12,0.00,0,0,0.00,0,0,0,0,0,1,0,0,10,1,0,0,69,11,2,4,1,7,66.7%,0,0,12,0,2,1,0,1,2,0,0,0,0,0,0,0,1,1,0,0,0,0,0,0,0,0,0,0,0,0,0,0,0,0,0,0,0,1,1,0,3,2,26,41,0,20.0%,76.0%,25,0,13,0,17,33,0,22.5,3,0.0%,2,0.00,0,0,0,0,0,0,20.0%,4,3,0,0.00,0.00,0.00,0,0,-,0,-,-
137,6,4v13dz2g71gh5i527t347shyh,224768,232,21,Centre Forward,Shaan,Hundal,S. Hundal,Valour,dd2vf0yzjm7jm7cak9tf11sa2,15378,6lkj3o21cr4g7bql6tb3fk222,Canadian Premier League (Canada),1,4,0,4,2,2,0,0,0,0,0,0,0,0,0,0,0,0,0,0,0,0,0,0,4,8,0,35,14,13,0.26,0,2,0.20,0,0,0,5,5,7,0,0,4,3,0,0,66,25,1,0,0,1,33.3%,0,0,7,6,0,1,0,0,0,3,0,0,0,0,0,0,4,4,0,0,0,0,0,0,0,0,0,0,0,0,0,0,0,0,0,0,0,1,5,4,4,36,5,25,7,20.0%,77.1%,16,9,2,15,2,18,0,13.6,2,0.0%,10,0.00,16,0,0,0,2,2,28.6%,0,0,1,0.26,0.00,0.26,3,1,0.06,4,0.0%,0.0%
137,6,28s4e8xbplnxxbi8dx7544g2y,425652,203,22,Centre Forward,Gabriel,Wiethaeuper-Balbinotti,G. Wiethaeuper-Balbinotti,Forge,c2pdzdl3dgf5b0siidn2ay5ii,15377,6lkj3o21cr4g7bql6tb3fk222,Canadian Premier League (Canada),3,3,0,1,1,0,0,0,4,1,3,0,0,0,0,0,0,0,0,2,0,0,0,0,3,11,3,36,9,13,0.57,0,0,0.00,1,0,0,0,0,3,1,0,10,2,0,0,66,25,0,2,1,4,100.0%,1,0,3,3,0,5,0,0,3,3,1,0,0,0,0,0,3,3,0,0,0,0,0,0,0,0,0,0,0,0,0,0,0,0,0,0,0,1,4,0,6,32,4,30,9,27.8%,61.1%,17,5,0,12,2,22,0,14.0,0,28.6%,14,0.00,12,0,1,0,0,0,20.0%,2,0,2,0.57,0.00,0.57,0,0,0.11,5,-,-
139,5,dpee0p2qzqrzcefewdtey4vyt,31866,164,33,Centre Forward,Daryl,Fordyce,D. Fordyce,Valour,dd2vf0yzjm7jm7cak9tf11sa2,15378,6lkj3o21cr4g7bql6tb3fk222,Canadian Premier League (Canada),2,3,0,3,3,0,0,0,3,2,1,1,0,1,0,1,0,0,0,1,1,0,1,0,4,12,3,40,10,15,1.51,1,0,0.00,3,0,0,0,0,3,0,0,8,2,0,0,63,12,2,0,1,4,100.0%,1,1,3,3,0,2,2,0,1,1,0,0,0,0,0,0,5,5,0,0,0,0,0,0,0,0,0,0,0,0,0,0,0,0,0,0,0,0,5,0,0,26,3,34,5,25.0%,62.5%,15,10,0,14,0,26,0,18.0,0,12.5%,8,0.00,27,0,3,1,1,1,30.0%,3,0,1,0.30,1.21,0.72,0,0,0.25,6,0.0%,0.0%
139,3,zrowi3rzq9fndgtn1qozene1,421828,102,20,Centre Forward,José,Hernández,J. Hernández,Cavalry,41ewt71n8fqwy6trsqta1bjvu,15381,6lkj3o21cr4g7bql6tb3fk222,Canadian Premier League (Canada),1,2,0,0,0,0,0,0,1,0,0,0,0,0,0,0,0,0,0,1,0,0,0,0,0,6,0,33,6,21,0.03,0,0,0.44,0,1,0,2,2,0,0,0,10,0,0,0,63,21,1,3,0,7,66.7%,3,2,5,3,1,1,0,0,2,2,0,0,0,0,0,0,3,3,0,0,0,0,0,0,0,0,0,0,0,0,0,0,0,0,0,0,0,1,6,0,8,26,10,27,4,42.4%,81.8%,14,10,3,12,3,18,0,12.1,2,36.4%,11,0.00,0,0,0,0,1,1,71.4%,6,1,0,0.00,0.03,0.03,2,0,0.03,1,0.0%,0.0%
141,4,8v158n3stjodma3bjlj4yg639,124576,140,30,Central Defender,Kareem,Moses,K. Moses,Edmonton,73xrv2025rnj0t3y9ayp83bec,6925,6lkj3o21cr4g7bql6tb3fk222,Canadian Premier League (Canada),1,2,0,0,0,0,0,0,3,0,0,0,0,0,0,0,0,0,0,3,0,0,0,0,0,6,1,36,20,9,0.44,0,0,0.00,1,0,0,0,0,0,0,0,5,0,0,0,62,7,2,1,1,14,100.0%,10,3,4,0,1,2,0,1,0,0,0,0,0,0,0,0,5,5,0,0,0,0,0,0,0,0,0,0,0,0,0,0,0,0,0,0,0,0,6,0,0,3,35,24,3,36.1%,80.6%,14,0,15,0,19,17,0,24.5,0,20.0%,5,0.00,0,0,1,0,0,0,61.5%,11,3,0,0.00,0.44,0.44,0,0,0.15,3,-,-
141,2,6re26cen7xbrynezb3rerst05,112657,130,26,Centre Attacking Midfielder,Sergio,Camargo,S. Camargo,Cavalry,41ewt71n8fqwy6trsqta1bjvu,15381,6lkj3o21cr4g7bql6tb3fk222,Canadian Premier League (Canada),2,0,0,1,1,0,1,0,2,1,0,1,1,0,0,1,0,0,0,0,0,0,1,0,3,8,0,38,11,19,0.97,1,0,0.08,1,0,0,1,1,5,0,0,7,3,0,0,62,5,3,0,0,3,75.0%,0,0,6,1,0,0,1,0,0,1,0,0,0,0,0,0,2,2,0,0,0,0,0,0,0,0,0,0,0,0,0,0,0,0,0,0,0,1,1,2,1,32,0,30,8,18.4%,78.9%,16,14,0,16,0,22,1,15.5,1,0.0%,1,0.00,22,1,1,1,4,4,42.9%,0,2,1,0.09,0.88,0.18,1,0,0.24,4,0.0%,0.0%
143,1,a1597r3xcvhmgmcflykyib4lw,511188,90,18,Right Centre Back,Luke,Green,L. Green,HFX Wanderers,5gmx3o5y2oc0i6rowjwtu7jvu,15376,6lkj3o21cr4g7bql6tb3fk222,Canadian Premier League (Canada),0,0,0,0,0,0,0,0,0,0,0,0,0,0,0,0,0,0,0,0,0,0,0,0,0,10,2,48,27,9,0.00,0,0,0.00,0,0,0,0,0,0,0,0,3,0,0,0,59,4,0,1,1,5,50.0%,3,0,8,0,0,0,0,1,0,0,0,0,0,0,0,0,5,5,0,0,0,0,0,0,0,0,0,0,0,0,0,0,0,0,0,0,0,0,5,0,1,0,39,20,0,52.1%,75.0%,11,0,25,0,30,18,0,21.4,1,33.3%,3,0.00,0,0,0,0,0,0,56.0%,5,0,0,0.00,0.00,0.00,0,0,-,0,-,-
144,5,70nre4jhk68koi0istju9v9ey,501440,124,26,Centre Forward,Ibrahima,Sanoh,I. Sanoh,HFX Wanderers,5gmx3o5y2oc0i6rowjwtu7jvu,15376,6lkj3o21cr4g7bql6tb3fk222,Canadian Premier League (Canada),2,3,0,1,1,0,0,1,2,1,1,1,1,0,0,1,0,0,0,0,0,0,1,1,2,12,1,29,5,11,1.30,1,0,0.04,2,0,0,1,1,3,0,0,9,0,0,0,58,15,0,0,0,0,0.0%,0,0,7,0,1,0,0,0,2,1,0,0,0,0,0,0,5,4,1,0,0,0,0,0,0,0,0,0,0,0,0,0,0,0,0,0,0,0,5,2,4,32,1,25,5,24.1%,55.2%,10,6,0,13,1,15,0,11.1,1,50.0%,14,0.00,18,0,2,1,1,1,14.3%,0,0,0,0.51,0.79,0.51,1,0,0.32,4,0.0%,0.0%
145,1,9u43821bgzomf56br5toaywdm,485988,90,20,Goalkeeper,Baj,Maan,B. Maan,Forge,c2pdzdl3dgf5b0siidn2ay5ii,15377,6lkj3o21cr4g7bql6tb3fk222,Canadian Premier League (Canada),0,0,0,0,0,0,0,0,0,0,0,0,0,0,0,0,0,0,0,0,0,0,0,0,0,5,2,26,18,1,0.00,0,0,0.00,0,0,0,0,0,0,0,0,2,0,0,0,45,0,0,0,0,1,-,1,0,1,0,0,0,0,2,0,0,0,2,0,0,0,1,2,2,0,0,6,1,0,3,3,0,0,5,3,3,0,3,0,2,0,0,0,0,4,0,0,0,45,0,0,46.2%,73.1%,0,0,19,0,26,0,0,30.8,0,100.0%,2,1.56,0,0,0,0,0,0,41.7%,1,0,0,0.00,0.00,0.00,0,0,-,0,-,-
146,1,92cutl9629yad2jm1srr6rzzd,421830,90,20,Left Centre Back,Yohan,Le Bourhis,Y. Le Bourhis,Valour,dd2vf0yzjm7jm7cak9tf11sa2,15378,6lkj3o21cr4g7bql6tb3fk222,Canadian Premier League (Canada),0,0,0,2,2,0,0,0,0,0,0,0,0,0,0,1,0,0,1,0,2,0,0,0,0,4,5,36,20,7,0.47,1,0,0.00,1,0,0,0,0,0,0,0,4,0,0,0,44,3,0,0,0,1,-,1,0,4,1,0,1,0,0,0,0,0,0,0,0,0,0,2,2,0,0,0,0,0,0,0,0,0,0,0,0,0,0,0,0,0,0,0,0,5,0,0,6,32,6,4,58.3%,75.0%,5,0,22,2,28,6,0,19.8,0,66.7%,6,0.00,0,0,1,1,0,0,61.9%,1,0,0,0.00,0.47,0.47,0,1,0.23,2,-,-
147,4,3noqd54py6sbd1ph9xbj7tkyy,501431,80,20,Left Attacking Midfielder,Solomon Kojo,Antwi,S. Antwi,Valour,dd2vf0yzjm7jm7cak9tf11sa2,15378,6lkj3o21cr4g7bql6tb3fk222,Canadian Premier League (Canada),1,3,0,0,0,0,0,0,1,1,0,0,0,0,0,0,0,0,0,0,0,0,0,0,1,5,1,23,6,11,0.02,0,0,0.00,0,0,0,0,0,2,0,0,5,0,0,0,43,13,1,3,1,5,44.4%,0,0,5,1,0,2,0,0,1,0,0,0,0,0,0,0,0,0,0,0,0,0,0,0,0,0,0,0,0,0,0,0,0,0,0,0,0,0,1,0,2,17,9,17,5,13.0%,73.9%,8,7,2,9,3,11,0,10.6,5,0.0%,1,0.00,33,0,0,0,0,0,33.3%,4,1,0,0.02,0.00,0.02,0,0,0.02,1,-,-
148,3,6ptroe7b9vgzimcvzo2fehcr9,167890,130,25,Right Attacking Midfielder,Michael,Petrasso,M. Petrasso,York United,cqthcpums3aas2tdy0qhlkuwa,15382,6lkj3o21cr4g7bql6tb3fk222,Canadian Premier League (Canada),2,1,0,1,1,0,0,0,4,1,2,0,0,0,0,0,0,0,0,1,0,0,0,1,3,2,1,19,6,10,0.58,0,0,0.00,1,0,0,0,0,1,0,0,4,0,0,0,42,6,0,0,0,2,-,2,1,3,0,0,1,1,0,2,0,0,0,0,0,0,0,1,1,0,0,0,0,0,0,0,0,0,0,0,0,0,0,0,0,0,0,0,0,0,0,2,21,5,16,4,21.1%,84.2%,9,6,1,7,1,11,0,16.7,0,25.0%,4,0.00,14,0,1,0,4,4,50.0%,2,0,0,0.28,0.29,0.58,0,0,0.12,5,0.0%,0.0%
149,6,ekpuqpny9mue83orafcamp2i,490180,67,17,Centre Attacking Midfielder,Aribim,Pepple,A. Pepple,Cavalry,41ewt71n8fqwy6trsqta1bjvu,15381,6lkj3o21cr4g7bql6tb3fk222,Canadian Premier League (Canada),0,6,0,1,1,0,0,1,1,0,1,0,0,0,0,0,0,0,0,1,0,0,0,1,0,3,0,13,3,7,0.36,0,0,0.07,1,0,0,1,1,4,1,0,4,1,0,0,41,12,1,1,1,3,66.7%,0,0,4,1,0,1,0,0,0,1,0,0,0,0,0,0,0,0,0,0,0,0,0,0,0,0,0,0,0,0,0,0,0,0,0,0,0,0,0,2,5,25,5,11,6,46.2%,76.9%,3,6,1,7,1,5,0,12.2,1,33.3%,3,0.00,15,0,1,0,1,1,66.7%,2,0,1,0.36,0.00,0.36,1,0,0.12,3,0.0%,0.0%
150,1,ay1hg91asmcve43pfqesll562,481620,90,24,Goalkeeper,Dylon,Powley,D. Powley,Edmonton,73xrv2025rnj0t3y9ayp83bec,6925,6lkj3o21cr4g7bql6tb3fk222,Canadian Premier League (Canada),0,0,0,0,0,0,0,0,0,0,0,0,0,0,0,0,0,0,0,0,0,0,0,0,0,5,2,31,21,3,0.00,0,0,0.00,0,0,0,0,0,1,0,0,1,1,0,0,38,0,0,0,0,0,-,0,0,2,0,0,0,0,0,0,0,0,0,0,0,0,0,1,0,1,0,3,0,0,1,3,0,0,3,1,2,0,2,0,0,0,0,0,0,1,0,0,0,38,0,0,38.7%,77.4%,0,0,24,0,31,0,0,30.8,0,-,0,1.12,0,0,0,0,0,0,58.3%,0,0,0,0.00,0.00,0.00,0,0,-,0,-,-
150,4,a6i4npit5smx1zcpgucou9y0a,510378,128,17,Second Striker,Lowell,Wright,L. Wright,York United,cqthcpums3aas2tdy0qhlkuwa,15382,6lkj3o21cr4g7bql6tb3fk222,Canadian Premier League (Canada),1,3,0,1,1,0,0,0,2,0,1,0,0,0,0,1,0,1,0,1,0,0,1,0,2,8,0,19,0,11,0.80,1,0,0.00,2,0,0,0,0,3,0,0,4,0,0,0,38,10,1,2,0,5,100.0%,2,2,1,1,0,1,0,0,0,0,0,0,0,0,0,0,0,0,0,0,0,0,0,0,0,0,0,0,0,0,0,0,0,0,0,0,0,0,2,0,2,21,2,15,7,15.8%,57.9%,4,7,0,11,0,8,0,12.0,0,25.0%,4,0.00,10,0,2,1,0,0,0.0%,2,3,0,0.48,0.32,0.80,0,0,0.27,3,-,-
152,2,7pb4kdsbaj2dfwo99st2v7g7p,44082,70,32,Left Attacking Midfielder,Arnold,Bouka Moutou,A. Bouka,Valour,dd2vf0yzjm7jm7cak9tf11sa2,15378,6lkj3o21cr4g7bql6tb3fk222,Canadian Premier League (Canada),2,1,0,0,0,0,0,0,0,0,0,0,0,0,0,0,0,0,0,0,0,0,0,0,0,2,6,17,3,6,0.00,0,0,0.00,0,0,0,0,0,2,0,0,5,0,0,0,34,6,1,1,1,3,100.0%,0,0,4,0,1,0,0,1,1,0,0,0,0,0,0,0,3,3,0,0,0,0,0,0,0,0,0,0,0,0,0,0,0,0,0,0,0,0,3,0,1,6,19,9,0,82.4%,52.9%,4,1,4,1,10,6,0,19.5,0,33.3%,3,0.00,0,0,0,0,2,2,42.9%,3,0,0,0.00,0.00,0.00,0,0,-,0,0.0%,0.0%
153,4,2scpcmidt9xp5k5jljwfh9bs9,245598,71,24,Left Winger,Jair Ayrton,Córdova Carpio,J. Córdova,Cavalry,41ewt71n8fqwy6trsqta1bjvu,15381,6lkj3o21cr4g7bql6tb3fk222,Canadian Premier League (Canada),0,4,0,1,1,0,0,0,1,1,0,0,0,0,0,1,0,1,0,0,0,1,0,2,0,8,1,24,3,12,0.66,1,0,0.04,1,0,0,1,1,0,0,0,4,0,0,0,32,9,0,0,0,2,0.0%,1,1,5,0,0,0,0,0,1,1,0,0,0,0,0,0,0,0,0,0,0,0,0,0,0,0,0,0,0,0,0,0,0,0,0,0,0,0,1,0,1,13,2,17,5,41.7%,62.5%,9,5,1,9,1,14,0,14.6,1,30.0%,10,0.00,5,0,1,1,0,0,40.0%,1,1,0,0.62,0.04,0.66,1,0,0.33,2,-,-
153,2,dvm23d66qze0kmrzxft68a0ru,483640,62,26,Central Midfielder,Matthew,Arnone,M. Arnone,York United,cqthcpums3aas2tdy0qhlkuwa,15382,6lkj3o21cr4g7bql6tb3fk222,Canadian Premier League (Canada),1,1,0,0,0,0,0,0,0,0,0,0,0,0,0,0,0,0,0,0,0,0,0,0,0,3,2,24,13,6,0.00,0,0,0.00,0,0,0,0,0,0,0,0,2,0,0,0,32,1,0,1,2,4,100.0%,1,0,6,0,0,1,0,0,1,0,0,0,0,0,0,0,3,3,0,0,0,0,0,0,0,0,0,0,0,0,0,0,0,0,0,0,0,0,2,0,0,0,8,24,0,37.5%,79.2%,16,0,3,0,4,20,0,13.9,0,-,0,0.00,0,0,0,0,0,0,55.6%,3,1,0,0.00,0.00,0.00,0,0,-,0,-,-
155,1,207co3fpu5mhbs1r0e6p8vze1,231991,90,26,Goalkeeper,Nikolaos,Giantsopoulos,N. Giantsopoulos,Cavalry,41ewt71n8fqwy6trsqta1bjvu,15381,6lkj3o21cr4g7bql6tb3fk222,Canadian Premier League (Canada),0,0,0,0,0,0,0,0,0,0,0,0,0,0,0,0,0,0,0,0,0,0,0,0,0,5,4,21,11,1,0.00,0,0,0.00,0,0,0,0,0,0,0,0,1,0,0,0,30,0,0,0,0,0,-,0,0,0,0,0,0,0,0,0,0,0,1,0,0,1,1,1,1,0,0,2,0,0,0,2,0,0,2,2,0,0,2,0,0,0,0,0,0,2,0,0,0,30,0,0,52.4%,57.1%,0,0,12,0,21,0,0,31.2,0,100.0%,1,1.24,0,0,0,0,0,0,27.3%,0,0,0,0.00,0.00,0.00,0,0,-,0,-,-
156,1,b4fvyjouvib12km5n7fa11n85,243852,66,29,Left Centre Back,Chakib,Hocine,C. Hocine,Valour,dd2vf0yzjm7jm7cak9tf11sa2,15378,6lkj3o21cr4g7bql6tb3fk222,Canadian Premier League (Canada),1,1,0,0,0,0,0,0,1,0,0,0,0,0,0,0,0,0,0,1,0,0,0,0,0,2,3,23,15,3,0.06,0,0,0.00,0,0,0,0,0,0,0,0,4,0,0,0,29,5,0,1,0,3,100.0%,2,1,2,2,0,1,0,1,0,0,0,0,1,0,0,0,2,1,1,0,0,0,0,0,0,0,0,0,0,0,0,0,0,0,0,0,0,0,1,0,0,2,18,9,1,39.1%,78.3%,6,0,12,1,14,8,0,17.6,0,40.0%,5,0.00,0,0,0,0,0,0,66.7%,3,0,0,0.00,0.06,0.06,0,0,0.06,1,-,-
156,3,bh7fb8v7o5wynmapdhlth594a,486673,97,17,Central Midfielder,Antoine,Coupland,A. Coupland,Atlético Ottawa,dn8tjhuq0bax4dgixqvluhzze,16614,6lkj3o21cr4g7bql6tb3fk222,Canadian Premier League (Canada),0,3,0,0,0,0,0,0,0,0,0,0,0,0,0,0,0,0,0,0,0,0,0,0,0,3,0,12,1,8,0.00,0,0,0.00,0,0,0,0,0,3,0,0,9,2,0,0,29,7,1,3,0,5,80.0%,0,0,1,3,0,1,1,1,0,0,0,0,0,0,0,0,7,6,1,0,0,0,0,0,0,0,0,0,0,0,0,0,0,0,0,0,0,1,5,2,3,14,7,8,0,16.7%,75.0%,2,6,1,8,1,3,0,8.4,1,100.0%,1,0.00,0,0,0,0,0,0,50.0%,4,1,0,0.00,0.00,0.00,0,0,-,0,-,-
158,2,6dkbzo16tym6q7a562x9krsh5,221327,87,24,Centre Forward,Gabriel,Monteiro Vasconcelos,Gabriel Vasconcelos,York United,cqthcpums3aas2tdy0qhlkuwa,15382,6lkj3o21cr4g7bql6tb3fk222,Canadian Premier League (Canada),1,1,0,0,0,0,0,0,1,0,1,0,0,0,0,0,0,0,0,0,0,0,0,0,1,4,0,19,4,11,0.05,0,0,0.00,0,0,0,0,0,1,0,0,1,0,0,0,28,3,1,0,0,1,100.0%,0,0,2,0,0,1,0,0,0,1,0,0,0,0,0,0,3,2,1,0,0,0,0,0,0,0,0,0,0,0,0,0,0,0,0,0,0,0,3,0,1,15,3,10,2,36.8%,78.9%,8,6,1,9,1,9,0,13.4,0,-,0,0.00,16,0,0,0,0,0,57.1%,0,1,0,0.05,0.00,0.05,0,0,0.05,1,-,-
158,2,2bvfol1n1otgzral4w8j0ci22,434685,54,20,Centre Forward,David,Doe,D. Doe,Edmonton,73xrv2025rnj0t3y9ayp83bec,6925,6lkj3o21cr4g7bql6tb3fk222,Canadian Premier League (Canada),1,2,0,0,0,0,0,0,0,0,0,0,0,0,0,0,0,0,0,0,0,0,0,0,0,8,0,14,5,1,0.00,0,0,0.00,0,0,0,0,0,2,0,0,5,1,0,0,28,7,1,1,1,3,66.7%,0,0,3,0,1,1,0,1,0,1,0,0,0,0,0,0,3,3,0,0,0,0,0,0,0,0,0,0,0,0,0,0,0,0,0,0,0,0,6,0,1,6,3,19,0,35.7%,42.9%,5,1,0,2,0,12,0,16.3,1,33.3%,3,0.00,0,0,0,0,1,1,0.0%,1,2,0,0.00,0.00,0.00,0,0,-,0,0.0%,0.0%
160,1,4sra86gx8tgu6sbmue1v5ti7e,509317,90,18,Goalkeeper,Ezequiel,Carrasco,E. Carrasco,York United,cqthcpums3aas2tdy0qhlkuwa,15382,6lkj3o21cr4g7bql6tb3fk222,Canadian Premier League (Canada),0,0,0,0,0,0,0,0,0,0,0,0,0,0,0,0,0,0,0,0,0,0,0,0,0,1,2,22,18,1,0.00,0,0,0.00,0,0,0,0,0,0,0,0,0,0,0,0,25,0,0,0,0,0,-,0,0,2,0,0,0,0,0,0,0,0,0,0,0,0,0,1,0,1,0,1,0,0,1,0,0,0,1,1,0,0,0,0,0,1,0,0,0,2,0,0,0,25,0,0,36.4%,86.4%,0,0,19,0,22,0,0,24.2,0,-,0,1.10,0,0,0,0,0,0,62.5%,0,0,0,0.00,0.00,0.00,0,0,-,0,-,-
161,3,3e7gd7j0811kh4ibwd2wfr84p,484575,51,29,Centre Forward,Maksym,Kowal,M. Kowal,Atlético Ottawa,dn8tjhuq0bax4dgixqvluhzze,16614,6lkj3o21cr4g7bql6tb3fk222,Canadian Premier League (Canada),0,3,0,0,0,0,0,0,0,0,0,0,0,0,0,0,0,0,0,0,0,0,0,0,0,3,2,12,2,5,0.00,0,0,0.00,0,0,0,0,0,0,0,0,3,0,0,0,23,10,0,0,2,2,0.0%,0,0,1,0,0,1,0,1,0,0,0,0,0,0,0,0,4,4,0,0,0,0,0,0,0,0,0,0,0,0,0,0,0,0,0,0,0,0,4,0,1,11,2,10,0,16.7%,58.3%,5,2,0,4,1,7,0,12.5,2,22.2%,9,0.00,0,0,0,0,0,0,0.0%,0,1,1,0.00,0.00,0.00,0,0,-,0,-,-
162,1,6qm5qftpaq8l38b3irrum4bqi,425633,26,21,Left Back,Raphaël,Garcia,R. Garcia,Valour,dd2vf0yzjm7jm7cak9tf11sa2,15378,6lkj3o21cr4g7bql6tb3fk222,Canadian Premier League (Canada),0,1,0,1,1,0,0,0,0,0,0,0,0,0,0,0,0,0,0,0,0,0,0,0,1,0,0,6,3,3,0.25,0,0,0.00,1,0,0,0,0,0,0,0,2,0,0,0,14,2,2,0,1,4,66.7%,1,1,1,0,0,0,0,0,0,0,0,0,0,0,0,0,1,1,0,0,0,0,0,0,0,0,0,0,0,0,0,0,0,0,0,0,0,0,4,0,0,3,6,5,1,33.3%,100.0%,3,2,1,2,1,3,0,14.9,1,0.0%,1,0.00,7,0,1,0,0,0,100.0%,2,2,0,0.25,0.00,0.25,0,0,0.25,1,-,-
163,3,6z58yyouaevipxrmrmorcz0no,509124,18,19,Central Midfielder,Isaiah,Johnston,I. Johnston,York United,cqthcpums3aas2tdy0qhlkuwa,15382,6lkj3o21cr4g7bql6tb3fk222,Canadian Premier League (Canada),0,3,0,0,0,0,0,0,0,0,0,0,0,0,0,0,0,0,0,0,0,0,0,0,0,1,0,9,0,8,0.00,0,0,0.00,0,0,0,0,0,0,0,0,2,0,0,0,13,1,0,2,0,2,100.0%,0,0,2,0,0,1,0,0,0,0,0,0,0,0,0,0,1,1,0,0,0,0,0,0,0,0,0,0,0,0,0,0,0,0,0,0,0,0,0,0,0,7,1,5,0,44.4%,88.9%,3,5,0,5,0,4,0,18.5,0,-,0,0.00,0,0,0,0,0,0,75.0%,1,1,0,0.00,0.00,0.00,0,0,-,0,-,-
164,1,1hdfhtafk7cehetym09wbhpm,484659,28,23,Second Striker,Jace,Kotsopoulos,J. Kotsopoulos,York United,cqthcpums3aas2tdy0qhlkuwa,15382,6lkj3o21cr4g7bql6tb3fk222,Canadian Premier League (Canada),0,1,0,0,0,0,0,0,0,0,0,0,0,0,0,0,0,0,0,0,0,0,0,0,0,2,1,7,2,2,0.00,0,0,0.00,0,0,0,0,0,0,0,0,3,0,0,0,11,1,0,2,0,2,100.0%,0,0,1,0,0,0,0,0,0,0,0,0,0,0,0,0,0,0,0,0,0,0,0,0,0,0,0,0,0,0,0,0,0,0,0,0,0,0,0,0,1,7,1,3,2,0.0%,57.1%,2,2,0,4,0,3,0,12.3,0,100.0%,1,0.00,0,0,0,0,0,0,-,1,0,1,0.00,0.00,0.00,0,0,-,0,-,-
165,1,3mdoaxl9nv5pgiya30nqm3qi,491825,7,25,Right Midfielder,Oluwatofarati,Fakunle,O.Fakunle,Cavalry,41ewt71n8fqwy6trsqta1bjvu,15381,6lkj3o21cr4g7bql6tb3fk222,Canadian Premier League (Canada),0,1,0,0,0,0,0,0,1,0,0,0,0,0,0,0,0,0,0,0,0,0,0,0,1,0,1,3,1,1,0.07,0,0,0.00,0,0,0,0,0,0,0,0,0,0,0,0,5,0,0,0,0,0,-,0,0,0,0,0,0,0,0,0,0,0,0,0,0,0,0,0,0,0,0,0,0,0,0,0,0,0,0,0,0,0,0,0,0,0,0,0,0,0,0,0,2,1,2,1,0.0%,66.7%,1,1,0,1,1,1,0,8.4,0,-,0,0.00,0,0,0,0,0,0,-,0,0,0,0.00,0.07,0.07,0,0,0.07,1,-,-
165,1,dddc2rref3vx6g3m9l73rp9be,425629,6,22,Central Midfielder,Michel,Djaozandry,M. Djaozandry,Atlético Ottawa,dn8tjhuq0bax4dgixqvluhzze,16614,6lkj3o21cr4g7bql6tb3fk222,Canadian Premier League (Canada),0,1,0,0,0,0,0,0,0,0,0,0,0,0,0,0,0,0,0,0,0,0,0,0,0,0,0,2,2,0,0.00,0,0,0.00,0,0,0,0,0,0,0,0,1,0,0,0,5,1,0,1,0,1,50.0%,0,0,0,0,0,0,0,0,0,0,0,0,0,0,0,0,1,1,0,0,0,0,0,0,0,0,0,0,0,0,0,0,0,0,0,0,0,0,1,0,0,0,1,4,0,0.0%,100.0%,2,0,0,0,0,2,0,13.4,1,-,0,0.00,0,0,0,0,0,0,-,1,0,0,0.00,0.00,0.00,0,0,-,0,-,-
167,2,6twhs1y8bihm7vc9dib8hgezt,224762,3,21,Central Midfielder,Klaidi,Cela,K. Cela,Forge,c2pdzdl3dgf5b0siidn2ay5ii,15377,6lkj3o21cr4g7bql6tb3fk222,Canadian Premier League (Canada),0,2,0,0,0,0,0,0,0,0,0,0,0,0,0,0,0,0,0,0,0,0,0,0,0,1,0,1,0,0,0.00,0,0,0.00,0,0,0,0,0,0,0,0,0,0,0,0,2,2,0,0,0,0,-,0,0,0,1,0,0,0,0,0,0,0,0,0,0,0,0,0,0,0,0,0,0,0,0,0,0,0,0,0,0,0,0,0,0,0,0,0,1,0,0,1,2,0,0,0,0.0%,0.0%,0,0,0,1,0,0,0,5.4,0,-,0,0.00,0,0,0,0,0,0,-,0,0,0,0.00,0.00,0.00,0,0,-,0,-,-
168,0,cqn9qstqvg761dhxrbjtmrg7p,35117,0,36,Sub - Goalkeeper,Jan-Michael,Williams,J. Williams,HFX Wanderers,5gmx3o5y2oc0i6rowjwtu7jvu,15376,6lkj3o21cr4g7bql6tb3fk222,Canadian Premier League (Canada),0,0,0,0,0,0,0,0,0,0,0,0,0,0,0,0,0,0,0,0,0,0,0,0,0,0,0,0,0,0,0.00,0,0,0.00,0,0,0,0,0,0,0,0,0,0,0,0,0,0,0,0,0,0,-,0,0,0,0,0,0,0,0,0,0,0,0,0,0,0,0,0,0,0,0,0,0,0,0,0,0,0,0,0,0,0,0,0,0,0,0,0,0,0,0,0,0,0,0,0,-,-,0,0,0,0,0,0,0,0.0,0,-,0,0.00,0,0,0,0,0,0,-,0,0,0,0.00,0.00,0.00,0,0,-,0,-,-
168,0,aisfml98z3uznfzhbopr5kmp5,250775,0,29,Sub - Goalkeeper,Mark,Village,M. Village,Pacific,b3436h8h14zw7f1uv6w9vqf6y,15380,6lkj3o21cr4g7bql6tb3fk222,Canadian Premier League (Canada),0,0,0,0,0,0,0,0,0,0,0,0,0,0,0,0,0,0,0,0,0,0,0,0,0,0,0,0,0,0,0.00,0,0,0.00,0,0,0,0,0,0,0,0,0,0,0,0,0,0,0,0,0,0,-,0,0,0,0,0,0,0,0,0,0,0,0,0,0,0,0,0,0,0,0,0,0,0,0,0,0,0,0,0,0,0,0,0,0,0,0,0,0,0,0,0,0,0,0,0,-,-,0,0,0,0,0,0,0,0.0,0,-,0,0.00,0,0,0,0,0,0,-,0,0,0,0.00,0.00,0.00,0,0,-,0,-,-
168,0,f1qvh9qszr743tj8zb3kcvaei,437691,0,18,Sub - Attacker,Matteo,de Brienne,M. de Brienne,Atlético Ottawa,dn8tjhuq0bax4dgixqvluhzze,16614,6lkj3o21cr4g7bql6tb3fk222,Canadian Premier League (Canada),0,0,0,0,0,0,0,0,0,0,0,0,0,0,0,0,0,0,0,0,0,0,0,0,0,0,0,0,0,0,0.00,0,0,0.00,0,0,0,0,0,0,0,0,0,0,0,0,0,0,0,0,0,0,-,0,0,0,0,0,0,0,0,0,0,0,0,0,0,0,0,0,0,0,0,0,0,0,0,0,0,0,0,0,0,0,0,0,0,0,0,0,0,0,0,0,0,0,0,0,-,-,0,0,0,0,0,0,0,0.0,0,-,0,0.00,0,0,0,0,0,0,-,0,0,0,0.00,0.00,0.00,0,0,-,0,-,-
168,0,c760g3hvhvi7nra7gpdrynn1m,463241,0,18,Sub - Midfielder,Julian,Altobelli,J. Altobelli,York United,cqthcpums3aas2tdy0qhlkuwa,15382,6lkj3o21cr4g7bql6tb3fk222,Canadian Premier League (Canada),0,0,0,0,0,0,0,0,0,0,0,0,0,0,0,0,0,0,0,0,0,0,0,0,0,0,0,0,0,0,0.00,0,0,0.00,0,0,0,0,0,0,0,0,0,0,0,0,0,0,0,0,0,0,-,0,0,0,0,0,0,0,0,0,0,0,0,0,0,0,0,0,0,0,0,0,0,0,0,0,0,0,0,0,0,0,0,0,0,0,0,0,0,0,0,0,0,0,0,0,-,-,0,0,0,0,0,0,0,0.0,0,-,0,0.00,0,0,0,0,0,0,-,0,0,0,0.00,0.00,0.00,0,0,-,0,-,-
168,0,re7nvdow49fwtuubuavwbvxm,481742,0,29,Sub - Goalkeeper,Matthew,Silva,M. Silva,Valour,dd2vf0yzjm7jm7cak9tf11sa2,15378,6lkj3o21cr4g7bql6tb3fk222,Canadian Premier League (Canada),0,0,0,0,0,0,0,0,0,0,0,0,0,0,0,0,0,0,0,0,0,0,0,0,0,0,0,0,0,0,0.00,0,0,0.00,0,0,0,0,0,0,0,0,0,0,0,0,0,0,0,0,0,0,-,0,0,0,0,0,0,0,0,0,0,0,0,0,0,0,0,0,0,0,0,0,0,0,0,0,0,0,0,0,0,0,0,0,0,0,0,0,0,0,0,0,0,0,0,0,-,-,0,0,0,0,0,0,0,0.0,0,-,0,0.00,0,0,0,0,0,0,-,0,0,0,0.00,0.00,0.00,0,0,-,0,-,-
168,0,aqlfj6fs43bg5zk0g7kb7y61g,511174,0,27,Sub - Goalkeeper,Horace Patient,Sobze Zemo,H. Sobze Zemo,Atlético Ottawa,dn8tjhuq0bax4dgixqvluhzze,16614,6lkj3o21cr4g7bql6tb3fk222,Canadian Premier League (Canada),0,0,0,0,0,0,0,0,0,0,0,0,0,0,0,0,0,0,0,0,0,0,0,0,0,0,0,0,0,0,0.00,0,0,0.00,0,0,0,0,0,0,0,0,0,0,0,0,0,0,0,0,0,0,-,0,0,0,0,0,0,0,0,0,0,0,0,0,0,0,0,0,0,0,0,0,0,0,0,0,0,0,0,0,0,0,0,0,0,0,0,0,0,0,0,0,0,0,0,0,-,-,0,0,0,0,0,0,0,0.0,0,-,0,0.00,0,0,0,0,0,0,-,0,0,0,0.00,0.00,0.00,0,0,-,0,-,-
168,0,b74rxqiqehzleh57583n4eor9,185120,0,27,Sub - Goalkeeper,Richard,Soares Gomes,R. Gomes,Atlético Ottawa,dn8tjhuq0bax4dgixqvluhzze,16614,6lkj3o21cr4g7bql6tb3fk222,Canadian Premier League (Canada),0,0,0,0,0,0,0,0,0,0,0,0,0,0,0,0,0,0,0,0,0,0,0,0,0,0,0,0,0,0,0.00,0,0,0.00,0,0,0,0,0,0,0,0,0,0,0,0,0,0,0,0,0,0,-,0,0,0,0,0,0,0,0,0,0,0,0,0,0,0,0,0,0,0,0,0,0,0,0,0,0,0,0,0,0,0,0,0,0,0,0,0,0,0,0,0,0,0,0,0,-,-,0,0,0,0,0,0,0,0.0,0,-,0,0.00,0,0,0,0,0,0,-,0,0,0,0.00,0.00,0.00,0,0,-,0,-,-
168,0,axy7jv9pox8m702lte7qts0es,512752,0,,Sub - Goalkeeper,Evan,Couturier,E. Couturier,York United,cqthcpums3aas2tdy0qhlkuwa,15382,6lkj3o21cr4g7bql6tb3fk222,Canadian Premier League (Canada),0,0,0,0,0,0,0,0,0,0,0,0,0,0,0,0,0,0,0,0,0,0,0,0,0,0,0,0,0,0,0.00,0,0,0.00,0,0,0,0,0,0,0,0,0,0,0,0,0,0,0,0,0,0,-,0,0,0,0,0,0,0,0,0,0,0,0,0,0,0,0,0,0,0,0,0,0,0,0,0,0,0,0,0,0,0,0,0,0,0,0,0,0,0,0,0,0,0,0,0,-,-,0,0,0,0,0,0,0,0.0,0,-,0,0.00,0,0,0,0,0,0,-,0,0,0,0.00,0.00,0.00,0,0,-,0,-,-
